scorer,fraction,qini,uplift,lift,incremental,outcome,estimator
s_learner,0.0,0.0,0.0,0.0,0.0,visit,ipw
s_learner,0.01,0.0017886120723841006,0.001770958847274813,0.17771318865193753,4951.18466540272,visit,ipw
s_learner,0.02,0.0029740151790648398,0.0029575932317062667,0.1481672831164279,8268.7354807012,visit,ipw
s_learner,0.03,0.003783308640338122,0.003765112935220972,0.12568462645109058,10526.370760710692,visit,ipw
s_learner,0.04,0.004322539918105248,0.00430758761547682,0.10780607870952136,12043.002455673624,visit,ipw
s_learner,0.05,0.0048863486931267465,0.0048757296710195954,0.0975872601002527,13631.394098710633,visit,ipw
s_learner,0.06,0.005203900307155388,0.005199473847238785,0.08671164778974366,14536.50671794314,visit,ipw
s_learner,0.07,0.005445505120781001,0.0054418384439673525,0.07778003754231871,15214.10116154389,visit,ipw
s_learner,0.08,0.0056967829783242645,0.005694241167838522,0.07121132646749803,15919.759849129918,visit,ipw
s_learner,0.09,0.005987041181507243,0.005984863567810747,0.06652541337958412,16732.271767393442,visit,ipw
s_learner,0.1,0.006264351627227085,0.006265054472484375,0.0626718351828745,17515.619676770417,visit,ipw
s_learner,0.11,0.006480654155683788,0.006482791578222503,0.05895206132258407,18124.361444360737,visit,ipw
s_learner,0.12,0.006523770027459408,0.0065243038196586625,0.054381794096986014,18240.419913783386,visit,ipw
s_learner,0.13,0.006583415510326528,0.006584854438467949,0.05066279868184059,18409.705211287906,visit,ipw
s_learner,0.14,0.006731827808838815,0.006733640011153743,0.04810571186621165,18825.674699821568,visit,ipw
s_learner,0.15,0.0068146502044774656,0.006815500507588055,0.04544312975748829,19054.537406186268,visit,ipw
s_learner,0.16,0.006903686523208668,0.006906308405607977,0.0431697719754274,19308.414944258682,visit,ipw
s_learner,0.17,0.00701367288238981,0.007017111979017005,0.04128183889189399,19618.19569064859,visit,ipw
s_learner,0.18,0.007044143161449342,0.00704723337166126,0.039155016714208485,19702.40802431761,visit,ipw
s_learner,0.19,0.00715199683698393,0.007156345569404545,0.0376680761767276,20007.460081911307,visit,ipw
s_learner,0.2,0.007220802303568875,0.007225474394147973,0.036130165969983946,20200.728026863086,visit,ipw
s_learner,0.21,0.0073198393478720175,0.007326037904454508,0.03488834684750022,20481.879963789783,visit,ipw
s_learner,0.22,0.007319925621515741,0.007325146123854777,0.03329842635581487,20479.386754849842,visit,ipw
s_learner,0.23,0.007302211683588689,0.007307031451723845,0.03177184054702634,20428.74238950421,visit,ipw
s_learner,0.24,0.00739514571995868,0.0074004126083786256,0.030837092826651008,20689.814153864056,visit,ipw
s_learner,0.25,0.007415522751127421,0.007421584530505571,0.029688441179612668,20749.00587157864,visit,ipw
s_learner,0.26,0.007469018733448044,0.0074758070652286655,0.028755509321585382,20900.59933342185,visit,ipw
s_learner,0.27,0.007475297485208778,0.007480997386064505,0.027709700321327912,20915.110250471374,visit,ipw
s_learner,0.28,0.007422202741779945,0.007426056596844412,0.02652367908781772,20761.5087178834,visit,ipw
s_learner,0.29,0.007431737701163092,0.0074350852286403,0.02564013230317916,20786.75065016554,visit,ipw
s_learner,0.3,0.007466835160347875,0.007469807609740601,0.024901354996576586,20883.82626607532,visit,ipw
s_learner,0.31,0.007476600054905433,0.007479889410170018,0.02413064857325481,20912.01261030494,visit,ipw
s_learner,0.32,0.007495247644134145,0.007499220491579195,0.02343691072287314,20966.05777007026,visit,ipw
s_learner,0.33,0.0075019218200775934,0.0075050964071794275,0.02274476034420969,20982.485448928997,visit,ipw
s_learner,0.34,0.007488130472457663,0.0074909272158339354,0.022034199518671235,20942.87172045704,visit,ipw
s_learner,0.35000000000000003,0.0074923067467808245,0.007495325227993557,0.021417151670952886,20955.167528683458,visit,ipw
s_learner,0.36,0.0074822679584028275,0.007484506755096719,0.020792011764003276,20924.921621392994,visit,ipw
s_learner,0.37,0.007494804475160279,0.00749698472834317,0.020263680954625954,20959.8071015882,visit,ipw
s_learner,0.38,0.00750313797461199,0.007505628229201654,0.019753135856291335,20983.972298296063,visit,ipw
s_learner,0.39,0.007470279733225546,0.007472417045983093,0.019161383260517195,20891.121636449992,visit,ipw
s_learner,0.4,0.007478180050845485,0.0074799255826222665,0.018701175133252618,20912.113739978937,visit,ipw
s_learner,0.41000000000000003,0.007496140947233888,0.007498533929984061,0.01829040613107588,20964.138305229553,visit,ipw
s_learner,0.42,0.007469652418124897,0.007471667971423221,0.017790878099469887,20889.027400053823,visit,ipw
s_learner,0.43,0.007507853344353543,0.0075107621625906534,0.017468018363085744,20998.32556929834,visit,ipw
s_learner,0.44,0.007534028632634584,0.007537245834847696,0.017131161408018056,21072.36769182671,visit,ipw
s_learner,0.45,0.007565787940951899,0.007569001280758797,0.01682099663250486,21161.148454338505,visit,ipw
s_learner,0.46,0.0075538078579228006,0.00755634391043514,0.016427718190883775,21125.76142208349,visit,ipw
s_learner,0.47000000000000003,0.007561871129121011,0.007564284089251087,0.016095037283721678,21147.96029567932,visit,ipw
s_learner,0.48,0.007564793275489237,0.007566870996922848,0.015765062227917806,21155.19268146567,visit,ipw
s_learner,0.49,0.007526826975963354,0.007528170522111883,0.015364410783476251,21046.995250609096,visit,ipw
s_learner,0.5,0.007537337523693593,0.007539175563432906,0.015079112930494756,21077.76275935986,visit,ipw
s_learner,0.51,0.007540794246044949,0.007542902113341767,0.014790740779127703,21088.181316963277,visit,ipw
s_learner,0.52,0.007542710257908815,0.007544528596295995,0.014509398254462486,21092.728580991406,visit,ipw
s_learner,0.53,0.007519696153389778,0.007520383666343287,0.014190155497944779,21025.22503221441,visit,ipw
s_learner,0.54,0.007534948696350296,0.0075358705219483,0.013956026241354738,21068.522640233274,visit,ipw
s_learner,0.55,0.0075285664297336345,0.007529396693021011,0.013690495384741902,21050.423336254215,visit,ipw
s_learner,0.56,0.007539069164679089,0.007539933743313972,0.013464813580556886,21079.882452093843,visit,ipw
s_learner,0.5700000000000001,0.007549474272335373,0.00755030114815789,0.013246746013769961,21108.86727913385,visit,ipw
s_learner,0.58,0.00757694861519023,0.007578145354315374,0.013066352883989427,21186.713134648442,visit,ipw
s_learner,0.59,0.007562823770394553,0.007563777661430152,0.012820508920735683,21146.54444253005,visit,ipw
s_learner,0.6,0.007559378126378103,0.007560328249290057,0.01260106576436043,21136.900696985667,visit,ipw
s_learner,0.61,0.007575687230770633,0.007577102172098302,0.012421981157499568,21183.796642374025,visit,ipw
s_learner,0.62,0.007579185527852766,0.007580345516586955,0.012226833625881332,21192.864271202074,visit,ipw
s_learner,0.63,0.007591576024819291,0.007593118062067767,0.01205301472860161,21228.57330612407,visit,ipw
s_learner,0.64,0.007603284964378007,0.007604947831019135,0.011883157984130636,21261.646559473465,visit,ipw
s_learner,0.65,0.007611707639060332,0.0076135252574144625,0.011713522639626738,21285.62702751343,visit,ipw
s_learner,0.66,0.007606747976461693,0.007608430171964545,0.011528307525422062,21271.38236621745,visit,ipw
s_learner,0.67,0.007599014860424875,0.007600601194782216,0.011344537212439998,21249.494386250786,visit,ipw
s_learner,0.68,0.007596337081635599,0.007598045531637724,0.011173934508213357,21242.34935281852,visit,ipw
s_learner,0.6900000000000001,0.0075945993277202195,0.00759608179104262,0.011009123025180624,21236.859195700377,visit,ipw
s_learner,0.7000000000000001,0.0076011512041521765,0.0076027601503277555,0.010861380435567836,21255.530318484227,visit,ipw
s_learner,0.71,0.007582978287193224,0.007584100902204966,0.010682104488733524,21203.363446670315,visit,ipw
s_learner,0.72,0.007589175548620441,0.00759035565071535,0.010542419077352518,21220.85025329951,visit,ipw
s_learner,0.73,0.007593200711272093,0.007594663884838046,0.010403898845983209,21232.895063237407,visit,ipw
s_learner,0.74,0.007584040174707052,0.007585320656014689,0.010250666518787317,21206.773591613863,visit,ipw
s_learner,0.75,0.007576838457596837,0.007577736943557336,0.010103862339302869,21185.571314167693,visit,ipw
s_learner,0.76,0.00758971206615633,0.007590707598387522,0.009987978118954875,21221.834216264077,visit,ipw
s_learner,0.77,0.0075947079358834125,0.007595691539164788,0.009864725184257725,21235.76814318036,visit,ipw
s_learner,0.78,0.007589738398499202,0.0075905331144808285,0.009731628702683938,21221.34640027416,visit,ipw
s_learner,0.79,0.007597039883112152,0.0075980319576713865,0.009617931296292119,21242.311403199263,visit,ipw
s_learner,0.8,0.007591924490511373,0.007592826557962635,0.009491188833550511,21227.75832916543,visit,ipw
s_learner,0.81,0.007598855547923067,0.0075997526292950835,0.009382557494053478,21247.121996607773,visit,ipw
s_learner,0.8200000000000001,0.007599165197725502,0.007599892119396244,0.009268297406331907,21247.511978142862,visit,ipw
s_learner,0.8300000000000001,0.007598636711563543,0.007599268214517747,0.009155871630044686,21245.767686754138,visit,ipw
s_learner,0.84,0.007603347636468114,0.007604119386385928,0.00905264256832465,21259.33042300853,visit,ipw
s_learner,0.85,0.00761395206421375,0.007614900068340396,0.008958817639487526,21289.470675707053,visit,ipw
s_learner,0.86,0.0076238670381640495,0.007624904058900725,0.008866272641378715,21317.43948183225,visit,ipw
s_learner,0.87,0.007624220400482288,0.00762509990886773,0.008764579509700589,21317.987032304613,visit,ipw
s_learner,0.88,0.0076196161696928544,0.00762077875298087,0.008660067435142506,21305.906096151433,visit,ipw
s_learner,0.89,0.007615816403053666,0.007616910253242978,0.00855840893163854,21295.09068019197,visit,ipw
s_learner,0.9,0.007617828072112915,0.007618947094225695,0.008465573279752482,21300.785208811318,visit,ipw
s_learner,0.91,0.007607034918623557,0.007607772338532609,0.008360254773451675,21269.543218568364,visit,ipw
s_learner,0.92,0.007605246078125463,0.007605991301246378,0.008267439755095023,21264.56385695662,visit,ipw
s_learner,0.93,0.007595546863899936,0.007596017706872643,0.008167809944690504,21236.680031424385,visit,ipw
s_learner,0.9400000000000001,0.007581074704695456,0.007581213887902727,0.008065161913493539,21195.292033286518,visit,ipw
s_learner,0.9500000000000001,0.007589124728773696,0.00758951783955943,0.007989003496967878,21218.507930238717,visit,ipw
s_learner,0.96,0.007587283899697717,0.007587596962657824,0.007903779918100796,21213.137609932295,visit,ipw
s_learner,0.97,0.007575554876961023,0.00757559028993578,0.007809912318538788,21179.56977522209,visit,ipw
s_learner,0.98,0.007585118773630056,0.007585097444268211,0.007739914632100976,21206.149544037602,visit,ipw
s_learner,0.99,0.0076011519176750605,0.007601131850801669,0.007677920989143536,21250.977975748174,visit,ipw
s_learner,1.0,0.007613811677812652,0.007613811677812651,0.007613811677812651,21286.427791622405,visit,ipw
t_learner,0.0,0.0,0.0,0.0,0.0,visit,ipw
t_learner,0.01,0.001731415090463514,0.00171716399657341,0.172315060082658,4800.786907555175,visit,ipw
t_learner,0.02,0.0026613504426597373,0.00264811228648716,0.13263738345431858,7403.499502710466,visit,ipw
t_learner,0.03,0.0034489075992794045,0.0034392220376903856,0.1147726578589146,9615.256413287709,visit,ipw
t_learner,0.04,0.004110867670783472,0.004102708492124763,0.10266696516686974,11470.2085845101,visit,ipw
t_learner,0.05,0.004676180632095102,0.0046658894542090865,0.09339113983766145,13044.73017636387,visit,ipw
t_learner,0.06,0.005029341777889258,0.0050212486180510885,0.0837442624171269,14038.230869749448,visit,ipw
t_learner,0.07,0.005186329402540586,0.005180813419767195,0.07405702652631024,14484.33654894721,visit,ipw
t_learner,0.08,0.0053983751416312835,0.005394022125384325,0.0674605228943696,15080.417974219363,visit,ipw
t_learner,0.09,0.005710490858207731,0.005706392913754699,0.06343177632564967,15953.73327439085,visit,ipw
t_learner,0.1,0.0059971501842289235,0.00599644782364791,0.059983545600330174,16764.65862378446,visit,ipw
t_learner,0.11,0.006207612679525246,0.0062096684867285635,0.056467374975545104,17360.77347931397,visit,ipw
t_learner,0.12,0.006295627732324812,0.006297251402028507,0.05248942404695825,17605.63472374754,visit,ipw
t_learner,0.13,0.006326651309996191,0.006328193835880764,0.04868911280630561,17692.142495644828,visit,ipw
t_learner,0.14,0.00639568236574291,0.006396442155554075,0.045698382546373234,17882.948755387104,visit,ipw
t_learner,0.15,0.006507425344465927,0.006509124137893289,0.043402200435765176,18197.981091617625,visit,ipw
t_learner,0.16,0.006599512336049161,0.006603218625135197,0.04127644967364302,18461.047160627626,visit,ipw
t_learner,0.17,0.006682235468371268,0.0066867266970895185,0.03933917225915465,18694.51610087648,visit,ipw
t_learner,0.18,0.006729605261279377,0.0067336141136543695,0.03741391935968985,18825.602296500663,visit,ipw
t_learner,0.19,0.006807365922001081,0.006810979168470039,0.03585168859065935,19041.896804772736,visit,ipw
t_learner,0.2,0.006918511618103639,0.006923199025698167,0.03461978012320577,19355.63714781718,visit,ipw
t_learner,0.21,0.00696650001303112,0.006970851844286872,0.03319775585687343,19488.863227588983,visit,ipw
t_learner,0.22,0.007080034337228923,0.007086854854245051,0.03221632862934279,19813.180376420147,visit,ipw
t_learner,0.23,0.0071019967622490045,0.007108296824764656,0.030908560624563902,19873.127085964556,visit,ipw
t_learner,0.24,0.007119302133514202,0.00712455851779668,0.02968844638443431,19918.59095730044,visit,ipw
t_learner,0.25,0.007184160213194889,0.007189824327122918,0.028761972643506994,20101.058819164326,visit,ipw
t_learner,0.26,0.007171068272718435,0.007176490318184231,0.027604261467880184,20063.78006438854,visit,ipw
t_learner,0.27,0.007164175041757616,0.007168476320942197,0.026551837367250516,20041.37481182471,visit,ipw
t_learner,0.28,0.007175530914667242,0.007179975136709763,0.025644468899246334,20073.522797864178,visit,ipw
t_learner,0.29,0.007181598179983687,0.007186081800887392,0.024781044721352327,20090.59559550686,visit,ipw
t_learner,0.3,0.007133344182259263,0.007137666527594548,0.02379353670912021,19955.237871600577,visit,ipw
t_learner,0.31,0.007148327002171297,0.007152750662760853,0.02307454268476046,19997.409567934006,visit,ipw
t_learner,0.32,0.007127582366878723,0.0071308202208610035,0.022284754935938317,19936.097207227755,visit,ipw
t_learner,0.33,0.007130578592164907,0.0071341805328480196,0.02161961399436209,19945.491849687507,visit,ipw
t_learner,0.34,0.007121032587156607,0.007123591973346255,0.02095269749219028,19915.888726207526,visit,ipw
t_learner,0.35000000000000003,0.0071285821982019085,0.0071315508054935585,0.020376733344291062,19938.139750133283,visit,ipw
t_learner,0.36,0.007139435625672489,0.007142357220675657,0.01984069173545701,19968.351946887553,visit,ipw
t_learner,0.37,0.007159336405197132,0.007162651957330556,0.01935923140312165,20025.091260208552,visit,ipw
t_learner,0.38,0.007163859050095121,0.007166657924579456,0.01886026100042726,20036.291003016457,visit,ipw
t_learner,0.39,0.0071552901219495485,0.007157505250649766,0.018353137858719268,20010.70227808485,visit,ipw
t_learner,0.4,0.007166532249294019,0.007169467403999,0.017924191783173893,20044.145647093148,visit,ipw
t_learner,0.41000000000000003,0.00719384018570322,0.007197056890110042,0.017554301883941248,20121.279365230945,visit,ipw
t_learner,0.42,0.0071912717348042235,0.007194243316441843,0.01712960060502841,20113.413274597384,visit,ipw
t_learner,0.43,0.007178358052660544,0.007181028495586133,0.016700460327437702,20076.467741685923,visit,ipw
t_learner,0.44,0.0072147320679777525,0.007218092242077308,0.01640514205846466,20180.089264880473,visit,ipw
t_learner,0.45,0.007205435480925515,0.0072077705516445,0.016017574948920227,20151.23224458856,visit,ipw
t_learner,0.46,0.007206541026514392,0.007208793725995303,0.015671557120372215,20154.092799571823,visit,ipw
t_learner,0.47000000000000003,0.007211534627931401,0.007213606671650131,0.01534833392347712,20167.54866431892,visit,ipw
t_learner,0.48,0.007228555731752714,0.007231111291711695,0.015065040749765252,20216.48746747399,visit,ipw
t_learner,0.49,0.0072304837319874474,0.007233004478823593,0.014761460932270279,20221.780373636997,visit,ipw
t_learner,0.5,0.007212093493060568,0.007213900836949135,0.014428103023946676,20168.371081350102,visit,ipw
t_learner,0.51,0.007231540758799349,0.0072336850009237464,0.014183983300136732,20223.682953469346,visit,ipw
t_learner,0.52,0.007228663019959592,0.007230257679962876,0.013904582843265394,20214.10096966945,visit,ipw
t_learner,0.53,0.007234435992929363,0.007236199935648804,0.01365342401751126,20230.714119814264,visit,ipw
t_learner,0.54,0.00724515824922429,0.0072472226467365,0.013420996559975931,20261.53102907929,visit,ipw
t_learner,0.55,0.007247252134119344,0.007249112696440671,0.013180401428389124,20266.815163787753,visit,ipw
t_learner,0.56,0.007261302460923668,0.007263335105694898,0.012970409834753664,20306.577677023433,visit,ipw
t_learner,0.5700000000000001,0.007271796764082025,0.00727382307291801,0.012761234116187493,20335.899568136952,visit,ipw
t_learner,0.58,0.007268535073914752,0.0072702943718264395,0.012535109741376046,20326.03414932146,visit,ipw
t_learner,0.59,0.0072835876745232075,0.007285824442756826,0.012348970276294093,20369.452577232118,visit,ipw
t_learner,0.6,0.007291195783164742,0.007293522015613175,0.012155975856446212,20390.9731815905,visit,ipw
t_learner,0.61,0.007295923322683611,0.0072980223864773045,0.01196405391051391,20403.555160694865,visit,ipw
t_learner,0.62,0.007295562964548194,0.00729761697446592,0.011770420974110109,20402.42172400489,visit,ipw
t_learner,0.63,0.007303518358150846,0.007305521902605591,0.011596125348563496,20424.522044995676,visit,ipw
t_learner,0.64,0.007288815638978123,0.007290094865775165,0.01139080987909366,20381.391676209892,visit,ipw
t_learner,0.65,0.007299915187585667,0.007301319446167949,0.011232827675509711,20412.77296460169,visit,ipw
t_learner,0.66,0.0073074722767027854,0.007308851185993121,0.011074034412866397,20433.829938784675,visit,ipw
t_learner,0.67,0.007286618825570835,0.007287619509842675,0.010877040413257356,20374.47116286583,visit,ipw
t_learner,0.68,0.007289630099143436,0.007290331574628201,0.01072105941039872,20382.053458523536,visit,ipw
t_learner,0.6900000000000001,0.0073019417399893104,0.007302814003682705,0.01058376754607599,20416.951396110704,visit,ipw
t_learner,0.7000000000000001,0.007300055053402135,0.007301140013484366,0.010430175123370772,20412.271312994824,visit,ipw
t_learner,0.71,0.007311504886104559,0.007312947546641053,0.010299931702479198,20445.28240028891,visit,ipw
t_learner,0.72,0.007325962943269881,0.007327615936538938,0.010177243903280932,20486.29177057457,visit,ipw
t_learner,0.73,0.00732647851776001,0.00732783350815514,0.010038185701071331,20486.900049672317,visit,ipw
t_learner,0.74,0.00732956264050058,0.007330973837379431,0.009906779243312673,20495.679672035392,visit,ipw
t_learner,0.75,0.007326580993047771,0.007327984820247002,0.0097706947932645,20487.323082714596,visit,ipw
t_learner,0.76,0.007327238896735525,0.007328379381738602,0.009642637442146669,20488.426183901716,visit,ipw
t_learner,0.77,0.007320317798769922,0.007321174903017338,0.009508047876309524,20468.284154841112,visit,ipw
t_learner,0.78,0.007337906885749598,0.007338828257779752,0.009408789061496108,20517.638785259023,visit,ipw
t_learner,0.79,0.007349148666239787,0.007350309774617555,0.009304222130517702,20549.738407557063,visit,ipw
t_learner,0.8,0.007343713140681647,0.007344902012656515,0.009181151358175224,20534.61957623196,visit,ipw
t_learner,0.81,0.007346553345951201,0.007347856760331769,0.009071446560413657,20542.88035620568,visit,ipw
t_learner,0.8200000000000001,0.007340392402268568,0.0073411737719507415,0.008952658361004347,20524.196291557804,visit,ipw
t_learner,0.8300000000000001,0.0073308715786994895,0.00733137141618341,0.00883297589110632,20496.791208918694,visit,ipw
t_learner,0.84,0.007342229161195236,0.007342641856436064,0.00874123812604255,20528.300710699124,visit,ipw
t_learner,0.85,0.007347308766675964,0.007347856423845266,0.008644531080980636,20542.87941546851,visit,ipw
t_learner,0.86,0.007342632843281054,0.007342988093350328,0.008538346541475006,20529.268707726915,visit,ipw
t_learner,0.87,0.007352717252205749,0.0073531698293543505,0.008451925222400125,20557.73444833284,visit,ipw
t_learner,0.88,0.007360959967914205,0.007361513612376217,0.008365358332901078,20581.0617044195,visit,ipw
t_learner,0.89,0.0073609256047958635,0.007361247967296189,0.008271085736163038,20580.319023216773,visit,ipw
t_learner,0.9,0.007335541453601296,0.007335579210401546,0.008150656014785075,20508.555212492272,visit,ipw
t_learner,0.91,0.007334506238817996,0.007334666322193905,0.008060105482747569,20506.002991642054,visit,ipw
t_learner,0.92,0.007340495407794712,0.007340442353876123,0.007978765851067639,20522.15141854417,visit,ipw
t_learner,0.93,0.007378429705418274,0.007378244643829247,0.00793362087639421,20627.837735660476,visit,ipw
t_learner,0.9400000000000001,0.007388593155600828,0.007388466303600287,0.007860090979352953,20656.41509373473,visit,ipw
t_learner,0.9500000000000001,0.007428512181840326,0.007428265524507383,0.007819264438833413,20767.684360411036,visit,ipw
t_learner,0.96,0.007441814473787837,0.007441674897190495,0.007751781993796218,20805.173814501664,visit,ipw
t_learner,0.97,0.007515131368923936,0.007515160324096127,0.007747616323081463,21010.62179506068,visit,ipw
t_learner,0.98,0.007605140787162079,0.007605035381622524,0.007760258949358938,21261.891330381415,visit,ipw
t_learner,0.99,0.007607909029996563,0.007607852656448134,0.00768470953410063,21269.76776858112,visit,ipw
t_learner,1.0,0.007613811677812758,0.007613811677812762,0.007613811677812762,21286.42779162274,visit,ipw
x_learner,0.0,0.0,0.0,0.0,0.0,visit,ipw
x_learner,0.01,0.0017957923551758335,0.0017832417969449628,0.1788567028856301,4985.52490551969,visit,ipw
x_learner,0.02,0.002986614160609576,0.0029695065810176773,0.1487586340485747,8302.042405091279,visit,ipw
x_learner,0.03,0.0038254993429853584,0.0038099325393345248,0.1271687634677821,10651.675838769266,visit,ipw
x_learner,0.04,0.004362636903720265,0.004351563080102723,0.1088928593418515,12165.947518143374,visit,ipw
x_learner,0.05,0.004883168978238394,0.004873142710800207,0.09753447248224623,13624.161566013365,visit,ipw
x_learner,0.06,0.005281927698034901,0.005273101479303533,0.08793726984116645,14742.352270700989,visit,ipw
x_learner,0.07,0.005689466698944903,0.00568584127028272,0.08126307620030085,15896.275709996215,visit,ipw
x_learner,0.08,0.005933890237180411,0.0059331775407089025,0.07419131557145722,16587.769784641965,visit,ipw
x_learner,0.09,0.006109735742938188,0.006109329448574541,0.06790257425071689,17080.249113762387,visit,ipw
x_learner,0.1,0.006229889819804028,0.006230675405908087,0.0623243022130244,17419.503887572064,visit,ipw
x_learner,0.11,0.00640004945900943,0.0064000773491488736,0.058196565784646964,17893.111902209934,visit,ipw
x_learner,0.12,0.006554340315484362,0.006555356364733374,0.05463869924923587,18327.235530776386,visit,ipw
x_learner,0.13,0.0066166894545572775,0.0066167506442973804,0.0509078695714861,18498.879505444977,visit,ipw
x_learner,0.14,0.006693500335739118,0.006693575979573411,0.0478189240098926,18713.665084747645,visit,ipw
x_learner,0.15,0.006808257335248397,0.006809275225155047,0.045402137444671115,19037.132979783128,visit,ipw
x_learner,0.16,0.006888455461158047,0.006889313899865503,0.04306387354610944,19260.90230083504,visit,ipw
x_learner,0.17,0.0069101615134908555,0.006909353920590064,0.04064938842915036,19316.929488286904,visit,ipw
x_learner,0.18,0.006980838444565839,0.006980730341460881,0.038787885056491306,19516.481183703618,visit,ipw
x_learner,0.19,0.007100685092643859,0.007101749671380783,0.03738295084727081,19854.822784039938,visit,ipw
x_learner,0.2,0.0071206055333593865,0.007123464765120675,0.03562228602607506,19915.533081909467,visit,ipw
x_learner,0.21,0.007072533022291548,0.007073356906698239,0.033687904159951126,19775.443287830345,visit,ipw
x_learner,0.22,0.007093042096577392,0.007092949720283891,0.03224515772234696,19830.220189239797,visit,ipw
x_learner,0.23,0.007149243292187086,0.007149370777757839,0.031089676913554798,19987.960203922063,visit,ipw
x_learner,0.24,0.007167848521894186,0.007169708324100215,0.02987887745900028,20044.819203066643,visit,ipw
x_learner,0.25,0.007202567200449545,0.007203570222833156,0.02881901551520949,20139.48911253741,visit,ipw
x_learner,0.26,0.007231341933930929,0.007231710576566158,0.02781912814019885,20218.162927062374,visit,ipw
x_learner,0.27,0.007280331917460899,0.007281234482200509,0.02697203962489428,20356.620126406655,visit,ipw
x_learner,0.28,0.007324426743834831,0.00732542707747254,0.026166279660274364,20480.172235125574,visit,ipw
x_learner,0.29,0.0073242488058264995,0.007325101327083089,0.025262644656662447,20479.261513605714,visit,ipw
x_learner,0.3,0.007324965884092322,0.007325766932026724,0.024422598819084054,20481.122388574782,visit,ipw
x_learner,0.31,0.007333380809838646,0.0073339131222408946,0.023660864728855993,20503.89722161617,visit,ipw
x_learner,0.32,0.00735552106328484,0.007356411061511715,0.022991679944759133,20566.79617157893,visit,ipw
x_learner,0.33,0.007377139920468298,0.0073777517032108005,0.02235981263748081,20626.45958955895,visit,ipw
x_learner,0.34,0.0073785769869019495,0.007379750511735545,0.021707932437030467,20632.047788365497,visit,ipw
x_learner,0.35000000000000003,0.00740433886548518,0.00740594594702439,0.021162448441846685,20705.28406808214,visit,ipw
x_learner,0.36,0.007430701899080762,0.007433054036228751,0.020649832465327644,20781.07191362329,visit,ipw
x_learner,0.37,0.007431162150732491,0.007433068737028807,0.020091629270962058,20781.11301360476,visit,ipw
x_learner,0.38,0.007499094833344398,0.007501800221382473,0.019743728741529618,20973.27008822335,visit,ipw
x_learner,0.39,0.007524203360304028,0.0075269733200547485,0.019301942954967025,21043.64815506473,visit,ipw
x_learner,0.4,0.007517954568380892,0.007520693596146508,0.0188036151779767,21026.0915230937,visit,ipw
x_learner,0.41000000000000003,0.007527070984448478,0.007530160196066857,0.01836802577788897,21052.55791130552,visit,ipw
x_learner,0.42,0.007537885221028401,0.007540909237163491,0.017956210210271203,21082.60970360286,visit,ipw
x_learner,0.43,0.00755643957899517,0.007559352017975829,0.01758144042708404,21134.171383698333,visit,ipw
x_learner,0.44,0.007546014657366141,0.007548616844864002,0.017157384097381587,21104.15836302678,visit,ipw
x_learner,0.45,0.007544431111879293,0.007546941539807122,0.016772317279682078,21099.474603875486,visit,ipw
x_learner,0.46,0.007556512102867813,0.007558514708306624,0.01643277552450627,21131.830462676513,visit,ipw
x_learner,0.47000000000000003,0.007561373546402319,0.007563217425853741,0.016093092728455147,21144.978155544042,visit,ipw
x_learner,0.48,0.007565378475606436,0.007567183158273915,0.01576603249807254,21156.0654112282,visit,ipw
x_learner,0.49,0.007563107340155297,0.007564536388746494,0.015438810419656848,21148.66566576422,visit,ipw
x_learner,0.5,0.007570419060345433,0.007571852679245878,0.015144625476938109,21169.1202942746,visit,ipw
x_learner,0.51,0.0075716682106035825,0.007573114845596414,0.014850117125289594,21172.64901471301,visit,ipw
x_learner,0.52,0.007562387785170057,0.007563494589627257,0.01454598921718983,21145.753040306245,visit,ipw
x_learner,0.53,0.007567023619018109,0.007568287404430881,0.014280551800391075,21159.152623925216,visit,ipw
x_learner,0.54,0.007567075917705655,0.007568813236111799,0.014017058612805333,21160.622725706042,visit,ipw
x_learner,0.55,0.007590761213600593,0.007592775760011288,0.01380577072914102,21227.616310033573,visit,ipw
x_learner,0.56,0.007597411720620311,0.007599787083766587,0.013571734058110643,21247.21832321125,visit,ipw
x_learner,0.5700000000000001,0.007586149774197979,0.00758823277769714,0.01331331999327811,21214.91519933096,visit,ipw
x_learner,0.58,0.007577952076721177,0.00758044215993934,0.013070327126238047,21193.134463298735,visit,ipw
x_learner,0.59,0.007569052565124901,0.007571123182091627,0.012832974956332899,21167.080791702792,visit,ipw
x_learner,0.6,0.007572690833824441,0.007574411616503693,0.012624546491052505,21176.274481358123,visit,ipw
x_learner,0.61,0.007573448352338352,0.007574948335767218,0.012418446424246582,21177.77502226074,visit,ipw
x_learner,0.62,0.0075817597164966445,0.007583488172643015,0.012231903565713471,21201.650398839676,visit,ipw
x_learner,0.63,0.007587937690770423,0.007590019378798058,0.012048099574294348,21219.91011606077,visit,ipw
x_learner,0.64,0.007600229974907363,0.007602470539263672,0.011879290975219552,21254.72063402322,visit,ipw
x_learner,0.65,0.007602753692176465,0.0076047667012479345,0.011700044821175093,21261.140163208358,visit,ipw
x_learner,0.66,0.007620506356220266,0.007622764281700544,0.011550026180375782,21311.45716774431,visit,ipw
x_learner,0.67,0.007642328225604707,0.007644926158091944,0.011410703603565525,21373.416564889252,visit,ipw
x_learner,0.68,0.007630404204676129,0.007632557455713676,0.011224693202772494,21338.836580356892,visit,ipw
x_learner,0.6900000000000001,0.007626705187446457,0.007628490672534119,0.011056106285706538,21327.46681050192,visit,ipw
x_learner,0.7000000000000001,0.007622247535199857,0.007623961294893629,0.010891677756581779,21314.80373526902,visit,ipw
x_learner,0.71,0.007619777049497369,0.007621433796340393,0.01073470099551694,21307.7374434137,visit,ipw
x_learner,0.72,0.007609564608245969,0.007610981525649388,0.010571075955660938,21278.515351413324,visit,ipw
x_learner,0.73,0.00760124390110647,0.00760231999589676,0.010414385806427728,21254.299750155205,visit,ipw
x_learner,0.74,0.007592664040203842,0.00759348815874324,0.010261701234884166,21229.60800943569,visit,ipw
x_learner,0.75,0.0075875378832444326,0.007587901495372245,0.010117410550122663,21213.989011819907,visit,ipw
x_learner,0.76,0.007594578107821514,0.007595115226854982,0.009993770501936929,21234.15690942669,visit,ipw
x_learner,0.77,0.00759363818063301,0.00759405522809405,0.009862593973262876,21231.19340204844,visit,ipw
x_learner,0.78,0.007596566512322637,0.007597063631141759,0.009739998766764797,21239.604189831614,visit,ipw
x_learner,0.79,0.007600967709635479,0.0076014620913556034,0.009622266621721692,21251.901250712326,visit,ipw
x_learner,0.8,0.007595356524256265,0.007595772049950274,0.009494868514195218,21235.993232411998,visit,ipw
x_learner,0.81,0.007595724082419339,0.007596161726259909,0.009378121035115775,21237.082675778627,visit,ipw
x_learner,0.8200000000000001,0.007585322232877806,0.0075856393984263925,0.00925091265015894,21207.664720475026,visit,ipw
x_learner,0.8300000000000001,0.0075917262483013725,0.0075921184381618195,0.009147255026072908,21225.778592648818,visit,ipw
x_learner,0.84,0.007586256237261199,0.007586572487380434,0.009031748663123472,21210.27341786391,visit,ipw
x_learner,0.85,0.007597697454074101,0.007598328643519855,0.00893931965702191,21243.140867094113,visit,ipw
x_learner,0.86,0.007603255828833775,0.007603899831785993,0.008841845483841725,21258.71659995421,visit,ipw
x_learner,0.87,0.007594324263049361,0.00759462751447275,0.008729546932558618,21232.793380244882,visit,ipw
x_learner,0.88,0.00759262175755695,0.007592797560436627,0.008628260334071013,21227.677258898537,visit,ipw
x_learner,0.89,0.007591441968642738,0.007591590101063853,0.008529950427120542,21224.301486310836,visit,ipw
x_learner,0.9,0.007598505139129348,0.007598866480296321,0.008443254829001753,21244.644532300237,visit,ipw
x_learner,0.91,0.007603509668470764,0.0076041048909858315,0.00835622550432702,21259.2898972769,visit,ipw
x_learner,0.92,0.007598288362816153,0.007598652245750095,0.0082594614898246,21244.04558286575,visit,ipw
x_learner,0.93,0.007596253315725816,0.007596401358406542,0.00816822140232288,21237.752630934036,visit,ipw
x_learner,0.9400000000000001,0.007596444745904546,0.007596465308840434,0.008081386389609722,21237.93142131537,visit,ipw
x_learner,0.9500000000000001,0.007595876813868921,0.0075957517252173605,0.007995560858441123,21235.93640923619,visit,ipw
x_learner,0.96,0.007587308782176504,0.00758710700065393,0.007903262699419843,21211.767791336937,visit,ipw
x_learner,0.97,0.007601413503346719,0.007601408729121131,0.007836528538460362,21251.752062447766,visit,ipw
x_learner,0.98,0.0076012636980430995,0.007601042302982088,0.00775618077722684,21250.727621093058,visit,ipw
x_learner,0.99,0.0076504477016042845,0.007650212707687389,0.0077274921533230095,21388.196514931646,visit,ipw
x_learner,1.0,0.007613811677813136,0.007613811677813136,0.007613811677813137,21286.42779162359,visit,ipw
dr_learner,0.0,0.0,0.0,0.0,0.0,visit,ipw
dr_learner,0.01,0.0018349235761268682,0.0018174309283475046,0.18241295683611125,5081.109680620687,visit,ipw
dr_learner,0.02,0.0030214080930250145,0.003003918991108523,0.15050450926349607,8398.251414924425,visit,ipw
dr_learner,0.03,0.0038531292507494384,0.0038406273760796914,0.12818572948403495,10737.49138736128,visit,ipw
dr_learner,0.04,0.004380614655873011,0.004366698577866371,0.10927866686195914,12208.262812234356,visit,ipw
dr_learner,0.05,0.005008356878275632,0.004999947384204278,0.10007146489747593,13978.67762687088,visit,ipw
dr_learner,0.06,0.0053841638593398015,0.005381293044114008,0.0897391640873236,15044.830455023655,visit,ipw
dr_learner,0.07,0.005712255366191957,0.00571430736100515,0.08166708201505357,15975.8602085887,visit,ipw
dr_learner,0.08,0.0059032187177521,0.005904222606900391,0.07382794486279096,16506.818595707802,visit,ipw
dr_learner,0.09,0.0061170254340878446,0.006115889421256138,0.0679746590722918,17098.589255441773,visit,ipw
dr_learner,0.1,0.006147345783307054,0.00614659582430383,0.061481812228486366,17184.437140689624,visit,ipw
dr_learner,0.11,0.006303035149218702,0.006304463597500395,0.05732586277019744,17625.79832704098,visit,ipw
dr_learner,0.12,0.006384533395263394,0.00638401356102126,0.05321110447218794,17848.201326480637,visit,ipw
dr_learner,0.13,0.0065230775199398,0.006522903748603653,0.050186023976048294,18236.50564421875,visit,ipw
dr_learner,0.14,0.0066392320215627595,0.006638702548666851,0.04742740786567856,18560.25187018419,visit,ipw
dr_learner,0.15,0.006755610437724344,0.00675562104505144,0.04504525198244588,18887.128503874756,visit,ipw
dr_learner,0.16,0.006854751304349365,0.006855956337100134,0.04285723195528815,19167.642396196414,visit,ipw
dr_learner,0.17,0.006885180650309523,0.006887665674493845,0.04052235336659074,19256.294250131654,visit,ipw
dr_learner,0.18,0.0069293778387802245,0.006931947251843166,0.03851693675141313,19380.095131823135,visit,ipw
dr_learner,0.19,0.0069570166302737576,0.0069589196473840665,0.036631234530040024,19455.50360977669,visit,ipw
dr_learner,0.2,0.007004386230812797,0.007006632617238232,0.035037806562151164,19588.897858347995,visit,ipw
dr_learner,0.21,0.007015945637591945,0.0070174631239515025,0.033420516012230866,19619.177409360622,visit,ipw
dr_learner,0.22,0.006997990940918284,0.006999125696587026,0.031817742002859695,19567.91027274155,visit,ipw
dr_learner,0.23,0.007087727576079618,0.007089450824581328,0.03082711508415492,19820.438099299696,visit,ipw
dr_learner,0.24,0.007115104410872586,0.007116941255722861,0.029657670397023217,19897.294883026098,visit,ipw
dr_learner,0.25,0.00718670114490067,0.007189017050957969,0.02875947443241436,20098.801864774523,visit,ipw
dr_learner,0.26,0.007266207070712014,0.007269992233484387,0.027964665165285146,20325.189441549785,visit,ipw
dr_learner,0.27,0.007314486185247691,0.0073178052098784125,0.027105894372307454,20458.863284899566,visit,ipw
dr_learner,0.28,0.00733801182242346,0.007340447769083986,0.02621848005662719,20522.166558206394,visit,ipw
dr_learner,0.29,0.007327051645402913,0.007329057843712119,0.025275879883650543,20490.32300411812,visit,ipw
dr_learner,0.3,0.007356792278215367,0.007359116610364002,0.02453342245318653,20574.360250233036,visit,ipw
dr_learner,0.31,0.007385097706580168,0.007387971541511784,0.023834987857394213,20655.031855245255,visit,ipw
dr_learner,0.32,0.007421639994462107,0.007424127565687945,0.023203000937709925,20756.11560021117,visit,ipw
dr_learner,0.33,0.007434623566295581,0.007436998290741833,0.022538764311033674,20792.099122141975,visit,ipw
dr_learner,0.34,0.007448763159547371,0.007450909479970546,0.02191666555246473,20830.991537339967,visit,ipw
dr_learner,0.35000000000000003,0.0074989233949531095,0.007501252222661502,0.021434588798742993,20971.738012623402,visit,ipw
dr_learner,0.36,0.007494713124192448,0.00749782745248831,0.02082960692501236,20962.16316022627,visit,ipw
dr_learner,0.37,0.007490408444526552,0.007492942791094706,0.020253313359453323,20948.506795130645,visit,ipw
dr_learner,0.38,0.007488433456231438,0.007490933945699759,0.019715037775498503,20942.890535594215,visit,ipw
dr_learner,0.39,0.00750627960585264,0.007508797861720335,0.019255372195216378,20992.833845796642,visit,ipw
dr_learner,0.4,0.0075574460678943575,0.007560306269186359,0.018902711088215535,21136.839245796597,visit,ipw
dr_learner,0.41000000000000003,0.007581963113506718,0.007585340870575554,0.018502676901737,21206.83010678892,visit,ipw
dr_learner,0.42,0.0075839200273781875,0.007587361158329396,0.01806687275646497,21212.478356471245,visit,ipw
dr_learner,0.43,0.0075894832536577824,0.007592893814337854,0.017659520671696446,21227.94636219605,visit,ipw
dr_learner,0.44,0.007605444453940218,0.007609109897119562,0.01729495122181146,21273.282717992966,visit,ipw
dr_learner,0.45,0.007634271811168999,0.007638230143886729,0.016975283493539675,21354.696083113395,visit,ipw
dr_learner,0.46,0.0076691185631323254,0.007673530533214599,0.016682960496929217,21453.38767416418,visit,ipw
dr_learner,0.47000000000000003,0.007663320566930225,0.007667548454760444,0.01631521752202976,21436.663188919905,visit,ipw
dr_learner,0.48,0.0076607368354667475,0.007664754069676115,0.015969439437403907,21428.85074505648,visit,ipw
dr_learner,0.49,0.007658411782567551,0.007662227182304081,0.015638322960321416,21421.786161920132,visit,ipw
dr_learner,0.5,0.007656329993085965,0.00765995182855061,0.015320956325692886,21415.424807657215,visit,ipw
dr_learner,0.51,0.007654477252843125,0.007657913289859096,0.015016501732824705,21409.725532643122,visit,ipw
dr_learner,0.52,0.007652840433905746,0.007656097974060221,0.014724188003234537,21404.650336367336,visit,ipw
dr_learner,0.53,0.007651407392767962,0.007654493309643026,0.014443304095104706,21400.164071840205,visit,ipw
dr_learner,0.54,0.0076501668797749,0.007653087651715823,0.014173193360105807,21396.23418268175,visit,ipw
dr_learner,0.55,0.007649108458366382,0.007651870198176394,0.013913248445401566,21392.830468753255,visit,ipw
dr_learner,0.56,0.007648222432920249,0.007650830914821042,0.0136629067579071,21389.924876779758,visit,ipw
dr_learner,0.5700000000000001,0.0076474997841460305,0.007649960468300374,0.013421646419826447,21387.49131291021,visit,ipw
dr_learner,0.58,0.007658269484430804,0.007660679912151233,0.01320869414858132,21417.460358265344,visit,ipw
dr_learner,0.59,0.007658479550348439,0.0076605476770599335,0.012984568109086173,21417.090660032503,visit,ipw
dr_learner,0.6,0.007657596806899685,0.007659576975010237,0.012766518055228576,21414.376805269287,visit,ipw
dr_learner,0.61,0.00765680805144098,0.007658703182386609,0.01255577679492622,21411.933886482377,visit,ipw
dr_learner,0.62,0.0076561087525343005,0.0076579216233147685,0.012351983098977684,21409.74883102637,visit,ipw
dr_learner,0.63,0.007655494665432782,0.0076572279179739095,0.012154799145602191,21407.809393951782,visit,ipw
dr_learner,0.64,0.007654961809761232,0.007656617959530975,0.011963908655513715,21406.10409351872,visit,ipw
dr_learner,0.65,0.007654506449249524,0.007656087893198235,0.011779015202425414,21404.622152646774,visit,ipw
dr_learner,0.66,0.007654125073302441,0.007655634097189756,0.011599840680036465,21403.35344567379,visit,ipw
dr_learner,0.67,0.0076538143802142985,0.007655253165378691,0.011426123908855147,21402.28844986973,visit,ipw
dr_learner,0.68,0.0076535712618598815,0.007654941891480992,0.011257619368205442,21401.418201218046,visit,ipw
dr_learner,0.6900000000000001,0.007653392789712186,0.007654697254610791,0.011094096040492031,21400.734254031926,visit,ipw
dr_learner,0.7000000000000001,0.007653276202055005,0.0076545164060710285,0.010935336356301804,21400.228644023984,visit,ipw
dr_learner,0.71,0.00765321889227252,0.007654396657257313,0.010781135230227647,21399.893854488313,visit,ipw
dr_learner,0.72,0.0076532183981118645,0.007654335468567595,0.010631299178444228,21399.722785294533,visit,ipw
dr_learner,0.73,0.007653272391825542,0.007654330439221036,0.010485645510063576,21399.708724423723,visit,ipw
dr_learner,0.74,0.007653378671110563,0.007654379297900447,0.010344001585174928,21399.845321806908,visit,ipw
dr_learner,0.75,0.0076535351507704625,0.007654479894141639,0.010206204133242303,21400.1265652517,visit,ipw
dr_learner,0.76,0.007653739855033471,0.007654630190400904,0.010072098626209496,21400.546758264816,visit,ipw
dr_learner,0.77,0.0076539909104677015,0.007654828254739238,0.00994153870125905,21401.100499598913,visit,ipw
dr_learner,0.78,0.007654286539439632,0.0076550722540681074,0.009814385628697873,21401.78266436933,visit,ipw
dr_learner,0.79,0.007654625054068069,0.0076553604479069675,0.009690507820907628,21402.58838660157,visit,ipw
dr_learner,0.8,0.007655004850630307,0.007655691182607992,0.009569780378710778,21403.513043085004,visit,ipw
dr_learner,0.81,0.007655424404381432,0.00765606288600763,0.009452084671868678,21404.552238419892,visit,ipw
dr_learner,0.8200000000000001,0.0076558822647517805,0.007656474062468742,0.009337307950753646,21405.701791156345,visit,ipw
dr_learner,0.8300000000000001,0.007656377050890539,0.007656923288280334,0.009225342986525872,21406.95772093308,visit,ipw
dr_learner,0.84,0.007656907447526858,0.007657409207385162,0.00911608773740425,21408.31623653278,visit,ipw
dr_learner,0.85,0.007657472201122317,0.007657930527408363,0.009009445038850435,21409.773724779112,visit,ipw
dr_learner,0.86,0.0076580701162912174,0.0076584860159625715,0.00890532231569107,21411.32674020668,visit,ipw
dr_learner,0.87,0.007658700052466979,0.007659074497207276,0.008803631314387321,21412.9719954418,visit,ipw
dr_learner,0.88,0.007659360920795364,0.007659694848642402,0.008704287853826202,21414.70635223811,visit,ipw
dr_learner,0.89,0.007660051681236572,0.007660345998117568,0.008607211593156035,21416.52681311516,visit,ipw
dr_learner,0.9,0.007660771339860066,0.0076610269210403295,0.008512325815321721,21418.43051355331,visit,ipw
dr_learner,0.91,0.0076615189463172875,0.007661736637768169,0.008419557225075307,21420.414714702347,visit,ipw
dr_learner,0.92,0.0076622935914788925,0.007662474211170258,0.008328835760345224,21422.476796564755,visit,ipw
dr_learner,0.93,0.007663094405223878,0.007663238744346119,0.008240094415944782,21424.614251617615,visit,ipw
dr_learner,0.9400000000000001,0.0076639205543696945,0.007664029378489834,0.008153269078688893,21426.82467884145,visit,ipw
dr_learner,0.9500000000000001,0.00766187187263787,0.007661948358960121,0.008065249205594593,21421.00663738906,visit,ipw
dr_learner,0.96,0.007663769746957401,0.0076637535887773825,0.007983111013769473,21426.053635631008,visit,ipw
dr_learner,0.97,0.007665729813289482,0.007665622877203837,0.007902732545375053,21431.279726687004,visit,ipw
dr_learner,0.98,0.007672247660288519,0.007672244197889329,0.00782884433428925,21449.791382953434,visit,ipw
dr_learner,0.99,0.007674588601142477,0.007674711528311003,0.0077522519780501495,21456.689458855697,visit,ipw
dr_learner,1.0,0.007613811677777683,0.00761381167777768,0.007613811677777679,21286.427791539085,visit,ipw
causal_forest,0.0,0.0,0.0,0.0,0.0,visit,ipw
causal_forest,0.01,0.0017716723078589581,0.0017568488404508733,0.1762728787647342,4911.736402941445,visit,ipw
causal_forest,0.02,0.0029492321624955656,0.0029307602138511956,0.14684738234539974,8193.716669995947,visit,ipw
causal_forest,0.03,0.0036270801298647435,0.003614171802271476,0.12063994483705626,10104.374832353536,visit,ipw
causal_forest,0.04,0.004344312829611364,0.004338998775281794,0.10857200486401514,12130.820675158637,visit,ipw
causal_forest,0.05,0.004858806478376935,0.004858202576033762,0.09723092079739842,13582.392460950137,visit,ipw
causal_forest,0.06,0.0051409306571279945,0.005143041824455592,0.08576143718245754,14378.736046833674,visit,ipw
causal_forest,0.07,0.005500398196334707,0.005503013207776094,0.07864847068664838,15385.131421758899,visit,ipw
causal_forest,0.08,0.005664552299832218,0.005666324714517048,0.07085513041490993,15841.712007526823,visit,ipw
causal_forest,0.09,0.005962160713136548,0.0059669260024058385,0.06631896825642719,16682.122550824068,visit,ipw
causal_forest,0.1,0.0060537925262650095,0.006055440805136311,0.06057171120191035,16929.589133469202,visit,ipw
causal_forest,0.11,0.006213944027277949,0.006217643365409269,0.05653728857766796,17383.0693655753,visit,ipw
causal_forest,0.12,0.0062568448006247055,0.006259972628578783,0.05217741814888671,17501.41203571989,visit,ipw
causal_forest,0.13,0.006344102974973459,0.006346294091594761,0.04882761275428896,17742.746556077338,visit,ipw
causal_forest,0.14,0.006435111912180042,0.006435983491338032,0.04598250944672139,17993.49703587612,visit,ipw
causal_forest,0.15,0.006484170814031838,0.006485717098108906,0.043247907459448925,18132.540510306957,visit,ipw
causal_forest,0.16,0.006546313945897945,0.006549750140979819,0.04094466757953191,18311.56184692887,visit,ipw
causal_forest,0.17,0.006618371657567783,0.0066228168688258135,0.03896563589129462,18515.839243334176,visit,ipw
causal_forest,0.18,0.0067524379387666035,0.006758081036794287,0.03755170845344122,18894.006062543183,visit,ipw
causal_forest,0.19,0.006782937828817231,0.00678883476185188,0.03573679265499266,18979.986249007412,visit,ipw
causal_forest,0.2,0.00679990598103907,0.006805316925176219,0.034032201340561674,19026.066503458107,visit,ipw
causal_forest,0.21,0.006876709868909936,0.006884084180121802,0.03278639019869753,19246.28123370018,visit,ipw
causal_forest,0.22,0.006943276925358617,0.006949919502011483,0.031594818378773454,19430.34131882505,visit,ipw
causal_forest,0.23,0.007045342907075318,0.007050798781678987,0.03066018039613544,19712.376072662053,visit,ipw
causal_forest,0.24,0.007096518814524821,0.0071016856172344866,0.029594506308187774,19854.643703703263,visit,ipw
causal_forest,0.25,0.007081836409041409,0.007086625898953198,0.028350333393369426,19812.540271241047,visit,ipw
causal_forest,0.26,0.007057292715085573,0.007062132368724041,0.027165529344630374,19744.06211803111,visit,ipw
causal_forest,0.27,0.007104640173920971,0.007109732939194155,0.026335820406310828,19877.14212434448,visit,ipw
causal_forest,0.28,0.007114778837700434,0.007119771755527471,0.025430978731676213,19905.208295145,visit,ipw
causal_forest,0.29,0.007135162248626434,0.007139779071770948,0.02462278350529218,19961.14404855508,visit,ipw
causal_forest,0.3,0.007120358345747881,0.007123512980881692,0.023747598867238442,19915.667881844114,visit,ipw
causal_forest,0.31,0.007107103871598794,0.007109269292351163,0.022935399307345575,19875.84587675368,visit,ipw
causal_forest,0.32,0.007144739754809518,0.00714639336860696,0.02233454544893125,19979.63606778934,visit,ipw
causal_forest,0.33,0.007180859206287941,0.0071825542196374765,0.021767467627919618,20080.73330750539,visit,ipw
causal_forest,0.34,0.007262768548924363,0.0072645324984047955,0.02136824438988176,20309.925305587927,visit,ipw
causal_forest,0.35000000000000003,0.007292057885506634,0.007294523335794988,0.020843295436509424,20393.772637454167,visit,ipw
causal_forest,0.36,0.007280902159297543,0.007282669937463232,0.020231413991544434,20360.6333219114,visit,ipw
causal_forest,0.37,0.007290337103806152,0.007291906730889213,0.019709504613204365,20386.45722518198,visit,ipw
causal_forest,0.38,0.007297486694514005,0.00729886829932808,0.01920934718785411,20405.92013419012,visit,ipw
causal_forest,0.39,0.007338212813940867,0.00733974673286217,0.018821776807505908,20520.206625697883,visit,ipw
causal_forest,0.4,0.007359228270267131,0.007360761588306347,0.018403726859728395,20578.959221886653,visit,ipw
causal_forest,0.41000000000000003,0.007366895067758038,0.007368267085465778,0.017973057458309072,20599.94282774468,visit,ipw
causal_forest,0.42,0.007344184755511505,0.007345530569279334,0.017490913853336856,20536.376872804376,visit,ipw
causal_forest,0.43,0.007366980303347653,0.007368256478316673,0.017136939541896823,20599.913172649038,visit,ipw
causal_forest,0.44,0.007351824526260697,0.007352682231865564,0.016711999760621807,20556.371240366087,visit,ipw
causal_forest,0.45,0.007358314554659691,0.007359045017376542,0.01635469481717429,20574.16009305438,visit,ipw
causal_forest,0.46,0.007401275785733942,0.007402622824783121,0.016093860556055994,20695.993399410057,visit,ipw
causal_forest,0.47000000000000003,0.007414749181064683,0.007416331129241249,0.01578055467507751,20734.31859647841,visit,ipw
causal_forest,0.48,0.007435199647351355,0.007437084350802432,0.015494982409040792,20792.33972582851,visit,ipw
causal_forest,0.49,0.007461326660760141,0.007463352374527696,0.015232330830029422,20865.77894575115,visit,ipw
causal_forest,0.5,0.007470533401813585,0.007472374870107937,0.0149456845759363,20891.003722616686,visit,ipw
causal_forest,0.51,0.007471664126055976,0.007473510045862346,0.014654819641425287,20894.177407198018,visit,ipw
causal_forest,0.52,0.007464274498835893,0.00746606550095178,0.01435864984287441,20873.364209500727,visit,ipw
causal_forest,0.53,0.007466166649101979,0.0074677438920313826,0.014090865990583873,20878.056596446175,visit,ipw
causal_forest,0.54,0.007421800559450017,0.007422281048952567,0.013745669873819422,20750.953173436756,visit,ipw
causal_forest,0.55,0.007430778806552991,0.007431107042046088,0.013511756413118692,20775.628575538187,visit,ipw
causal_forest,0.56,0.007423773885239064,0.007424141976581783,0.01325801471673499,20756.155889668913,visit,ipw
causal_forest,0.5700000000000001,0.0074437515586153,0.007444053196385926,0.013060318473628416,20811.8229800225,visit,ipw
causal_forest,0.58,0.007452315451237388,0.007453096882152689,0.012850716066235071,20837.106999668707,visit,ipw
causal_forest,0.59,0.007426130606116988,0.0074262065621727835,0.012587285838715087,20761.92798569153,visit,ipw
causal_forest,0.6,0.007419171073693913,0.007418864179592592,0.012365227594754086,20741.40040985627,visit,ipw
causal_forest,0.61,0.0074221761205208354,0.007421830725387572,0.01216735306298139,20749.694174599543,visit,ipw
causal_forest,0.62,0.007434512852448845,0.007434612394218046,0.011991704675147485,20785.42871626271,visit,ipw
causal_forest,0.63,0.007448136286913205,0.007448460903911589,0.011823330869802078,20824.145894213438,visit,ipw
causal_forest,0.64,0.007469916754323396,0.007470341932867027,0.011672772897627852,20885.32010794184,visit,ipw
causal_forest,0.65,0.0074918422865438905,0.007492227669069415,0.011526849370054604,20946.50748202626,visit,ipw
causal_forest,0.66,0.007512732680318254,0.0075137039831992035,0.011384734644419262,21006.550208232125,visit,ipw
causal_forest,0.67,0.007514265467201488,0.007515180216911932,0.011217003168703166,21010.67741069776,visit,ipw
causal_forest,0.68,0.007500067615983429,0.007500964721163374,0.011031131690788315,20970.934225998884,visit,ipw
causal_forest,0.6900000000000001,0.007496750169104339,0.00749736742889351,0.010866028381589773,20960.877042371532,visit,ipw
causal_forest,0.7000000000000001,0.0074822049326446136,0.0074826242242879825,0.01068972097239581,20919.658507748827,visit,ipw
causal_forest,0.71,0.0074858051887379705,0.007486238875276236,0.010544239461812238,20929.76422227255,visit,ipw
causal_forest,0.72,0.007472676543953102,0.007472884805863839,0.010379226756413049,20892.42938312757,visit,ipw
causal_forest,0.73,0.007472110026029375,0.007472052914328439,0.010235888282957621,20890.10360993432,visit,ipw
causal_forest,0.74,0.007478240558005831,0.007477803435086781,0.010105322317925942,20906.18071428973,visit,ipw
causal_forest,0.75,0.007468384666965876,0.007467725161914247,0.009957131712208543,20878.00423144126,visit,ipw
causal_forest,0.76,0.007477336817316404,0.007476731246978576,0.009837958353541176,20903.183128361667,visit,ipw
causal_forest,0.77,0.007489621620431698,0.007489058045580274,0.009726191131860781,20937.645959784404,visit,ipw
causal_forest,0.78,0.007494503726098556,0.007493960487856692,0.009607771790856735,20951.352036048895,visit,ipw
causal_forest,0.79,0.007493768674150682,0.00749336145383573,0.009485388519699725,20949.677277731837,visit,ipw
causal_forest,0.8,0.007478639229936761,0.007478160863093228,0.009347809767567723,20907.17999898075,visit,ipw
causal_forest,0.81,0.007482342766977324,0.007481817924757555,0.009236911054419261,20917.404283785963,visit,ipw
causal_forest,0.8200000000000001,0.007499235901736706,0.007499312312321426,0.009145600514956817,20966.31447928268,visit,ipw
causal_forest,0.8300000000000001,0.007490564418556405,0.0074904058063798365,0.00902467263716708,20941.413982182945,visit,ipw
causal_forest,0.84,0.007491678795794135,0.007491305650609683,0.008918297871659146,20943.929735137295,visit,ipw
causal_forest,0.85,0.007502298398610272,0.007502111799766516,0.00882608613351054,20974.141188147452,visit,ipw
causal_forest,0.86,0.007512368584391312,0.00751247296392168,0.008735507037136797,21003.108567688607,visit,ipw
causal_forest,0.87,0.007504020564173645,0.007503870961021611,0.008625201221123147,20979.0593895182,visit,ipw
causal_forest,0.88,0.00749994279543742,0.007499700033567739,0.008522439331004737,20967.398456751805,visit,ipw
causal_forest,0.89,0.007518623533861456,0.007518693192027915,0.00844802304469762,21020.498863381974,visit,ipw
causal_forest,0.9,0.00751900319816571,0.00751887985012582,0.008354353672098108,21021.02071554892,visit,ipw
causal_forest,0.91,0.0075252297222954765,0.007524810164008747,0.00826905481252397,21037.60047921952,visit,ipw
causal_forest,0.92,0.007535075860170686,0.007534664677250621,0.008189881106330246,21065.15138189761,visit,ipw
causal_forest,0.93,0.007531464323725625,0.007531380910298155,0.008098286527129052,21055.970741362216,visit,ipw
causal_forest,0.9400000000000001,0.007545111926391886,0.007545201962831398,0.00802683789361773,21094.611155546667,visit,ipw
causal_forest,0.9500000000000001,0.007554395221606416,0.007554576638527974,0.007952207826963549,21120.82054523601,visit,ipw
causal_forest,0.96,0.007551512257516198,0.007551576585415596,0.00786624134806202,21112.43310190933,visit,ipw
causal_forest,0.97,0.007537746618316211,0.007537783725803051,0.007770922050843496,21073.87150850428,visit,ipw
causal_forest,0.98,0.007527491507810529,0.00752753942562994,0.007681171778832645,21045.23085318756,visit,ipw
causal_forest,0.99,0.007539858771615763,0.007539876017981398,0.007616040998926148,21079.721065632562,visit,ipw
causal_forest,1.0,0.00761381167781283,0.007613811677812833,0.007613811677812832,21286.42779162292,visit,ipw
class_transformation,0.0,0.0,0.0,0.0,0.0,visit,ipw
class_transformation,0.01,0.0018674957203896458,0.0018476414478236834,0.1855618159925977,5165.571191962175,visit,ipw
class_transformation,0.02,0.002902010343108019,0.00288785052716635,0.14469475058274162,8073.7512721390385,visit,ipw
class_transformation,0.03,0.0037104331861213835,0.0036993096390494683,0.1234787205509964,10342.400211973089,visit,ipw
class_transformation,0.04,0.0044596248036770985,0.004446574680160197,0.11128064954075034,12431.577619022883,visit,ipw
class_transformation,0.05,0.0049086438276577365,0.00490040307801758,0.09808272110995997,13700.375145094702,visit,ipw
class_transformation,0.06,0.005316980124427111,0.005312446542121208,0.08859425461106787,14852.351818121317,visit,ipw
class_transformation,0.07,0.005634379077293581,0.005633968511816474,0.08052332328011916,15751.25167025285,visit,ipw
class_transformation,0.08,0.005865531469134223,0.005867219975823552,0.07336761017492782,16403.36793684623,visit,ipw
class_transformation,0.09,0.005895832192803551,0.00589787969761006,0.06555313065705623,16489.08531226044,visit,ipw
class_transformation,0.1,0.006010519294667603,0.006011760696337754,0.06013351277764692,16807.46981647935,visit,ipw
class_transformation,0.11,0.0061297164687565036,0.006129626040381577,0.05573779935617093,17136.99361366448,visit,ipw
class_transformation,0.12,0.006264826514518532,0.006265860006586792,0.052227245954904994,17517.871760788377,visit,ipw
class_transformation,0.13,0.006408440156806033,0.006411100733865942,0.04932518425267929,17923.930694796665,visit,ipw
class_transformation,0.14,0.006476586393843384,0.0064792412271571075,0.04628776937123372,18114.435497319653,visit,ipw
class_transformation,0.15,0.006548409736800644,0.006552582337947833,0.043690400676493935,18319.480003943663,visit,ipw
class_transformation,0.16,0.00662477129100938,0.006629331418238432,0.041440791502726976,18534.052392231275,visit,ipw
class_transformation,0.17,0.006728832384415628,0.006733200968092561,0.03961401534461578,18824.44723863427,visit,ipw
class_transformation,0.18,0.0067973969126232155,0.006801361783703911,0.037791608531704796,19015.008857587643,visit,ipw
class_transformation,0.19,0.006834295307248051,0.006838204544076197,0.0359961378689235,19118.012555537596,visit,ipw
class_transformation,0.2,0.006897230046975782,0.006900319832015975,0.0345067629916577,19291.67230014881,visit,ipw
class_transformation,0.21,0.006872483756667148,0.006874974285613695,0.032742349038783286,19220.812109988878,visit,ipw
class_transformation,0.22,0.0069145491183365375,0.006917598209271212,0.03144741341217283,19339.97858159678,visit,ipw
class_transformation,0.23,0.00692953655499354,0.006931736705821856,0.030141280167901408,19379.506494637317,visit,ipw
class_transformation,0.24,0.007022798578703591,0.007024802882647112,0.02927353590309162,19639.697649431368,visit,ipw
class_transformation,0.25,0.007051261182352876,0.007053643897073711,0.028218296919987423,19720.330346562347,visit,ipw
class_transformation,0.26,0.0070937793979089885,0.00709633429634643,0.02729765523717277,19839.68266836497,visit,ipw
class_transformation,0.27,0.007085181113268496,0.0070876525062907635,0.026254311783920334,19815.410424061814,visit,ipw
class_transformation,0.28,0.007090242358547933,0.007092560321167141,0.025333965198345618,19829.13152085295,visit,ipw
class_transformation,0.29,0.007136231273349334,0.0071394354339525765,0.02462241581128108,19960.18331800203,visit,ipw
class_transformation,0.3,0.007133638790174979,0.007136168966634814,0.023790536101025897,19951.051043178904,visit,ipw
class_transformation,0.31,0.007180680846716276,0.0071833352720663025,0.023175154987599283,20082.916946520254,visit,ipw
class_transformation,0.32,0.007231135068583354,0.007234069583465479,0.022609385075774785,20224.758155871947,visit,ipw
class_transformation,0.33,0.007214849803642986,0.007217027190527394,0.021872409669288703,20177.111631105592,visit,ipw
class_transformation,0.34,0.007249518950479218,0.007251875820362096,0.021331507535419555,20274.54020880151,visit,ipw
class_transformation,0.35000000000000003,0.007278528727393873,0.007280938768469124,0.020804987382058146,20355.79338033649,visit,ipw
class_transformation,0.36,0.007299770083965216,0.007302435861291232,0.020286718221141642,20415.894198882004,visit,ipw
class_transformation,0.37,0.007339505860390657,0.007341905092992068,0.019845031537600574,20526.240893303082,visit,ipw
class_transformation,0.38,0.007369919218114461,0.0073725950918171555,0.019403492634405023,20612.04291620041,visit,ipw
class_transformation,0.39,0.007385985663668664,0.007389138559634682,0.018948425654678858,20658.294563604202,visit,ipw
class_transformation,0.4,0.007381430879263082,0.007384918742279981,0.018464187840385324,20646.49694616687,visit,ipw
class_transformation,0.41000000000000003,0.007428473189927869,0.0074324238903362575,0.018129650004071213,20779.31017384069,visit,ipw
class_transformation,0.42,0.007439566809551406,0.007443691702859685,0.017724762029926122,20810.81232910789,visit,ipw
class_transformation,0.43,0.007436277026388643,0.007440413916661724,0.017304884599606135,20801.64840935628,visit,ipw
class_transformation,0.44,0.007465322734207458,0.007469432892246723,0.016977482376783024,20882.7786440556,visit,ipw
class_transformation,0.45,0.00749320711512199,0.007497329408692339,0.016662150600094613,20960.770746840102,visit,ipw
class_transformation,0.46,0.007490338265201358,0.0074942953111078806,0.01629328104667145,20952.28812317178,visit,ipw
class_transformation,0.47000000000000003,0.007487965622847426,0.007491711284291702,0.015941059526418416,20945.06379158048,visit,ipw
class_transformation,0.48,0.007485850276179066,0.007489393573278411,0.015604071156869084,20938.584016375367,visit,ipw
class_transformation,0.49,0.007483976580053982,0.007487325960458284,0.015281350047961204,20932.80345693167,visit,ipw
class_transformation,0.5,0.007482330132557654,0.007485493518823614,0.014972010174287731,20927.680380844504,visit,ipw
class_transformation,0.51,0.007480897653918801,0.007483882486088831,0.014675237297190197,20923.176311998297,visit,ipw
class_transformation,0.52,0.007479666879306043,0.007482480153262116,0.014390281846851302,20919.25571903923,visit,ipw
class_transformation,0.53,0.0074786264636842025,0.007481274765769424,0.014116452633992332,20915.88573894123,visit,ipw
class_transformation,0.54,0.007477765897176435,0.007480255435511414,0.013853111280619113,20913.03593113784,visit,ipw
class_transformation,0.55,0.00747707542960336,0.007479412062468553,0.013599667275770527,20910.6780583485,visit,ipw
class_transformation,0.56,0.00747654600305881,0.007478735264666327,0.013355573576011665,20908.785890777744,visit,ipw
class_transformation,0.5700000000000001,0.007476169191541322,0.0074782163154788655,0.013120322681971427,20907.33503083086,visit,ipw
class_transformation,0.58,0.0074845887338580224,0.00748690927224104,0.012909075547372181,20931.638494620634,visit,ipw
class_transformation,0.59,0.007491826175395817,0.0074942380687241655,0.012702675774213683,20952.128086921985,visit,ipw
class_transformation,0.6,0.007490873751286746,0.007493193039184274,0.012489200514815411,20949.206429967184,visit,ipw
class_transformation,0.61,0.007490017564106242,0.007492247326973826,0.012282887988422857,20946.562440920537,visit,ipw
class_transformation,0.62,0.007489252975283792,0.0074913961410811684,0.01208338384825397,20944.18272523961,visit,ipw
class_transformation,0.63,0.007488575639637434,0.007490634993773151,0.011890356729395438,20942.054736277376,visit,ipw
class_transformation,0.64,0.007487981482538853,0.007489959676971403,0.011703496416254185,20940.166709235837,visit,ipw
class_transformation,0.65,0.007487466679178642,0.007489366240803037,0.011522512182529004,20938.50760119884,visit,ipw
class_transformation,0.66,0.007487027635709508,0.007488850974095531,0.011347131285054046,20937.06703660033,visit,ipw
class_transformation,0.67,0.007486660972072111,0.007488410386613488,0.011177097595134598,20935.83525756254,visit,ipw
class_transformation,0.68,0.007486363506331048,0.007488041192858435,0.011012170352957158,20934.803078604007,visit,ipw
class_transformation,0.6900000000000001,0.007486132240368053,0.0074877402972734425,0.010852123032357601,20933.961845275186,visit,ipw
class_transformation,0.7000000000000001,0.007485964346797257,0.007487504780712498,0.010696742304710516,20933.303396329975,visit,ipw
class_transformation,0.71,0.0074858571569825965,0.007487331888050238,0.010545827091991151,20932.82002908547,visit,ipw
class_transformation,0.72,0.007485808150050248,0.007487219016821585,0.010399187700186184,20932.504467661027,visit,ipw
class_transformation,0.73,0.0074858149428013564,0.007487163706792599,0.010256645025212861,20932.349833820845,visit,ipw
class_transformation,0.74,0.0074858752804399,0.007487163630374866,0.010118029824368449,20932.349620174824,visit,ipw
class_transformation,0.75,0.007485987028039915,0.007487216583804724,0.009983182047088444,20932.497665517774,visit,ipw
class_transformation,0.76,0.007486148162684296,0.007487320479017175,0.00985195021945811,20932.788132110767,visit,ipw
class_transformation,0.77,0.007486356766214223,0.007487473336151455,0.009724190877508428,20933.21548472848,visit,ipw
class_transformation,0.78,0.007486611018534588,0.007487673276631664,0.009599768044845455,20933.774471314264,visit,ipw
class_transformation,0.79,0.007486909191426336,0.007487918516771701,0.009478552750620262,20934.460105101047,visit,ipw
class_transformation,0.8,0.007487249642821494,0.007488207361858673,0.00936042258425205,20935.26764806993,visit,ipw
class_transformation,0.81,0.007487630811500955,0.007488538200673524,0.009245261283677086,20936.19259563115,visit,ipw
class_transformation,0.8200000000000001,0.007488051212179214,0.0074889095004117695,0.00913295835421607,20937.230662423666,visit,ipw
class_transformation,0.8300000000000001,0.007488509430943243,0.007489319801970402,0.009023408715436457,20938.37776913844,visit,ipw
class_transformation,0.84,0.007489004121016346,0.007489767715570868,0.008916512373640918,20939.630030281303,visit,ipw
class_transformation,0.85,0.007489533998820067,0.007490251916690144,0.00881217411783844,20940.98374279722,visit,ipw
class_transformation,0.86,0.007490097840310296,0.007490771142275278,0.008710303237257903,20942.435375487024,visit,ipw
class_transformation,0.87,0.007490694477565098,0.007491324187218243,0.008610813258644129,20943.98155915194,visit,ipw
class_transformation,0.88,0.00749132279560469,0.0074919099010706805,0.008513621701739402,20945.619077408766,visit,ipw
class_transformation,0.89,0.007491981729425278,0.00749252718497972,0.00841864985149899,20947.344858123175,visit,ipw
class_transformation,0.9,0.007492670261229945,0.007493174988827544,0.008325822545719737,20949.15596541258,visit,ipw
class_transformation,0.91,0.007493387417841787,0.007493852308559246,0.008235067976879035,20951.049592175474,visit,ipw
class_transformation,0.92,0.007494132268285243,0.0074945581836845425,0.008146317507087206,20953.023053106786,visit,ipw
class_transformation,0.93,0.007494903921523077,0.007495291694940371,0.008059505495152261,20955.073778163074,visit,ipw
class_transformation,0.9400000000000001,0.007495701524337422,0.007496051962102356,0.007974569134842166,20957.199306443883,visit,ipw
class_transformation,0.9500000000000001,0.007496495623503457,0.007496812564492463,0.007891422367562184,20959.325771943724,visit,ipw
class_transformation,0.96,0.0074987746297048435,0.007499059969201482,0.007811556331745587,20965.608987247895,visit,ipw
class_transformation,0.97,0.007501049756574083,0.007501237840279887,0.007733264388288634,20971.697802865056,visit,ipw
class_transformation,0.98,0.00749420900447395,0.007494251585225165,0.007647217134948037,20952.165875881667,visit,ipw
class_transformation,0.99,0.0074839414566571765,0.007484001469921593,0.007559610897109825,20923.508962827033,visit,ipw
class_transformation,1.0,0.007613811677777692,0.007613811677777693,0.007613811677777693,21286.42779153913,visit,ipw
response,0.0,0.0,0.0,0.0,0.0,visit,ipw
response,0.01,0.0007411565102623608,0.0007396085727978853,0.07406589891255544,2067.7717213318324,visit,ipw
response,0.02,0.0013045579372581646,0.0013007844178882367,0.06510642575692249,3636.687477381922,visit,ipw
response,0.03,0.0019300810327571429,0.0019250020031279095,0.06422907388771704,5381.8531206543685,visit,ipw
response,0.04,0.0025305299694656806,0.002524083364113269,0.06315131609147823,7056.7437892905655,visit,ipw
response,0.05,0.003061633638422145,0.003055186787705522,0.06113436130294697,8541.584123485409,visit,ipw
response,0.06,0.0035294490918598557,0.0035240265367222105,0.05875716073079679,9852.34985891442,visit,ipw
response,0.07,0.004027426009127226,0.004023534633892004,0.057501730288102015,11248.857087050925,visit,ipw
response,0.08,0.004490695283243008,0.004485210324575869,0.05608178624584054,12539.593799324426,visit,ipw
response,0.09,0.0049293471997450015,0.004924856786835773,0.054735876005485795,13768.741966990461,visit,ipw
response,0.1,0.005211314212101564,0.005206981490894442,0.05208385536256771,14557.496324900056,visit,ipw
response,0.11,0.005461129868035372,0.0054559716689772785,0.049611738992222376,15253.614336595632,visit,ipw
response,0.12,0.005739153252216005,0.005735429073067947,0.04780670604294768,16034.911550755154,visit,ipw
response,0.13,0.005928179363182201,0.005925925990093447,0.04559464940784402,16567.49615362977,visit,ipw
response,0.14,0.006180902105716993,0.006179928904095103,0.04415205645468068,17277.628596688992,visit,ipw
response,0.15,0.006430594740744408,0.006431201712743194,0.042883339020283906,17980.12830690278,visit,ipw
response,0.16,0.006594185693991841,0.006594717120321164,0.04122497820451165,18437.278951483226,visit,ipw
response,0.17,0.006713855495078563,0.006714065897063077,0.0395010664635439,18770.95007780468,visit,ipw
response,0.18,0.006796418858748661,0.006797228924126099,0.03776850289317002,19003.454353641762,visit,ipw
response,0.19,0.006849555643458275,0.006849261052288051,0.03605443169082859,19148.923953604604,visit,ipw
response,0.2,0.006928020128106939,0.006928520025819206,0.034646938617942435,19370.513413431345,visit,ipw
response,0.21,0.007037842119731415,0.0070393645934902875,0.03352475740703309,19680.408770142076,visit,ipw
response,0.22,0.007101296206663011,0.007103920330885673,0.0322939156100055,19860.891437792794,visit,ipw
response,0.23,0.0071202826577688024,0.0071229798905869425,0.030972391555639328,19914.17748668516,visit,ipw
response,0.24,0.007164909679991844,0.007167755926035258,0.029867799634966885,20039.36075699682,visit,ipw
response,0.25,0.00722441375419148,0.00722696802039231,0.028909542241011832,20204.903854758886,visit,ipw
response,0.26,0.007270609388235219,0.007274183358624954,0.027979156496217655,20336.906842286804,visit,ipw
response,0.27,0.007335268592453191,0.0073403135787580304,0.027187793487098016,20521.79139358309,visit,ipw
response,0.28,0.007349847481490471,0.0073539481007735,0.02626540619221099,20559.910312284657,visit,ipw
response,0.29,0.007389279502658995,0.007393773215948574,0.02549676069346829,20671.251973247672,visit,ipw
response,0.3,0.007413587686975928,0.007417900566845719,0.024727169320170217,20738.70637511735,visit,ipw
response,0.31,0.007385574562930803,0.007388483580067631,0.02383444225664022,20656.46339467647,visit,ipw
response,0.32,0.007388029734449673,0.007390136260260845,0.02309459663221658,20661.08390002703,visit,ipw
response,0.33,0.007368477397110372,0.007370406936336753,0.02233494483732569,20605.925347798646,visit,ipw
response,0.34,0.0074075415299931,0.007410697103343772,0.02179655580706928,20718.567184371324,visit,ipw
response,0.35000000000000003,0.007453792553561243,0.007457651096851229,0.02130788507702558,20849.839513477833,visit,ipw
response,0.36,0.007446284564895502,0.007449563090332316,0.02069337803842318,20827.22734837205,visit,ipw
response,0.37,0.007429937612801673,0.0074326221942275445,0.02008827761790019,20779.864584894403,visit,ipw
response,0.38,0.007410217224468361,0.007412095761438199,0.019505553614937998,20722.477503642673,visit,ipw
response,0.39,0.007435027615176475,0.007436985661853894,0.019069232134123315,20792.063814725636,visit,ipw
response,0.4,0.007460808077940598,0.00746271376447957,0.018656776273468983,20863.993542164633,visit,ipw
response,0.41000000000000003,0.007455190026320665,0.007457036806699621,0.018187894822070796,20848.122102605506,visit,ipw
response,0.42,0.007424221853701092,0.0074250247641059,0.01767859194108165,20758.62395608327,visit,ipw
response,0.43,0.0074216968606824205,0.0074221017859638465,0.0172606866033764,20750.451996256812,visit,ipw
response,0.44,0.007412873835520207,0.007413117327005382,0.01684794552047282,20725.33356084509,visit,ipw
response,0.45,0.00741149854397793,0.0074119056142942265,0.016470876512335877,20721.94589692304,visit,ipw
response,0.46,0.007469742314880783,0.007471011203097628,0.016241331121671365,20887.191230191696,visit,ipw
response,0.47000000000000003,0.007506204650207997,0.00750803867348691,0.015974545852853878,20990.71133393221,visit,ipw
response,0.48,0.00750364269550342,0.0075051967670647785,0.015635877077701643,20982.76603157839,visit,ipw
response,0.49,0.0075145001058638805,0.0075157820076255,0.015338548098098356,21012.359876079347,visit,ipw
response,0.5,0.00751601644494978,0.007517003371846263,0.015034180681215578,21015.77452335363,visit,ipw
response,0.51,0.007506810843891025,0.007507538776936117,0.014720798416418504,20989.31374067905,visit,ipw
response,0.52,0.007538470054015268,0.007539702439297209,0.014499777188905646,21079.23578043197,visit,ipw
response,0.53,0.007582561259297045,0.007584437680646651,0.014310679783794994,21204.305000032007,visit,ipw
response,0.54,0.007580071129918718,0.007581753612711678,0.014040658388919838,21196.800976987663,visit,ipw
response,0.55,0.0075651033963549915,0.007566341905980839,0.013757394851002067,21153.713467556918,visit,ipw
response,0.56,0.007602629524546021,0.007604646288186154,0.013580127247789883,21260.803516591383,visit,ipw
response,0.5700000000000001,0.007611624370240273,0.007613771104920717,0.013357878508569176,21286.31435935337,visit,ipw
response,0.58,0.00760870551784872,0.0076105759232412,0.013122147971799433,21277.38138241879,visit,ipw
response,0.59,0.00760322115175355,0.007604884783022981,0.01289009084385477,21261.470292095903,visit,ipw
response,0.6,0.007605218510142031,0.007606877894820919,0.012678657700370341,21267.042564193343,visit,ipw
response,0.61,0.00762729199377217,0.007629470622498587,0.012507836748236648,21330.20652026122,visit,ipw
response,0.62,0.007625636145929357,0.007627790654355105,0.012303369716645599,21325.509724215863,visit,ipw
response,0.63,0.007641569631380619,0.007644186691001895,0.012134095335721143,21371.349188720582,visit,ipw
response,0.64,0.007661825011781306,0.007664748832472287,0.011976616988133418,21428.836103051035,visit,ipw
response,0.65,0.00766240193505868,0.007665223025854426,0.0117930660120893,21430.16183628628,visit,ipw
response,0.66,0.007650193913197696,0.007652481384571653,0.011595054543399853,21394.539202237833,visit,ipw
response,0.67,0.007649068103173654,0.007651267404804145,0.011420165106995471,21391.145200159102,visit,ipw
response,0.68,0.007661011579118822,0.007663346001749337,0.011269970404589172,21424.91411809113,visit,ipw
response,0.6900000000000001,0.007684463545960292,0.007687363045717501,0.011141438609868777,21492.060127715496,visit,ipw
response,0.7000000000000001,0.007678659183505892,0.007681346679018849,0.01097366780027361,21475.23978059922,visit,ipw
response,0.71,0.007679619775347539,0.007682215511839305,0.010820317418855988,21477.668832942283,visit,ipw
response,0.72,0.0076768439982341915,0.0076793889257266625,0.01066609428577505,21469.76636257269,visit,ipw
response,0.73,0.007682511622838028,0.007685123541764208,0.010527827079245364,21485.79900106723,visit,ipw
response,0.74,0.007654983891293526,0.007656844436484157,0.010347320427176246,21406.73726983087,visit,ipw
response,0.75,0.007642585266699445,0.007644182693064932,0.01019245823391552,21371.338011428565,visit,ipw
response,0.76,0.007625406158660574,0.007626545357888764,0.010035125276853407,21322.028168008324,visit,ipw
response,0.77,0.007628241054719671,0.007629390256214732,0.00990848559015775,21329.98183502201,visit,ipw
response,0.78,0.007619227231815741,0.007620268499517485,0.009769749742018219,21304.47954740508,visit,ipw
response,0.79,0.00760982637012616,0.007610540523278923,0.009633754518514247,21277.282412445176,visit,ipw
response,0.8,0.00761656678847667,0.0076172833101489056,0.00952174894638308,21296.133659612275,visit,ipw
response,0.81,0.007601110041628306,0.007601461913861128,0.009384652917140072,21251.90075447964,visit,ipw
response,0.8200000000000001,0.007611305201539674,0.0076118124752158215,0.009282820462820751,21280.83849108291,visit,ipw
response,0.8300000000000001,0.007621539136302758,0.007622182232264948,0.009183467090375402,21309.829894335784,visit,ipw
response,0.84,0.007626517256652735,0.007627297894310926,0.009080223343313952,21324.13208295773,visit,ipw
response,0.85,0.007631861193340296,0.0076327849694399295,0.008979846291269293,21339.472655257556,visit,ipw
response,0.86,0.007620516829085453,0.007621349486078322,0.008862125170275757,21307.50173173859,visit,ipw
response,0.87,0.007619926411112412,0.007620700066063705,0.008759506781755015,21305.68610602672,visit,ipw
response,0.88,0.007633980567584273,0.0076349674869291805,0.008676175079317588,21345.574461147276,visit,ipw
response,0.89,0.0076383684192779105,0.007639306814152258,0.008583559488005307,21357.706200085267,visit,ipw
response,0.9,0.0076512259079615725,0.007652413414114584,0.008502746959487974,21394.34917281662,visit,ipw
response,0.91,0.007653446124331272,0.007654673452640302,0.008411788189049876,21400.667709302645,visit,ipw
response,0.92,0.007665689451991847,0.007667132802199287,0.008333895272226083,21435.501122045276,visit,ipw
response,0.93,0.007654322759750774,0.007655406357356331,0.008231663687723975,21402.716738616222,visit,ipw
response,0.9400000000000001,0.007642505582664875,0.007643197573146211,0.00813109539155156,21368.583847692542,visit,ipw
response,0.9500000000000001,0.007649357509532296,0.007650180775698859,0.008052852140429584,21388.10724059762,visit,ipw
response,0.96,0.007639447755168883,0.007640081416213508,0.007958442278473137,21359.87180537494,visit,ipw
response,0.97,0.007636578272941342,0.007637163850653296,0.007873383074656876,21351.71497785506,visit,ipw
response,0.98,0.0076180661697076634,0.0076183287711134645,0.007773815911811137,21299.056522729035,visit,ipw
response,0.99,0.007612511521117605,0.0076125940117473204,0.007689493937804048,21283.02348352142,visit,ipw
response,1.0,0.007613811677812975,0.0076138116778129775,0.0076138116778129775,21286.427791623297,visit,ipw
random,0.0,0.0,0.0,0.0,0.0,visit,ipw
random,0.01,-1.532875945501987e-05,-1.5377268659432197e-05,-0.0015371637209121297,-42.991228677909604,visit,ipw
random,0.02,3.364277504042522e-05,3.363064540073341e-05,0.0016811208109110548,94.02337951101424,visit,ipw
random,0.03,0.00014507133316796368,0.00014506926676643024,0.004834667553318045,405.57957071698604,visit,ipw
random,0.04,0.0002221681479689971,0.00022210611456035945,0.005551847428010757,620.9564893027616,visit,ipw
random,0.05,0.0003414350035837249,0.0003412367784528482,0.006823821936324546,954.0178233656007,visit,ipw
random,0.06,0.00042045776668833397,0.00042044203122077584,0.0070066142954759575,1175.4570925656578,visit,ipw
random,0.07,0.0004824683461965165,0.00048245199968203464,0.006891561931664285,1348.822388670615,visit,ipw
random,0.08,0.0005200132470264509,0.000519889719278768,0.0064982746165981944,1453.4894527643012,visit,ipw
random,0.09,0.0006122401942560363,0.0006122805593369064,0.006802679288781449,1711.7925246981608,visit,ipw
random,0.1,0.0007445678095138868,0.0007448504676425213,0.0074479518852019685,2082.426827187264,visit,ipw
random,0.11,0.0009210852946458297,0.0009211351587045072,0.008373474807382826,2575.27738691341,visit,ipw
random,0.12,0.0010851257843333191,0.0010853288708725067,0.009043853199654221,3034.3244116891337,visit,ipw
random,0.13,0.0011406842708936425,0.0011407572905041588,0.008774723287027275,3189.289244288181,visit,ipw
random,0.14,0.0012459452508246497,0.0012463590996007175,0.008902138157079173,3484.5270803577464,visit,ipw
random,0.15,0.0013366045924378103,0.0013369796676568704,0.008912671719904008,3737.8808878841864,visit,ipw
random,0.16,0.0013780192690779722,0.0013783000161321159,0.00861393463456931,3853.402869693392,visit,ipw
random,0.17,0.001438183502459098,0.0014383299652959433,0.008460347027102133,4021.2324972548763,visit,ipw
random,0.18,0.001505395065602733,0.0015052938263318528,0.00836221240251666,4208.447712564566,visit,ipw
random,0.19,0.0015751659798176696,0.0015746708681962972,0.008287130205603718,4402.409614242193,visit,ipw
random,0.2,0.0016341469643491827,0.001633551647214357,0.008167208638768568,4567.026432193551,visit,ipw
random,0.21,0.0017609593906769212,0.001760330543069968,0.008382018188250503,4921.4704250751,visit,ipw
random,0.22,0.0017954647337593162,0.0017946955031966424,0.008157174463355989,5017.546775955976,visit,ipw
random,0.23,0.0018529515709403816,0.001852302419053298,0.008053025896374744,5178.602171935123,visit,ipw
random,0.24,0.0019119338361443142,0.0019116410999634327,0.007964695144822294,5344.499175944891,visit,ipw
random,0.25,0.0019698283999871084,0.0019695780045181546,0.00787778290887469,5506.477142758553,visit,ipw
random,0.26,0.002001521920096009,0.0020011643381069133,0.00769634060504263,5594.785106967667,visit,ipw
random,0.27,0.002066201462039488,0.002065909508122685,0.007651103618007006,5775.797383698023,visit,ipw
random,0.28,0.0021449798388712893,0.0021447449135504463,0.007659342742970678,5996.202646669201,visit,ipw
random,0.29,0.002226839448809577,0.0022268725041482865,0.007678466505202139,6225.812085533479,visit,ipw
random,0.3,0.002347994946806134,0.0023480679670882095,0.007826561839558245,6564.64611239295,visit,ipw
random,0.31,0.00239531915729906,0.002395497413161021,0.0077270934325457605,6697.247695114996,visit,ipw
random,0.32,0.0024710367004617704,0.0024713271828785493,0.007722589373153274,6909.249907128105,visit,ipw
random,0.33,0.002480116935587944,0.002480277600733006,0.007515763847698781,6934.27317161453,visit,ipw
random,0.34,0.0025447149314512104,0.0025448341940572557,0.007484560744224135,7114.758232241163,visit,ipw
random,0.35000000000000003,0.002596666319869366,0.002596910672716294,0.007419472156543719,7260.351825769084,visit,ipw
random,0.36,0.002694498036507117,0.0026948035173640483,0.0074852229461014885,7534.037209265406,visit,ipw
random,0.37,0.00279302495203124,0.0027930936349150784,0.007548606076624234,7808.833274418564,visit,ipw
random,0.38,0.002880739385807423,0.0028806093016711795,0.007580240762239676,8053.506507730611,visit,ipw
random,0.39,0.00297503753761729,0.002975361543904189,0.007628785138465398,8318.41150508756,visit,ipw
random,0.4,0.003043451104884699,0.0030436542240458073,0.007608779791541266,8509.341786272103,visit,ipw
random,0.41000000000000003,0.0031302270606107237,0.0031304736840821416,0.007634942300864263,8752.068589242099,visit,ipw
random,0.42,0.0031544203522998323,0.003154669264880848,0.007510756167171791,8819.713745878806,visit,ipw
random,0.43,0.0031480386852495296,0.003148349301473848,0.007321316663534201,8802.044613727714,visit,ipw
random,0.44,0.003200871113969948,0.003200810930745644,0.007274137654382354,8948.714997837578,visit,ipw
random,0.45,0.003272130527969545,0.003272208093657652,0.0072711181378751,9148.324683125957,visit,ipw
random,0.46,0.0032741647793235696,0.0032741203969875307,0.007117219574567006,9153.671033741084,visit,ipw
random,0.47000000000000003,0.0034045971972544572,0.0034047206215866363,0.0072436961375143966,9518.798563569508,visit,ipw
random,0.48,0.0034777058760141932,0.0034777712077056454,0.007245005687379853,9723.030831500346,visit,ipw
random,0.49,0.0035719934676896586,0.003571690381036931,0.007288829936628244,9985.606764024544,visit,ipw
random,0.5,0.003691007121083493,0.0036906446432963,0.007380975084237719,10318.174920585152,visit,ipw
random,0.51,0.003807238981592024,0.0038067977908793826,0.007464005971195099,10642.911818925046,visit,ipw
random,0.52,0.003897568143966665,0.003897055877582259,0.007494061324414686,10895.252213790543,visit,ipw
random,0.53,0.003968427651157295,0.003967847499137331,0.007486254814917263,11093.168947780057,visit,ipw
random,0.54,0.004102444596310231,0.00410228453691121,0.007596525515018049,11469.023305385528,visit,ipw
random,0.55,0.004174446026579644,0.004174460264883531,0.007589631949876337,11670.809675577439,visit,ipw
random,0.56,0.004256062907195376,0.004255878741169509,0.007599470590658561,11898.43659750615,visit,ipw
random,0.5700000000000001,0.004288524173281644,0.004288746569590408,0.007523769996029023,11990.327320044998,visit,ipw
random,0.58,0.004342525593748923,0.004342679785809957,0.0074870722025924055,12141.11191535787,visit,ipw
random,0.59,0.004470815144058252,0.004470716314430852,0.007577218512587913,12499.071953839099,visit,ipw
random,0.6,0.004503331926729069,0.0045032882308947515,0.007505260876937328,12590.135376101567,visit,ipw
random,0.61,0.004607167302617372,0.004606649914635324,0.007551654315642288,12879.110348227003,visit,ipw
random,0.62,0.004709623325404359,0.004709136828150111,0.007595134917184804,13165.639668419684,visit,ipw
random,0.63,0.004748234435055154,0.0047477840167872275,0.007535906148889139,13273.688123659325,visit,ipw
random,0.64,0.004835138356507545,0.004834770200548686,0.007554088246758468,13516.88104697563,visit,ipw
random,0.65,0.004871431598420048,0.004870889400150939,0.007493421117680955,13617.861839088608,visit,ipw
random,0.66,0.004959835488045723,0.004959268922527514,0.0075137921673218075,13864.950209662478,visit,ipw
random,0.67,0.004996699410734766,0.004996146940914943,0.007456667742601501,13968.052480735154,visit,ipw
random,0.68,0.005097028632930985,0.005096397636927704,0.007494431563067373,14248.32986242482,visit,ipw
random,0.6900000000000001,0.005107740607971512,0.005107047257453914,0.007401271941028527,14278.10369817649,visit,ipw
random,0.7000000000000001,0.005220492185488855,0.0052196953281529014,0.007456468215036427,14593.041225432016,visit,ipw
random,0.71,0.005238168787231846,0.005237396719837081,0.007376389203931445,14642.530155791896,visit,ipw
random,0.72,0.005370320945337698,0.005369647247510461,0.007457615451169984,15012.271545105077,visit,ipw
random,0.73,0.005476689467862638,0.005475985097517606,0.007501122481435016,15309.567178551028,visit,ipw
random,0.74,0.005544401406606585,0.005543450603956622,0.0074909393482699566,15498.18487649387,visit,ipw
random,0.75,0.0055960828132483285,0.005595134613236332,0.007460011335957868,15642.681217888821,visit,ipw
random,0.76,0.005645155972750739,0.005644611086274962,0.00742696364199099,15781.005806844705,visit,ipw
random,0.77,0.005709974056963992,0.005709396540593869,0.007414672237124671,15962.130709017629,visit,ipw
random,0.78,0.005813117497384916,0.005812636212128833,0.007451955060355092,16250.76456369568,visit,ipw
random,0.79,0.005907336657517436,0.00590699975782102,0.00747707829781756,16514.5828568893,visit,ipw
random,0.8,0.006062706524706662,0.0060623927893812945,0.0075778839386117305,16949.025247324073,visit,ipw
random,0.81,0.0061324994951416105,0.006132206126400763,0.007570515462036499,17144.206927702075,visit,ipw
random,0.8200000000000001,0.006200080550730287,0.00620001292433005,0.007560897715056865,17333.778796429666,visit,ipw
random,0.8300000000000001,0.006235520403658836,0.0062353212560092445,0.00751234162936068,17432.4925924278,visit,ipw
random,0.84,0.006336464101767481,0.006336495127672953,0.007543355547431685,17715.350956241065,visit,ipw
random,0.85,0.006413100798733875,0.006413113170770759,0.00754475412379519,17929.556995338346,visit,ipw
random,0.86,0.006484403412895172,0.006484490668874446,0.007540023689181649,18129.111702444956,visit,ipw
random,0.87,0.006574852910617655,0.006574727201639032,0.0075570812605549945,18381.391837565337,visit,ipw
random,0.88,0.006691318691994745,0.006691014267564109,0.00760335795788844,18706.503140111363,visit,ipw
random,0.89,0.006770143607370501,0.006770023933956313,0.0076066900201643625,18927.395595778326,visit,ipw
random,0.9,0.006863330269674,0.0068630536566427975,0.00762555585453191,19187.4848333689,visit,ipw
random,0.91,0.006898868454978357,0.0068985887946145675,0.007580796235645192,19286.832726449273,visit,ipw
random,0.92,0.0069841183091577394,0.006983656667964093,0.0075908915805210295,19524.662504761018,visit,ipw
random,0.93,0.007068644210801303,0.007068381007658761,0.007600385817578416,19761.53184372286,visit,ipw
random,0.9400000000000001,0.007201265800030406,0.007201059524057637,0.00766068123622362,20132.469788911916,visit,ipw
random,0.9500000000000001,0.007316068362665143,0.007315865115375917,0.0077009163151970025,20453.439236684382,visit,ipw
random,0.96,0.007395414676560742,0.007394970856649119,0.007703114605413133,20674.600295135795,visit,ipw
random,0.97,0.007454940322976818,0.007454623076637028,0.007685194908524748,20841.3738807083,visit,ipw
random,0.98,0.007529123005198283,0.007528939671038428,0.007682618403501172,21049.14561021595,visit,ipw
random,0.99,0.0075563961231201035,0.007556485888272476,0.007632813178192942,21126.15835874421,visit,ipw
random,1.0,0.007613811677812892,0.007613811677812893,0.007613811677812894,21286.42779162312,visit,ipw
s_learner,0.0,0.0,0.0,0.0,0.0,visit,plain
s_learner,0.01,0.0018777027509734752,0.00176031049739045,0.176031049739045,4921.683805242912,visit,plain
s_learner,0.02,0.0031011123942268734,0.0029496454526610396,0.14748227263305197,8246.966814713149,visit,plain
s_learner,0.03,0.0038882059466759026,0.0037260077011200456,0.12420025670400153,10417.611999700155,visit,plain
s_learner,0.04,0.004434491423753283,0.004276216786894429,0.10690541967236072,11955.951486380298,visit,plain
s_learner,0.05,0.005041424269352349,0.004885419732455376,0.09770839464910752,13659.23296752717,visit,plain
s_learner,0.06,0.0054130971475439575,0.005268333838161131,0.08780556396935218,14729.829408123793,visit,plain
s_learner,0.07,0.005704301108285561,0.005566733591357414,0.0795247655908202,15564.130649280838,visit,plain
s_learner,0.08,0.0060191751645029155,0.005888366675052239,0.07360458343815299,16463.390377378706,visit,plain
s_learner,0.09,0.006367144094802039,0.006241237520652861,0.06934708356280958,17449.988326268707,visit,plain
s_learner,0.1,0.0066992192184545715,0.006580603756209497,0.06580603756209497,18398.828492853743,visit,plain
s_learner,0.11,0.006968062230539018,0.006855931583728633,0.06232665076116939,19168.62252171539,visit,plain
s_learner,0.12,0.007052118235182368,0.006944984036318231,0.057874866969318595,19417.605876854795,visit,plain
s_learner,0.13,0.00715825844327413,0.00705749617864071,0.054288432143390075,19732.180600792777,visit,plain
s_learner,0.14,0.007367341073154088,0.007270575134543558,0.05193267953245398,20327.931889022755,visit,plain
s_learner,0.15,0.007496683731353,0.007403065151294023,0.04935376767529348,20698.36311167568,visit,plain
s_learner,0.16,0.007642267742004081,0.007554433695381531,0.047215210596134566,21121.57714872374,visit,plain
s_learner,0.17,0.007813306205786073,0.007729701469244868,0.04546883217202863,21611.611472488174,visit,plain
s_learner,0.18,0.007908216419256433,0.007828226365457432,0.043490146474763514,21887.079003257015,visit,plain
s_learner,0.19,0.00808200334880978,0.008006387868543881,0.042138883518652,22385.20395664347,visit,plain
s_learner,0.2,0.008228288358251285,0.008156328956405084,0.04078164478202542,22804.42694313419,visit,plain
s_learner,0.21,0.008399865123361707,0.008332492300963355,0.03967853476649216,23296.96520912486,visit,plain
s_learner,0.22,0.00846236813664916,0.008397441915122355,0.03817019052328344,23478.559004445066,visit,plain
s_learner,0.23,0.008501815323395551,0.008439837521823704,0.03669494574705959,23597.093644342287,visit,plain
s_learner,0.24,0.008664356293916603,0.008605366338703922,0.035855693077933015,24059.898642976394,visit,plain
s_learner,0.25,0.008746053371289005,0.00869085402712768,0.03476341610851072,24298.91520981877,visit,plain
s_learner,0.26,0.00886034456492493,0.00880837031263862,0.03387834735630238,24627.481107771942,visit,plain
s_learner,0.27,0.008930514877716837,0.008880063531182677,0.032889124189565466,24827.929467977207,visit,plain
s_learner,0.28,0.008941737358280303,0.008892131573111087,0.031757612761111026,24861.670723629606,visit,plain
s_learner,0.29,0.009005224056513779,0.008957400699693382,0.030887588619632353,25044.15784948532,visit,plain
s_learner,0.3,0.009095191705315918,0.009049160107170709,0.030163867023902363,25300.709628520515,visit,plain
s_learner,0.31,0.009161471448015143,0.009118137709332029,0.029413347449458158,25493.565348000186,visit,plain
s_learner,0.32,0.00923447145733195,0.009194264604777116,0.028732076889928487,25706.409905259225,visit,plain
s_learner,0.33,0.009295817562257806,0.009256780882742439,0.02805085115982557,25881.200292115474,visit,plain
s_learner,0.34,0.00933418209185994,0.00929684504410276,0.027343661894419877,25993.216402017697,visit,plain
s_learner,0.35000000000000003,0.009388202766083696,0.009353248929546263,0.026723568370132178,26150.917040599128,visit,plain
s_learner,0.36,0.009422158527437847,0.009388164513198126,0.026078234758883684,26248.538149411877,visit,plain
s_learner,0.37,0.009482043738206894,0.0094498697432901,0.025540188495378646,26421.060912920166,visit,plain
s_learner,0.38,0.009533013276651086,0.009503003048322118,0.025007902758742415,26569.61727685868,visit,plain
s_learner,0.39,0.009534769308983785,0.009505950362461798,0.02437423169861999,26577.857725513462,visit,plain
s_learner,0.4,0.009575943383824415,0.009548017792212782,0.023870044480531954,26695.474809567975,visit,plain
s_learner,0.41000000000000003,0.009627137608915103,0.009601455394591502,0.02341818388924756,26844.88196393548,visit,plain
s_learner,0.42,0.009634397273376137,0.009609752834167571,0.022880363890875166,26868.080924600126,visit,plain
s_learner,0.43,0.009703594065529016,0.009681310969355764,0.022514676672920383,27068.15160281923,visit,plain
s_learner,0.44,0.009760095996016177,0.00973941793325087,0.02213504075738834,27230.613909098905,visit,plain
s_learner,0.45,0.009817179212485918,0.00979752320180243,0.021772273781783175,27393.071475337045,visit,plain
s_learner,0.46,0.009831770972874602,0.009812442165150388,0.02133139601119649,27434.78367350294,visit,plain
s_learner,0.47000000000000003,0.009867568630147738,0.009849263971587786,0.020955880790612308,27537.73442491378,visit,plain
s_learner,0.48,0.009895703662719874,0.009878065001780349,0.020579302087042395,27618.259743647708,visit,plain
s_learner,0.49,0.009878625853747594,0.009861029474541396,0.020124549948043663,27570.62980640083,visit,plain
s_learner,0.5,0.009911607893870425,0.009895647648690609,0.019791295297381217,27667.41938263175,visit,plain
s_learner,0.51,0.009931928519102075,0.009917108174394345,0.019445310145871267,27727.42125273629,visit,plain
s_learner,0.52,0.00995099616889947,0.009936539839340779,0.01910873046027073,27781.750594529993,visit,plain
s_learner,0.53,0.009946945296217646,0.00993180649940256,0.018739257546042568,27768.51656419661,visit,plain
s_learner,0.54,0.009977478612503936,0.009963320840526306,0.018450594149122784,27856.628077802627,visit,plain
s_learner,0.55,0.009983405097045633,0.00996970404047921,0.018126734619053106,27874.47498144855,visit,plain
s_learner,0.56,0.010008974662070041,0.009995971630052933,0.017849949339380236,27947.917007954336,visit,plain
s_learner,0.5700000000000001,0.010034543088704847,0.010022130853355618,0.017582685707641432,28021.056051252333,visit,plain
s_learner,0.58,0.010079241235179262,0.01006804805672555,0.017358703546078533,28149.436786663984,visit,plain
s_learner,0.59,0.010078543093618598,0.01006763411622583,0.0170637866376709,28148.27944296989,visit,plain
s_learner,0.6,0.010087191317307237,0.010076816981561132,0.016794694969268553,28173.953981452436,visit,plain
s_learner,0.61,0.010116005471741536,0.010106823774869336,0.016568563565359566,28257.850514985123,visit,plain
s_learner,0.62,0.010130710053845086,0.010121652741974815,0.016325246358023897,28299.311091036743,visit,plain
s_learner,0.63,0.01015260325724225,0.010144498791641643,0.016102379034351813,28363.18677252912,visit,plain
s_learner,0.64,0.010176725158851615,0.010169327124551453,0.015889573632111645,28432.60475542165,visit,plain
s_learner,0.65,0.01019515162302771,0.010188407270119515,0.015674472723260793,28485.951277858017,visit,plain
s_learner,0.66,0.010200104394170724,0.010193627973303187,0.01544489086864119,28500.547935861898,visit,plain
s_learner,0.67,0.01020134297891739,0.010195149807257702,0.015216641503369703,28504.80285880834,visit,plain
s_learner,0.68,0.010206963462257742,0.010201328158311183,0.015001953173987032,28522.077021729085,visit,plain
s_learner,0.6900000000000001,0.01021405405623575,0.010208489962470663,0.014794912989087916,28542.100838891052,visit,plain
s_learner,0.7000000000000001,0.010228328858724026,0.010223283754887784,0.01460469107841112,28583.463069398345,visit,plain
s_learner,0.71,0.010219117185467357,0.01021379590941429,0.01438562804142858,28556.935831457784,visit,plain
s_learner,0.72,0.01023158714024567,0.010226623532889337,0.014203643795679635,28592.80081482889,visit,plain
s_learner,0.73,0.01024125763399937,0.01023695647257143,0.014023228044618398,28621.690866878966,visit,plain
s_learner,0.74,0.01023877460794054,0.010234512527031695,0.013830422333826614,28614.857795553402,visit,plain
s_learner,0.75,0.010240130492589617,0.010235716410954764,0.013647621881273019,28618.22375628382,visit,plain
s_learner,0.76,0.010258967613476578,0.010254953063596193,0.013493359294205517,28672.007859663743,visit,plain
s_learner,0.77,0.010270095936729262,0.010266331524951915,0.013332898084353138,28703.82110458051,visit,plain
s_learner,0.78,0.010271664935010033,0.010267926703242843,0.013164008593901079,28708.28109227732,visit,plain
s_learner,0.79,0.010284749895521911,0.010281548627385494,0.01301461851567784,28746.366875182397,visit,plain
s_learner,0.8,0.010286363929634949,0.01028333488433016,0.012854168605412698,28751.36110312661,visit,plain
s_learner,0.81,0.010299019516225342,0.010296231915585966,0.01271139742664934,28787.42014496128,visit,plain
s_learner,0.8200000000000001,0.010304897273473558,0.010302110787824921,0.012563549741249902,28803.856989673877,visit,plain
s_learner,0.8300000000000001,0.01030910939628478,0.010306408821652912,0.012417360026087843,28815.873939818164,visit,plain
s_learner,0.84,0.010318445621025707,0.010316149277184473,0.012281130091886278,28843.107454767058,visit,plain
s_learner,0.85,0.010333883540308654,0.010332057600599203,0.012155361883057887,28887.585822552122,visit,plain
s_learner,0.86,0.01034869244403673,0.010347205290750632,0.012031634059012364,28929.937522104927,visit,plain
s_learner,0.87,0.010353000844939278,0.010351476104696835,0.011898248396203258,28941.878367691766,visit,plain
s_learner,0.88,0.010351342981830628,0.010350389439739914,0.01176180618152263,28938.84014157874,visit,plain
s_learner,0.89,0.010351911568669258,0.010351067458377978,0.011630412874581997,28940.735826093238,visit,plain
s_learner,0.9,0.010359092334397843,0.010358518112840262,0.011509464569822513,28961.56724501612,visit,plain
s_learner,0.91,0.01035473395915693,0.010353902533181884,0.011377914871628446,28948.66246276883,visit,plain
s_learner,0.92,0.010358491763984207,0.010357922204860516,0.01125861109223969,28959.901135169206,visit,plain
s_learner,0.93,0.0103540643823029,0.010353337655666345,0.011132621135125101,28947.083111555334,visit,plain
s_learner,0.9400000000000001,0.010343778102823989,0.010342765413992006,0.011002941929778728,28917.5239907577,visit,plain
s_learner,0.9500000000000001,0.010354508327388434,0.010353999854659667,0.010898947215431228,28948.934565640346,visit,plain
s_learner,0.96,0.010355907255268908,0.010355435796252463,0.010786912287762983,28952.949340586594,visit,plain
s_learner,0.97,0.01034787082265775,0.010347169225592198,0.01066718476865175,28929.836686879284,visit,plain
s_learner,0.98,0.010360907789742226,0.010360317054296356,0.010571752096220771,28966.59693781416,visit,plain
s_learner,0.99,0.010373465830844591,0.010373116954308318,0.010477895913442746,29002.384408655802,visit,plain
s_learner,1.0,0.010342450850433263,0.010342450850433262,0.010342450850433262,28916.644496841665,visit,plain
t_learner,0.0,0.0,0.0,0.0,0.0,visit,plain
t_learner,0.01,0.001793966968621628,0.0016881361027343005,0.16881361027343006,4719.89011608468,visit,plain
t_learner,0.02,0.0026978607565512113,0.002572473134636382,0.12862365673181908,7192.423941646283,visit,plain
t_learner,0.03,0.0034793965944854223,0.003346441411670473,0.11154804705568244,9356.375778834885,visit,plain
t_learner,0.04,0.0041604650698081206,0.004024381286778125,0.10060953216945312,11251.840078566122,visit,plain
t_learner,0.05,0.004748833739406871,0.004609555786638261,0.09219111573276523,12887.939995866074,visit,plain
t_learner,0.06,0.005132717113706855,0.005000022408697459,0.08333370681162433,13979.652652880584,visit,plain
t_learner,0.07,0.005319049313170191,0.005197022486409792,0.07424317837728273,14530.44871615789,visit,plain
t_learner,0.08,0.005593008564293953,0.005477141961442753,0.06846427451803441,15313.639798553098,visit,plain
t_learner,0.09,0.005992173530633802,0.0058785311072941,0.06531701230326778,16435.890936443506,visit,plain
t_learner,0.1,0.006365059981938883,0.006256933472839674,0.06256933472839674,17493.872921514954,visit,plain
t_learner,0.11,0.006656109115341653,0.006554203443547005,0.05958366766860915,18325.015383475056,visit,plain
t_learner,0.12,0.006816524477877128,0.006718928589354165,0.055991071577951385,18785.57338368992,visit,plain
t_learner,0.13,0.006919718302400922,0.006827143100394579,0.05251648538765061,19088.13228296901,visit,plain
t_learner,0.14,0.007076065079413578,0.006986710022598297,0.04990507158998783,19534.268312962984,visit,plain
t_learner,0.15,0.007283832726032226,0.007198714427560242,0.04799142951706828,20127.015244875376,visit,plain
t_learner,0.16,0.007462402443280137,0.0073826812433139466,0.046141757770712166,20641.371376443843,visit,plain
t_learner,0.17,0.007629841180315956,0.007554054623103832,0.04443561543002253,21120.51729371922,visit,plain
t_learner,0.18,0.007765916071461307,0.007693122889126304,0.04273957160625724,21509.340761920237,visit,plain
t_learner,0.19,0.00792148937955834,0.00785097557301114,0.041320924068479675,21950.683922142158,visit,plain
t_learner,0.2,0.008105124521103738,0.008038028742015386,0.040190143710076925,22473.66924431817,visit,plain
t_learner,0.21,0.00822267874695572,0.00815792343342902,0.03884725444490009,22808.884970145995,visit,plain
t_learner,0.22,0.008403766996076444,0.00834408489716439,0.0379276586234745,23329.377157510065,visit,plain
t_learner,0.23,0.008494906281042984,0.0084374385247971,0.03668451532520478,23590.38624537366,visit,plain
t_learner,0.24,0.008578528213562324,0.008522632313659715,0.03551096797358215,23828.581093142842,visit,plain
t_learner,0.25,0.008711045669665194,0.008658063312291919,0.034632253249167674,24207.235059976596,visit,plain
t_learner,0.26,0.008762159810819983,0.008711884227733316,0.03350724702974352,24357.71392623568,visit,plain
t_learner,0.27,0.008822941666752994,0.008774184487444542,0.03249697958312793,24531.90034376697,visit,plain
t_learner,0.28,0.008893713559853552,0.00884767178490013,0.031598827803214755,24737.364801494405,visit,plain
t_learner,0.29,0.008951911555417427,0.00890821865346573,0.030717995356778383,24906.6488811606,visit,plain
t_learner,0.3,0.00895872210330793,0.008917482956758154,0.029724943189193845,24932.551113493344,visit,plain
t_learner,0.31,0.00902684304732168,0.008987910566430833,0.028993259891712364,25129.46093507416,visit,plain
t_learner,0.32,0.009055630082913416,0.009017449295725637,0.028179529049142615,25212.048800006633,visit,plain
t_learner,0.33,0.009101045323023015,0.009065284128191997,0.02747055796421817,25345.79106912631,visit,plain
t_learner,0.34,0.009132423225196163,0.009097167849949966,0.026756376029264603,25434.93534069641,visit,plain
t_learner,0.35000000000000003,0.00918033796647262,0.009147417508811899,0.02613547859660542,25575.429266402345,visit,plain
t_learner,0.36,0.009228263528497963,0.00919694398008902,0.025547066611358388,25713.901218922532,visit,plain
t_learner,0.37,0.009280187850465197,0.009250784017849989,0.025002118967162132,25864.433549619105,visit,plain
t_learner,0.38,0.009317872894863,0.009289269197154023,0.024445445255668483,25972.034955168485,visit,plain
t_learner,0.39,0.009339150769761006,0.009311171293649468,0.02387479818884479,26033.271420997833,visit,plain
t_learner,0.4,0.009377464797934124,0.009351730914239402,0.02337932728559851,26146.672794278402,visit,plain
t_learner,0.41000000000000003,0.00943428404972075,0.009410237996112448,0.022951799990518162,26310.25379761472,visit,plain
t_learner,0.42,0.009455993747040758,0.009432790705748944,0.022459025489878437,26373.309324436177,visit,plain
t_learner,0.43,0.00946528768293088,0.009442774686605399,0.02195994113164046,26401.22371622439,visit,plain
t_learner,0.44,0.009524184118172784,0.009503606599234053,0.02159910590735012,26571.304755717272,visit,plain
t_learner,0.45,0.009536746291477901,0.009515815957841685,0.02114625768409263,26605.44112121681,visit,plain
t_learner,0.46,0.009557616882936496,0.009537509181112085,0.02073371561111323,26666.09359463654,visit,plain
t_learner,0.47000000000000003,0.009581412966932363,0.009561937862270513,0.02034454864312875,26734.39418400365,visit,plain
t_learner,0.48,0.00961566869609912,0.009597667906979426,0.019995141472873804,26834.292459146105,visit,plain
t_learner,0.49,0.009634512359539974,0.009617292437130954,0.01962712742271623,26889.161036238303,visit,plain
t_learner,0.5,0.009630680244755729,0.009613235434264521,0.019226470868529043,26877.817988897994,visit,plain
t_learner,0.51,0.009664870410561972,0.009648554021888753,0.01891873337625246,26976.56586377116,visit,plain
t_learner,0.52,0.009677636683060386,0.009661304361531944,0.018579431464484507,27012.21476788567,visit,plain
t_learner,0.53,0.009696901124837365,0.009681456653910056,0.018266899347000105,27068.558924886896,visit,plain
t_learner,0.54,0.00972231307105202,0.009707967634181686,0.01797771784107719,27142.68145182599,visit,plain
t_learner,0.55,0.009738522869477274,0.00972456836080301,0.0176810333832782,27189.095722199632,visit,plain
t_learner,0.56,0.00976535022932834,0.009752235547373363,0.01741470633459529,27266.45090714104,visit,plain
t_learner,0.5700000000000001,0.009788958627007962,0.009776459913709623,0.017151684059139687,27334.18024901918,visit,plain
t_learner,0.58,0.009797263588232269,0.009784959142126343,0.01687061921056266,27357.9433947356,visit,plain
t_learner,0.59,0.009823214757437521,0.009812117295027711,0.016630707279707987,27433.875363279287,visit,plain
t_learner,0.6,0.009840407259052613,0.009829899082404924,0.01638316513734154,27483.59178267941,visit,plain
t_learner,0.61,0.009855896073253758,0.009845585253618562,0.01614030369445666,27527.449031126704,visit,plain
t_learner,0.62,0.009866060615040851,0.009856213967438101,0.015897119302319518,27557.1660434116,visit,plain
t_learner,0.63,0.00988302254817071,0.009873529790528518,0.015672269508775427,27605.579664874913,visit,plain
t_learner,0.64,0.009878427951860476,0.009868415336728208,0.015419398963637823,27591.280071434456,visit,plain
t_learner,0.65,0.009898576810986395,0.009889170967170418,0.015214109180262184,27649.31111218918,visit,plain
t_learner,0.66,0.00991486795783286,0.00990584338001664,0.015008853606085816,27695.925811369365,visit,plain
t_learner,0.67,0.00990262662674317,0.009893531134404887,0.014766464379708785,27661.50178224304,visit,plain
t_learner,0.68,0.009914114587093929,0.00990500286562985,0.014566180684749776,27693.57580206608,visit,plain
t_learner,0.6900000000000001,0.009934877982442658,0.009926427108403614,0.014386126244063206,27753.476228073614,visit,plain
t_learner,0.7000000000000001,0.009940305432219652,0.00993253778926836,0.014189339698954799,27770.561190695615,visit,plain
t_learner,0.71,0.009958875489199102,0.009951973442749083,0.014016864003871948,27824.90168410413,visit,plain
t_learner,0.72,0.009980957457883811,0.0099747390995887,0.013853804304984306,27888.55259384384,visit,plain
t_learner,0.73,0.009988794467173991,0.00998250963569047,0.013674670733822565,27910.27837560043,visit,plain
t_learner,0.74,0.009997986150631313,0.009992099524492405,0.013502837195260006,27937.090918319755,visit,plain
t_learner,0.75,0.010001101761036352,0.009995529005401058,0.01332737200720141,27946.679465722915,visit,plain
t_learner,0.76,0.010009420244935736,0.010003856920402092,0.013162969632108015,27969.963633176776,visit,plain
t_learner,0.77,0.010009191079786338,0.010003570889253306,0.012991650505523776,27969.163913539327,visit,plain
t_learner,0.78,0.010033235417147804,0.010028017898552942,0.012856433203273003,28037.515746886347,visit,plain
t_learner,0.79,0.010050695232822522,0.010046132606351914,0.012716623552344195,28088.162984486233,visit,plain
t_learner,0.8,0.010050816306666833,0.010046585250886107,0.012558231563607636,28089.428541486985,visit,plain
t_learner,0.81,0.010059246987165716,0.010055481358027238,0.01241417451608301,28114.3013275728,visit,plain
t_learner,0.8200000000000001,0.010059212897442308,0.010055003084865326,0.012262198883982105,28112.964115030496,visit,plain
t_learner,0.8300000000000001,0.010055479778168104,0.010051162740858346,0.012109834627540172,28102.226828095183,visit,plain
t_learner,0.84,0.010073108972291462,0.010068994829071747,0.011986898606037792,28152.08388450862,visit,plain
t_learner,0.85,0.010081708975624649,0.01007798186732053,0.011856449255671211,28177.21090651508,visit,plain
t_learner,0.86,0.010081641849261618,0.010077885379911711,0.011718471371990363,28176.941135631994,visit,plain
t_learner,0.87,0.010095391198314662,0.01009196877763648,0.011599964112225837,28216.31716083183,visit,plain
t_learner,0.88,0.010107911323152256,0.010104851077697078,0.011482785315564861,28252.335015452656,visit,plain
t_learner,0.89,0.010113056931612447,0.01010994289419791,0.011359486397975183,28266.571316860034,visit,plain
t_learner,0.9,0.010092579601804852,0.010089387932014297,0.011210431035571441,28209.10132810155,visit,plain
t_learner,0.91,0.010096819812515033,0.010094133180508691,0.011092454044515046,28222.3686537815,visit,plain
t_learner,0.92,0.01010874265236559,0.010106144758354463,0.010984939954733111,28255.952040488894,visit,plain
t_learner,0.93,0.010152933457918496,0.010150558276314002,0.010914578791735484,28380.12859479529,visit,plain
t_learner,0.9400000000000001,0.010167342152012676,0.010165422864249232,0.01081427964281833,28421.688763765982,visit,plain
t_learner,0.9500000000000001,0.01021040386285959,0.010208664590549275,0.010745962726893973,28542.589084679348,visit,plain
t_learner,0.96,0.0102246140144194,0.010223351186400173,0.01064932415250018,28583.6516023776,visit,plain
t_learner,0.97,0.01029620607349398,0.010295480818550622,0.010613897751083116,28785.32013924042,visit,plain
t_learner,0.98,0.01037499694127691,0.010374389979427214,0.01058611222390532,29005.943682500176,visit,plain
t_learner,0.99,0.010359395354834055,0.010359112993560645,0.010463750498546108,28963.230482730094,visit,plain
t_learner,1.0,0.010342450850433263,0.010342450850433262,0.010342450850433262,28916.644496841665,visit,plain
x_learner,0.0,0.0,0.0,0.0,0.0,visit,plain
x_learner,0.01,0.0018804818169856374,0.0017637632540069043,0.17637632540069043,4931.337429616476,visit,plain
x_learner,0.02,0.0030502781710014114,0.0028977568245863905,0.14488784122931953,8101.890465483932,visit,plain
x_learner,0.03,0.0039108221491325635,0.0037470257323161497,0.12490085774387166,10476.376691445905,visit,plain
x_learner,0.04,0.00445985878776942,0.0043008968890833055,0.10752242222708264,12024.955028332017,visit,plain
x_learner,0.05,0.004989533825930455,0.004833049985723259,0.09666099971446518,13512.811449983403,visit,plain
x_learner,0.06,0.005415774807564048,0.005264576833567751,0.08774294722612919,14719.325131355079,visit,plain
x_learner,0.07,0.005866053578415289,0.005722570982507773,0.08175101403582533,15999.839216271168,visit,plain
x_learner,0.08,0.0061627707013909945,0.006027990498186354,0.07534988122732941,16853.767137708193,visit,plain
x_learner,0.09,0.006398851637734413,0.006270708736877812,0.06967454152086458,17532.38743019394,visit,plain
x_learner,0.1,0.006592149379106251,0.006471818425804556,0.06471818425804557,18094.673629438625,visit,plain
x_learner,0.11,0.0068416768177849046,0.006725656100294777,0.06114232818449797,18804.38295262397,visit,plain
x_learner,0.12,0.007071781723594911,0.006961676476194096,0.05801397063495081,19464.276569967646,visit,plain
x_learner,0.13,0.00720008197783533,0.007094919530951197,0.05457630408423997,19836.81322513801,visit,plain
x_learner,0.14,0.007343968367925661,0.007244028596222972,0.051743061401592655,20253.70994469454,visit,plain
x_learner,0.15,0.007538238852576023,0.007443655502228001,0.04962437001485334,20811.850404478308,visit,plain
x_learner,0.16,0.007687395377137804,0.007597149041074313,0.04748218150671446,21241.005752622412,visit,plain
x_learner,0.17,0.007770326042191171,0.007682784760822531,0.04519285153425018,21480.436202909408,visit,plain
x_learner,0.18,0.007918866945329655,0.007835833113083831,0.043532406183799055,21908.346845867116,visit,plain
x_learner,0.19,0.008138556034896962,0.008059900493158285,0.04242052891135939,22534.820867030125,visit,plain
x_learner,0.2,0.008256537215325151,0.008183993721824795,0.040919968609123974,22881.775358736937,visit,plain
x_learner,0.21,0.008303497683768866,0.008232904948155697,0.03920430927693189,23018.52713683758,visit,plain
x_learner,0.22,0.008393038811317305,0.008324398565908742,0.03783817529958519,23274.335789598437,visit,plain
x_learner,0.23,0.008498149157933673,0.008431894256674222,0.03666040981162705,23574.884926332077,visit,plain
x_learner,0.24,0.008572333016476773,0.008510598485384706,0.035460827022436275,23794.935496059836,visit,plain
x_learner,0.25,0.008665588269951488,0.008605310243022492,0.03442124097208997,24059.741804050962,visit,plain
x_learner,0.26,0.008749583327494924,0.008690992156731378,0.033426892910505296,24299.30140886408,visit,plain
x_learner,0.27,0.008862487745538649,0.008807001566325898,0.03261852431972555,24623.654205318773,visit,plain
x_learner,0.28,0.008966738822629395,0.008913703953250467,0.03183465697589452,24921.985329564137,visit,plain
x_learner,0.29,0.00902280163675323,0.008971915864178247,0.030937640910959477,25084.741059141517,visit,plain
x_learner,0.3,0.009088682650189925,0.009040483105390658,0.030134943684635526,25276.449443057638,visit,plain
x_learner,0.31,0.009156647565586384,0.00911060134359391,0.02938903659223842,25472.494287378395,visit,plain
x_learner,0.32,0.009238682193575216,0.00919547004933969,0.028735843904186528,25709.780229409724,visit,plain
x_learner,0.33,0.0093023480911727,0.009260624519861978,0.0280624985450363,25891.946786323464,visit,plain
x_learner,0.34,0.009330523791131095,0.009290951094787512,0.027326326749375032,25976.73740303611,visit,plain
x_learner,0.35000000000000003,0.009388825835574013,0.009351174533673947,0.026717641524782704,26145.117199840595,visit,plain
x_learner,0.36,0.009445688630343094,0.009410410555350607,0.026140029320418354,26310.73625909476,visit,plain
x_learner,0.37,0.00947824266273627,0.009443865424023331,0.025523960605468465,26404.273328604464,visit,plain
x_learner,0.38,0.009581045336503585,0.00954912759407438,0.025129283142300993,26698.577724569248,visit,plain
x_learner,0.39,0.00964280462693602,0.009612600198638018,0.02464769281702056,26876.041922175613,visit,plain
x_learner,0.4,0.009664568647417186,0.009635735752927276,0.024089339382318192,26940.727034852924,visit,plain
x_learner,0.41000000000000003,0.009701926847273399,0.009674812269740755,0.023597103096928668,27049.98177158903,visit,plain
x_learner,0.42,0.009740778568398518,0.009714766610148216,0.023130396690829086,27161.69083111238,visit,plain
x_learner,0.43,0.009790490416941066,0.00976567248412076,0.022710866242141303,27304.019480457948,visit,plain
x_learner,0.44,0.009812987586159989,0.009789399228141388,0.022248634609412246,27370.357511146613,visit,plain
x_learner,0.45,0.00984362966586594,0.00982142447176629,0.0218253877150362,27459.897466251863,visit,plain
x_learner,0.46,0.009883722006398126,0.009862070901688738,0.021439284568888564,27573.54155130777,visit,plain
x_learner,0.47000000000000003,0.009922602953336142,0.00990228357795563,0.021068688463735386,27685.97289671055,visit,plain
x_learner,0.48,0.009956503182877323,0.009937480262813414,0.020703083880861284,27784.379941444753,visit,plain
x_learner,0.49,0.009986204506352826,0.009968168887714289,0.020343201811661812,27870.18282020036,visit,plain
x_learner,0.5,0.010018633277641971,0.010001765829822715,0.020003531659645427,27964.117115386267,visit,plain
x_learner,0.51,0.010044893267950715,0.010029210367041005,0.019665118366747072,28040.849790996555,visit,plain
x_learner,0.52,0.010061982962288316,0.010047101976314912,0.019321349954451755,28090.873263414436,visit,plain
x_learner,0.53,0.010086989826249636,0.010073344443061906,0.019006310269928127,28164.24504855676,visit,plain
x_learner,0.54,0.010105514310067766,0.010093445167462013,0.01869156512492965,28220.445025720055,visit,plain
x_learner,0.55,0.01014572890925302,0.01013482209128241,0.018426949256877108,28336.131511814136,visit,plain
x_learner,0.56,0.010169694754416722,0.010160145154012692,0.018143116346451237,28406.93271871686,visit,plain
x_learner,0.5700000000000001,0.01016926952678652,0.010159859207570442,0.017824314399246387,28406.133235911933,visit,plain
x_learner,0.58,0.010169028357501757,0.010160593953627754,0.01751826543728923,28408.187525639,visit,plain
x_learner,0.59,0.010168748755226392,0.010160149035123193,0.017220591584954564,28406.943569983567,visit,plain
x_learner,0.6,0.010181977236618671,0.01017333367912279,0.016955556131871316,28443.806753465633,visit,plain
x_learner,0.61,0.010190971845355183,0.010182394470571378,0.01669244995175636,28469.139983370987,visit,plain
x_learner,0.62,0.010205874644752961,0.010197933371073891,0.01644827963076434,28512.585474986172,visit,plain
x_learner,0.63,0.010217903133363062,0.010210734205124593,0.016207514611308878,28548.375557323543,visit,plain
x_learner,0.64,0.010236589200198529,0.01022993947171062,0.015984280424547845,28602.071907866215,visit,plain
x_learner,0.65,0.01024757845998891,0.010240990483436935,0.01575536997451836,28632.96963047003,visit,plain
x_learner,0.66,0.010269601412056585,0.010263541945832615,0.015550821130049415,28696.021670108432,visit,plain
x_learner,0.67,0.010297031349076684,0.010291710682590044,0.015360762212820962,28774.77914824579,visit,plain
x_learner,0.68,0.010290224338136898,0.010284522196053275,0.015124297347137168,28754.68072934488,visit,plain
x_learner,0.6900000000000001,0.01029228210379741,0.010286326866007731,0.01490772009566338,28759.726438554604,visit,plain
x_learner,0.7000000000000001,0.010293381340996591,0.010287589716960878,0.01469655673851554,28763.257266265824,visit,plain
x_learner,0.71,0.01029675517853523,0.01029116084241379,0.014494592735794072,28773.24184019988,visit,plain
x_learner,0.72,0.010292990084845724,0.010287367507012334,0.014288010426406018,28762.635985470908,visit,plain
x_learner,0.73,0.010292010685679863,0.010286252841448372,0.014090757317052567,28759.51947195665,visit,plain
x_learner,0.74,0.01029088082353297,0.010285122495027298,0.01389881418246932,28756.35911605173,visit,plain
x_learner,0.75,0.010294737535644775,0.010288745614558828,0.013718327486078437,28766.48906116609,visit,plain
x_learner,0.76,0.01030730343225814,0.010301826046750655,0.013555034272040335,28803.060876978998,visit,plain
x_learner,0.77,0.010311109641489064,0.010305683271496746,0.013384004248697075,28813.84536107664,visit,plain
x_learner,0.78,0.010319387479757452,0.010314326659718336,0.01322349571758761,28838.011565786368,visit,plain
x_learner,0.79,0.010330657705367832,0.010325913957618537,0.013070777161542452,28870.408700556905,visit,plain
x_learner,0.8,0.010329636924449144,0.010325019221477915,0.012906274026847395,28867.90709167609,visit,plain
x_learner,0.81,0.010333664502574526,0.010329252301047328,0.01275216333462633,28879.742435039643,visit,plain
x_learner,0.8200000000000001,0.010327496380988864,0.010323118483939664,0.012589168882853247,28862.592785379617,visit,plain
x_learner,0.8300000000000001,0.010338232466593133,0.010334162645663477,0.012450798368269247,28893.471355938138,visit,plain
x_learner,0.84,0.010337308820622637,0.010333348340798191,0.012301605167616893,28891.194626307795,visit,plain
x_learner,0.85,0.01035284945938046,0.010349534213493525,0.012175922604110032,28936.448999122393,visit,plain
x_learner,0.86,0.010363222772353636,0.010360150361055457,0.012046686466343555,28966.13087718145,visit,plain
x_learner,0.87,0.010359714330839091,0.010356408887568806,0.011903918261573339,28955.6700241136,visit,plain
x_learner,0.88,0.01036321053105798,0.010359967514390353,0.011772690357261764,28965.619652899244,visit,plain
x_learner,0.89,0.0103673229867863,0.010364292125098548,0.011645272050672527,28977.710909821286,visit,plain
x_learner,0.9,0.01037942398490515,0.010376941592230059,0.011529935102477844,29013.077782664684,visit,plain
x_learner,0.91,0.010389418364088186,0.010387516518751092,0.01141485331730889,29042.644410073513,visit,plain
x_learner,0.92,0.010390127162941907,0.01038817256751051,0.011291491921207077,29044.478668608852,visit,plain
x_learner,0.93,0.010394092787325046,0.010392108607431238,0.011174310330571223,29055.483513471932,visit,plain
x_learner,0.9400000000000001,0.010400332809472917,0.010398451412466727,0.011062182353688006,29073.21747624115,visit,plain
x_learner,0.9500000000000001,0.01040578668396952,0.010403980294850543,0.010951558205105835,29088.675778017943,visit,plain
x_learner,0.96,0.010403312133812112,0.010401692623588197,0.010835096482904372,29082.279636757467,visit,plain
x_learner,0.97,0.010424108508536156,0.010423096650607895,0.010745460464544221,29142.123541174326,visit,plain
x_learner,0.98,0.010431414879309526,0.010430473225834798,0.010643340026362039,29162.747840629578,visit,plain
x_learner,0.99,0.010449653956569728,0.010448951679782817,0.010554496646245269,29214.41208263501,visit,plain
x_learner,1.0,0.010342450850433263,0.010342450850433262,0.010342450850433262,28916.644496841665,visit,plain
dr_learner,0.0,0.0,0.0,0.0,0.0,visit,plain
dr_learner,0.01,0.0019080115780348177,0.0017862582276582887,0.1786258227658289,4994.231531357907,visit,plain
dr_learner,0.02,0.003105305406399687,0.0029495609395202007,0.14747804697601002,8246.73052290144,visit,plain
dr_learner,0.03,0.0039690438581406135,0.0038054170620581977,0.12684723540193993,10639.634061315632,visit,plain
dr_learner,0.04,0.0045267269032548164,0.004362726153273036,0.10906815383182589,12197.824581006838,visit,plain
dr_learner,0.05,0.005219245956944057,0.005056299702379671,0.10112599404759343,14136.999351277966,visit,plain
dr_learner,0.06,0.005659029331226741,0.005505281139299505,0.09175468565499176,15392.314632427993,visit,plain
dr_learner,0.07,0.006055968697401759,0.005911446023637381,0.08444922890910544,16527.91834351618,visit,plain
dr_learner,0.08,0.006281016430568782,0.006143460546550008,0.0767932568318751,17176.611924389006,visit,plain
dr_learner,0.09,0.006551781895002486,0.00641828269616015,0.07131425217955722,17944.992119282695,visit,plain
dr_learner,0.1,0.006579010286040473,0.0064556423555481544,0.06455642355548155,18049.446663439485,visit,plain
dr_learner,0.11,0.006769791992943711,0.006654089996796094,0.06049172724360086,18604.28999566214,visit,plain
dr_learner,0.12,0.006898709851395701,0.006787058741499865,0.05655882284583222,18976.05970241682,visit,plain
dr_learner,0.13,0.007082791564467085,0.006976679537361276,0.053666765672009814,19506.223898740063,visit,plain
dr_learner,0.14,0.007239226238665883,0.007137925560132058,0.050985182572371834,19957.054556233303,visit,plain
dr_learner,0.15,0.007409704023643409,0.007313159676454506,0.04875439784303004,20446.994776273328,visit,plain
dr_learner,0.16,0.0075821526489331745,0.007491282267983266,0.04682051417489541,20945.010936135237,visit,plain
dr_learner,0.17,0.007716374519196344,0.007631994200412709,0.04489408353183946,21338.4299608295,visit,plain
dr_learner,0.18,0.007805661289906446,0.007725868767600888,0.042921493153338264,21600.89555297314,visit,plain
dr_learner,0.19,0.007884459528816473,0.00780857356424758,0.04109775560130305,21832.131382603966,visit,plain
dr_learner,0.2,0.007977725734178032,0.007906395890709116,0.039531979453545585,22105.63458595965,visit,plain
dr_learner,0.21,0.008085281704391475,0.008017219688212335,0.03817723661053493,22415.488836227258,visit,plain
dr_learner,0.22,0.008146033758746497,0.008081510222912962,0.03673413737687711,22595.239899426364,visit,plain
dr_learner,0.23,0.008272202120418013,0.008210756841915388,0.035698942790936466,22956.602847934388,visit,plain
dr_learner,0.24,0.0083446062024447,0.008285898920355963,0.03452457883481652,23166.693937603806,visit,plain
dr_learner,0.25,0.008457188767298047,0.008401224930982686,0.03360489972393074,23489.13600658325,visit,plain
dr_learner,0.26,0.008581872118262897,0.008529526491805503,0.032805871122328856,23847.85664991586,visit,plain
dr_learner,0.27,0.008701640268974704,0.008651211582660589,0.032041524380224395,24188.078185769227,visit,plain
dr_learner,0.28,0.00879356187084266,0.008744842969289065,0.031231582033175234,24449.863865008745,visit,plain
dr_learner,0.29,0.008835774456722834,0.008788740360944364,0.03030600124463574,24572.597372490847,visit,plain
dr_learner,0.3,0.008921297751969271,0.00887687689195925,0.02958958963986416,24819.01988601292,visit,plain
dr_learner,0.31,0.008998423839297023,0.00895618548127838,0.028890920907349613,25040.760198444885,visit,plain
dr_learner,0.32,0.009088669447168312,0.009047770525077764,0.028274282890868016,25296.824470934374,visit,plain
dr_learner,0.33,0.009168336534613674,0.009129745012709441,0.02766589397790739,25526.018416444553,visit,plain
dr_learner,0.34,0.009244539268496013,0.009207987223446576,0.02708231536307816,25744.777221804303,visit,plain
dr_learner,0.35000000000000003,0.009317395916976084,0.009282155264843427,0.02652044361383836,25952.144983770504,visit,plain
dr_learner,0.36,0.009345741186637673,0.009312957936182845,0.025869327600507905,26038.266727016467,visit,plain
dr_learner,0.37,0.009374590085006367,0.009342549017482606,0.02525013247968272,26121.00096386193,visit,plain
dr_learner,0.38,0.009410179760680594,0.009379772821468492,0.02468361268807498,26225.075667454545,visit,plain
dr_learner,0.39,0.009459469693908207,0.00943028114376373,0.024180208060932643,26366.2927949096,visit,plain
dr_learner,0.4,0.00953990622209395,0.009512110240645383,0.023780275601613457,26595.080239804756,visit,plain
dr_learner,0.41000000000000003,0.00959049913662409,0.009564255869013388,0.023327453339057044,26740.875140780176,visit,plain
dr_learner,0.42,0.009624470646871107,0.00959972009841002,0.022856476424785763,26840.03021810635,visit,plain
dr_learner,0.43,0.009665876119350207,0.009642576218367619,0.02242459585666888,26959.852415305955,visit,plain
dr_learner,0.44,0.009690297413239303,0.0096676327579512,0.021971892631707277,27029.908445345405,visit,plain
dr_learner,0.45,0.009736661418556228,0.009714969879085178,0.021588821953522616,27162.25915439207,visit,plain
dr_learner,0.46,0.009792577161664298,0.009772278386143007,0.02124408344813697,27322.489040828186,visit,plain
dr_learner,0.47000000000000003,0.009822495073913815,0.009803457604458898,0.020858420435018926,27409.66357854351,visit,plain
dr_learner,0.48,0.009854881513351642,0.00983702215721369,0.02049379616086186,27503.507315752588,visit,plain
dr_learner,0.49,0.009886063287122309,0.009869341718278494,0.02014151371077244,27593.870158285772,visit,plain
dr_learner,0.5,0.009916115031982945,0.009900492914942736,0.019800985829885473,27680.966349760867,visit,plain
dr_learner,0.51,0.009945105343813881,0.009930546211324389,0.01947165923789096,27764.992902073664,visit,plain
dr_learner,0.52,0.009973097376660689,0.00995956651590144,0.01915301253057969,27846.131294006118,visit,plain
dr_learner,0.53,0.010000149371877935,0.009987613718555981,0.01884455418595468,27924.548972757602,visit,plain
dr_learner,0.54,0.010026315126708301,0.01001474316649278,0.01854582067869033,28000.40068457416,visit,plain
dr_learner,0.55,0.010051644410233271,0.010041006086999068,0.01825637470363467,28073.82965675026,visit,plain
dr_learner,0.56,0.010076183333464703,0.010066449963847467,0.017975803506870475,28144.96865002048,visit,plain
dr_learner,0.5700000000000001,0.010099974679369602,0.010091118873166676,0.01770371732134504,28213.940897626424,visit,plain
dr_learner,0.58,0.01013119090528543,0.010123167145271242,0.017453736457364206,28303.545238472478,visit,plain
dr_learner,0.59,0.010140717195718988,0.010132646437235507,0.017173977012263572,28330.048561502623,visit,plain
dr_learner,0.6,0.010150481370887136,0.010142731235202943,0.01690455205867157,28358.244829666142,visit,plain
dr_learner,0.61,0.010159987940531318,0.010152548490946494,0.01664352211630573,28385.69307171014,visit,plain
dr_learner,0.62,0.0101692495006377,0.010162111257234313,0.01639050202779728,28412.429782104045,visit,plain
dr_learner,0.63,0.010178277839164255,0.010171431751317858,0.016145129763996596,28438.489119281123,visit,plain
dr_learner,0.64,0.01018708399981153,0.010180521420732816,0.015907064719895024,28463.903089612453,visit,plain
dr_learner,0.65,0.010195678339847625,0.010189391002977647,0.01567598615842715,28488.701714263258,visit,plain
dr_learner,0.66,0.010204070582624658,0.010198050579724572,0.015451591787461472,28512.913180762367,visit,plain
dr_learner,0.67,0.01021226986534623,0.010206509626138137,0.015233596456922592,28536.563980892886,visit,plain
dr_learner,0.68,0.0102202847825799,0.0102147770558092,0.015021730964425294,28559.67903632395,visit,plain
dr_learner,0.6900000000000001,0.010228123425950135,0.010222861261752486,0.014815740959061574,28582.281813236485,visit,plain
dr_learner,0.7000000000000001,0.010235793420397292,0.010230770153863915,0.014615385934091306,28604.394427050887,visit,plain
dr_learner,0.71,0.010243301957344443,0.010238511193189746,0.01442043830026725,28626.037738240688,visit,plain
dr_learner,0.72,0.010250655825075176,0.010246091423319373,0.014230682532388017,28647.231440104253,visit,plain
dr_learner,0.73,0.010257861436592308,0.010253517499179651,0.01404591438243788,28667.994139271374,visit,plain
dr_learner,0.74,0.010264924855198034,0.010260795713478451,0.013865940153349257,28688.343429637243,visit,plain
dr_learner,0.75,0.010271851818009724,0.010267932021018052,0.013690576028024072,28708.29596034075,visit,plain
dr_learner,0.76,0.010278647757603338,0.010274932061075976,0.01351964744878418,28727.867498339423,visit,plain
dr_learner,0.77,0.010285317821956191,0.010281801178030445,0.013352988542896682,28747.072986076524,visit,plain
dr_learner,0.78,0.01029186689284268,0.010288544440388559,0.013190441590241742,28765.9265946823,visit,plain
dr_learner,0.79,0.010298299602821488,0.010295166658359995,0.013031856529569612,28784.44177310856,visit,plain
dr_learner,0.8,0.01030462035093829,0.010301672400104189,0.012877090500130237,28802.631293554503,visit,plain
dr_learner,0.81,0.010310833317256046,0.010308066006766415,0.012726007415761006,28820.507293506344,visit,plain
dr_learner,0.8200000000000001,0.01031694247631354,0.010314351606406617,0.012578477568788556,28838.081314681174,visit,plain
dr_learner,0.8300000000000001,0.01032295160960343,0.010320533126915273,0.0124343772613437,28855.364339138698,visit,plain
dr_learner,0.84,0.010328864317152223,0.010326614308001036,0.012293588461905994,28872.366822797638,visit,plain
dr_learner,0.85,0.010334684028276342,0.010332598712326897,0.012155998485090469,28889.098726571596,visit,plain
dr_learner,0.86,0.01034041401158231,0.010338489735864997,0.012021499692866276,28905.56954532019,visit,plain
dr_learner,0.87,0.010346057384272044,0.010344290617532979,0.011889989215555147,28921.78833479157,visit,plain
dr_learner,0.88,0.010351617120808876,0.010350004448169433,0.011761368691101629,28937.763736716985,visit,plain
dr_learner,0.89,0.010357096060995311,0.010355634178900891,0.011635544021236954,28953.504002204223,visit,plain
dr_learner,0.9,0.010362496917508183,0.010361182628947758,0.011512425143275287,28969.01701356236,visit,plain
dr_learner,0.91,0.01036782228293355,0.010366652492912716,0.0113919258163876,28984.310304679537,visit,plain
dr_learner,0.92,0.010373074636339432,0.010372046347591053,0.011273963421294622,28999.39108006408,visit,plain
dr_learner,0.93,0.010378256349421723,0.010377366658339314,0.011158458772407863,29014.266232650738,visit,plain
dr_learner,0.9400000000000001,0.010383369692254863,0.01038261578503513,0.011045335941526735,29028.94236046385,visit,plain
dr_learner,0.9500000000000001,0.010385210808006484,0.010384591943213391,0.010931149413908832,29034.467536685297,visit,plain
dr_learner,0.96,0.010390254043789413,0.010389640055928413,0.01082254172492543,29048.581645891256,visit,plain
dr_learner,0.97,0.01039529484381822,0.01039468563125952,0.010716170753875792,29062.68866077985,visit,plain
dr_learner,0.98,0.010404568862776083,0.01040423033499446,0.010616561566320876,29089.37486975704,visit,plain
dr_learner,0.99,0.010409777528250544,0.010409753478630237,0.010514902503666906,29104.817126464895,visit,plain
dr_learner,1.0,0.010342450850433263,0.010342450850433262,0.010342450850433262,28916.644496841665,visit,plain
causal_forest,0.0,0.0,0.0,0.0,0.0,visit,plain
causal_forest,0.01,0.0017315167955728472,0.0016348724330535322,0.1634872433053532,4570.969263278165,visit,plain
causal_forest,0.02,0.0029597349156151834,0.002817767074185089,0.14088835370925445,7878.245682521426,visit,plain
causal_forest,0.03,0.003708269693191602,0.003559174692557765,0.11863915641859218,9951.160588066721,visit,plain
causal_forest,0.04,0.004534015130269746,0.004379162661448533,0.10947906653621331,12243.779710071858,visit,plain
causal_forest,0.05,0.005143358239495139,0.004990022812387222,0.09980045624774445,13951.694601564057,visit,plain
causal_forest,0.06,0.005521877848150998,0.00537511965765147,0.0895853276275245,15028.393802981582,visit,plain
causal_forest,0.07,0.005980349255860129,0.005836364097135602,0.08337662995908002,16317.995433735177,visit,plain
causal_forest,0.08,0.006255871436323129,0.0061199367066956415,0.07649920883369551,17110.841197111065,visit,plain
causal_forest,0.09,0.0066518489249940685,0.006523511412016698,0.07248346013351886,18239.202980062902,visit,plain
causal_forest,0.1,0.0067899629460983,0.006666269013765824,0.06666269013765824,18638.341528430115,visit,plain
causal_forest,0.11,0.00696755330590165,0.006852310230292714,0.0622937293662974,19158.497514459545,visit,plain
causal_forest,0.12,0.007027481047694136,0.006919618133101347,0.05766348444251124,19346.684891464454,visit,plain
causal_forest,0.13,0.0071523371244479,0.0070503231128977795,0.054233254714598306,19712.125297166935,visit,plain
causal_forest,0.14,0.007286077397577856,0.007188419612639393,0.05134585437599565,20098.231786531505,visit,plain
causal_forest,0.15,0.0073910627353162865,0.007299998333955523,0.04866665555970348,20410.196741876258,visit,plain
causal_forest,0.16,0.007493988841413791,0.0074101729740124475,0.0463135810875778,20718.236001154935,visit,plain
causal_forest,0.17,0.007592762492503721,0.007514645828773306,0.04420379899278415,21010.333536292204,visit,plain
causal_forest,0.18,0.007768917620125731,0.007695436933303939,0.04275242740724411,21515.810639689284,visit,plain
causal_forest,0.19,0.007842913446431602,0.007773925289529734,0.0409153962606828,21735.257647651393,visit,plain
causal_forest,0.2,0.007893164005584295,0.007827563522077363,0.039137817610386816,21885.225747519497,visit,plain
causal_forest,0.21,0.007999323890064306,0.007938824557464322,0.03780392646411582,22196.302479056532,visit,plain
causal_forest,0.22,0.00811058954849638,0.008051927043855205,0.03659966838116002,22512.527756601554,visit,plain
causal_forest,0.23,0.008266459688869623,0.008208635438826765,0.0356897192992468,22950.671578853653,visit,plain
causal_forest,0.24,0.008376657969328752,0.008321003268999367,0.03467084695416403,23264.842817854173,visit,plain
causal_forest,0.25,0.008415973044114854,0.008362760139121773,0.033451040556487094,23381.591602653072,visit,plain
causal_forest,0.26,0.008446401844085825,0.008396085639309131,0.032292637074265884,23474.766968485907,visit,plain
causal_forest,0.27,0.008544931993259956,0.00849700265157956,0.0314703801910354,23756.92265959902,visit,plain
causal_forest,0.28,0.008614256231775388,0.008568629983566863,0.030602249941310222,23957.186806394297,visit,plain
causal_forest,0.29,0.008690493902035325,0.00864665412886418,0.02981604872022131,24175.33591866568,visit,plain
causal_forest,0.3,0.008732026264952822,0.008688810068203792,0.02896270022734597,24293.200468272207,visit,plain
causal_forest,0.31,0.008771109485406875,0.008728953496249607,0.02815791450403099,24405.438201327208,visit,plain
causal_forest,0.32,0.008859982353029401,0.008819108007412115,0.02755971252316286,24657.502821867667,visit,plain
causal_forest,0.33,0.008941396116494532,0.008902335603499444,0.026976774556058916,24890.20035586496,visit,plain
causal_forest,0.34,0.009069696450110793,0.009032215253799832,0.026565338981764205,25253.333207973516,visit,plain
causal_forest,0.35000000000000003,0.009139573783213867,0.009104585986922435,0.02601310281977838,25455.675843384197,visit,plain
causal_forest,0.36,0.009164321247894314,0.009130095556850883,0.025361376546808007,25526.998509119407,visit,plain
causal_forest,0.37,0.00921125958529689,0.00917831523845387,0.024806257401226675,25661.816784867468,visit,plain
causal_forest,0.38,0.009249925446605816,0.009218053098036867,0.02425803446851807,25772.92058175704,visit,plain
causal_forest,0.39,0.009320969486385767,0.009290298175065858,0.02382127737196374,25974.911893033786,visit,plain
causal_forest,0.4,0.009373412636390509,0.009343950469334488,0.023359876173336222,26124.919308320743,visit,plain
causal_forest,0.41000000000000003,0.00941347295118539,0.009385086748664544,0.02289045548454767,26239.932972152677,visit,plain
causal_forest,0.42,0.009416586926947884,0.009389425198938888,0.02235577428318783,26252.06292336682,visit,plain
causal_forest,0.43,0.00946891961616278,0.009442804063946538,0.02196000945103846,26401.305852861275,visit,plain
causal_forest,0.44,0.009480983549514318,0.009455500308886138,0.02148977342928668,26436.803512620314,visit,plain
causal_forest,0.45,0.009513774012960283,0.009489221037580329,0.021087157861289618,26531.08390494952,visit,plain
causal_forest,0.46,0.009581323443933256,0.00955847426728283,0.020779291885397455,26724.710256432874,visit,plain
causal_forest,0.47000000000000003,0.00961825566135241,0.009596658751384095,0.020418422875285308,26831.470942852317,visit,plain
causal_forest,0.48,0.009661217841522268,0.009640940104048458,0.02008529188343429,26955.27797383096,visit,plain
causal_forest,0.49,0.009708551813065788,0.009689257726798876,0.019773995360814034,27090.37008499606,visit,plain
causal_forest,0.5,0.009737356968754253,0.009718598865873306,0.01943719773174661,27172.40550387476,visit,plain
causal_forest,0.51,0.009756459052538368,0.009738480212104184,0.019095059239419968,27227.992117665905,visit,plain
causal_forest,0.52,0.009767155424696031,0.009749873263798283,0.018749756276535162,27259.84615597237,visit,plain
causal_forest,0.53,0.009786618767904591,0.009769762846947812,0.018433514805561907,27315.45579951263,visit,plain
causal_forest,0.54,0.009758731721966408,0.009741180512074713,0.018039223170508725,27235.541934958906,visit,plain
causal_forest,0.55,0.009782777736033714,0.009765608720086824,0.017755652218339676,27303.84120144771,visit,plain
causal_forest,0.56,0.009791181005868307,0.009774719220027308,0.017454855750048764,27329.313412220312,visit,plain
causal_forest,0.5700000000000001,0.009825659359850704,0.00980965632912875,0.0172099233844364,27426.994704424997,visit,plain
causal_forest,0.58,0.009848114160008952,0.009833343612882788,0.016954040711866875,27493.222407444016,visit,plain
causal_forest,0.59,0.009836297650890386,0.009821200921358178,0.016646103256539285,27459.272437641914,visit,plain
causal_forest,0.6,0.009843272467019848,0.009828224637481366,0.016380374395802276,27478.910171977626,visit,plain
causal_forest,0.61,0.009858779918455835,0.009844185016625649,0.01613800822397647,27523.53408331395,visit,plain
causal_forest,0.62,0.009883291735702814,0.00986981203504093,0.015919051669420856,27595.18512538757,visit,plain
causal_forest,0.63,0.009908473063809927,0.009895765673023383,0.015707564560354575,27667.749368988192,visit,plain
causal_forest,0.64,0.00994124925192514,0.00992910141771949,0.015514220965186704,27760.953377627444,visit,plain
causal_forest,0.65,0.009974279682622786,0.009962493902279634,0.01532691369581482,27854.316026273867,visit,plain
causal_forest,0.66,0.010004609907738379,0.00999400960855289,0.01514243880083771,27942.431356725978,visit,plain
causal_forest,0.67,0.010016638954557264,0.01000641562987121,0.014934948701300313,27977.117575038254,visit,plain
causal_forest,0.68,0.010011020529566482,0.010001177831328542,0.01470761445783609,27962.473119812435,visit,plain
causal_forest,0.6900000000000001,0.010017850629743254,0.010008043220341316,0.014504410464262776,27981.668184530252,visit,plain
causal_forest,0.7000000000000001,0.010012322328174549,0.010002645158630533,0.014289493083757904,27966.575646627964,visit,plain
causal_forest,0.71,0.010025384893354482,0.010016128950867112,0.014107223874460721,28004.27522405047,visit,plain
causal_forest,0.72,0.010021333707605848,0.010012168496471009,0.013905789578431957,27993.20211831623,visit,plain
causal_forest,0.73,0.010029231822420819,0.010020053922025124,0.013726101263048116,28015.24912156064,visit,plain
causal_forest,0.74,0.010044375326039,0.010035031157257884,0.013560852915213355,28057.124243138147,visit,plain
causal_forest,0.75,0.010043198261491745,0.010033929194096868,0.013378572258795823,28054.043244500925,visit,plain
causal_forest,0.76,0.010060273433086832,0.010051425074350686,0.013225559308356165,28102.960291028423,visit,plain
causal_forest,0.77,0.01008080141179549,0.010072351764616898,0.013080976317684283,28161.469601024146,visit,plain
causal_forest,0.78,0.0100939245995939,0.010085848498703058,0.012930574998337253,28199.205362796856,visit,plain
causal_forest,0.79,0.01010017592514319,0.010092614470563427,0.012775461355143576,28218.122465308752,visit,plain
causal_forest,0.8,0.010091856638752865,0.010084515870143057,0.012605644837678821,28195.479442618634,visit,plain
causal_forest,0.81,0.010102723940201732,0.010095631902335004,0.012463743089302474,28226.55895711268,visit,plain
causal_forest,0.8200000000000001,0.010125439382738917,0.010119456214914906,0.012340800262091348,28293.169781492456,visit,plain
causal_forest,0.8300000000000001,0.01012415881986378,0.010118192163264476,0.012190592967788523,28289.635596730088,visit,plain
causal_forest,0.84,0.0101327901996998,0.010126841471944243,0.01205576365707648,28313.818354555406,visit,plain
causal_forest,0.85,0.010149131728829862,0.010143690542409425,0.011933753579305206,28360.926973952275,visit,plain
causal_forest,0.86,0.010165003610765305,0.010160244594721146,0.011814237900838541,28407.210746783556,visit,plain
causal_forest,0.87,0.010163232023813298,0.010158422065577438,0.011676347201813146,28402.11510474514,visit,plain
causal_forest,0.88,0.010165881604650267,0.010161258246784365,0.011546884371345871,28410.04483483285,visit,plain
causal_forest,0.89,0.010191339389252062,0.010187460045458311,0.011446584320739674,28483.30291537771,visit,plain
causal_forest,0.9,0.010198152936152678,0.010194300169931966,0.011327000188813295,28502.427342515843,visit,plain
causal_forest,0.91,0.010211261754296512,0.010207299444286076,0.011216812576138546,28538.77224766944,visit,plain
causal_forest,0.92,0.010227440696451824,0.010223795839981224,0.011112821565196981,28584.894817328623,visit,plain
causal_forest,0.93,0.010228284966625305,0.010225379937966607,0.010995032191361942,28589.32382539972,visit,plain
causal_forest,0.9400000000000001,0.010248078489431264,0.010245741618470097,0.010899725126032017,28646.253414429677,visit,plain
causal_forest,0.9500000000000001,0.010263286480572849,0.010261424049243035,0.010801498999203192,28690.100204911487,visit,plain
causal_forest,0.96,0.010266012133321357,0.010264318394464268,0.010691998327566947,28698.19255681375,visit,plain
causal_forest,0.97,0.010256892965166353,0.010255534345529447,0.01057271582013345,28673.633076284,visit,plain
causal_forest,0.98,0.010250330976839141,0.010249427671909693,0.010458599665213973,28656.559317590407,visit,plain
causal_forest,0.99,0.010265608266774683,0.0102651364946752,0.010368824742096161,28700.479897919293,visit,plain
causal_forest,1.0,0.010342450850433263,0.010342450850433262,0.010342450850433262,28916.644496841665,visit,plain
class_transformation,0.0,0.0,0.0,0.0,0.0,visit,plain
class_transformation,0.01,0.0018964949049328076,0.0017737296362776134,0.17737296362776134,4959.202617202032,visit,plain
class_transformation,0.02,0.002951196240394814,0.0028051632246302283,0.1402581612315114,7843.006352681698,visit,plain
class_transformation,0.03,0.0037928177060705926,0.0036378257469611907,0.12126085823203969,10171.062486792238,visit,plain
class_transformation,0.04,0.004602647099698155,0.004437965525667744,0.1109491381416936,12408.187696593908,visit,plain
class_transformation,0.05,0.005096953713723447,0.004939355716509946,0.09878711433019893,13810.033556193057,visit,plain
class_transformation,0.06,0.005572699287564553,0.0054212995253899365,0.09035499208983228,15157.50892642918,visit,plain
class_transformation,0.07,0.005959103670590651,0.005816448952394995,0.08309212789135706,16262.314322082308,visit,plain
class_transformation,0.08,0.0062359837783769806,0.006101862658273667,0.07627328322842084,17060.307639795195,visit,plain
class_transformation,0.09,0.006303943000715878,0.0061805324800325925,0.06867258311147326,17280.262010507766,visit,plain
class_transformation,0.1,0.006471726545523192,0.0063539349773521015,0.06353934977352102,17765.081174008334,visit,plain
class_transformation,0.11,0.006638196600926614,0.006523983220224308,0.05930893836567552,18240.522117123106,visit,plain
class_transformation,0.12,0.0068477221604522544,0.006739035074516445,0.056158625620970376,18841.78946747187,visit,plain
class_transformation,0.13,0.007065817462995467,0.006962682669762866,0.05355909745971435,19467.089804678053,visit,plain
class_transformation,0.14,0.007192348284703736,0.007093978148988568,0.050671272492775477,19834.181198363818,visit,plain
class_transformation,0.15,0.00735776168848155,0.0072655830937898925,0.04843722062526595,20313.97455242285,visit,plain
class_transformation,0.16,0.007522942797950978,0.007435496678204397,0.04647185423877748,20789.03900153188,visit,plain
class_transformation,0.17,0.007692828528408954,0.0076095560706666895,0.04476209453333346,21275.694789986268,visit,plain
class_transformation,0.18,0.0078119347926336345,0.0077332965713015085,0.04296275872945282,21621.66308304017,visit,plain
class_transformation,0.19,0.007891928015520706,0.00781800781169265,0.04114740953522447,21858.508764852093,visit,plain
class_transformation,0.2,0.008035335856355286,0.007963925618816902,0.039819628094084514,22266.482988311316,visit,plain
class_transformation,0.21,0.008072337298341791,0.008004341788309721,0.038115913277665336,22379.48328408734,visit,plain
class_transformation,0.22,0.008168313869466622,0.008103606060347697,0.03683457300158044,22657.01804903521,visit,plain
class_transformation,0.23,0.00824471075387391,0.008182486912598161,0.03557603005477461,22877.562443697625,visit,plain
class_transformation,0.24,0.008379730284770532,0.008319226840647728,0.03466344516936554,23259.876069850114,visit,plain
class_transformation,0.25,0.008476443404938657,0.00841857952654287,0.03367431810617148,23537.65803269269,visit,plain
class_transformation,0.26,0.008555445906550354,0.008499674001546317,0.03269105385210122,23764.391535055376,visit,plain
class_transformation,0.27,0.008581340937929154,0.008528313734474732,0.031586347164721224,23844.46587986512,visit,plain
class_transformation,0.28,0.00863916228489119,0.008587988914969074,0.030671388982032408,24011.312791162505,visit,plain
class_transformation,0.29,0.008721337124392419,0.008673198292485635,0.02990758031891598,24249.55122352985,visit,plain
class_transformation,0.3,0.008767160124298002,0.008720881390992013,0.029069604636640045,24382.869256939608,visit,plain
class_transformation,0.31,0.008869423012216425,0.008825553654701392,0.028469527918391593,24675.524323145408,visit,plain
class_transformation,0.32,0.0089626341146396,0.008921105035958169,0.027878453237369274,24942.67814992609,visit,plain
class_transformation,0.33,0.008997668725820427,0.008957623184401665,0.027144312680005042,25044.779898485936,visit,plain
class_transformation,0.34,0.009089576394918204,0.009051937852186833,0.02662334662407892,25308.475975810506,visit,plain
class_transformation,0.35000000000000003,0.009172891670513519,0.009137463882543134,0.026107039664408957,25547.599743552237,visit,plain
class_transformation,0.36,0.009239894407792808,0.009206806799359264,0.025574463331553512,25741.476852850956,visit,plain
class_transformation,0.37,0.009312148352273175,0.009280409440117966,0.025082187675994502,25947.263800995745,visit,plain
class_transformation,0.38,0.009371701102274801,0.009341364243221758,0.02458253748216252,26117.688432180094,visit,plain
class_transformation,0.39,0.009408829283213026,0.009379964008911527,0.024051189766439815,26225.6102118679,visit,plain
class_transformation,0.4,0.00943072173087651,0.009403669104176072,0.023509172760440178,26291.887714409753,visit,plain
class_transformation,0.41000000000000003,0.009500273189532006,0.009474652886412843,0.02310890947905571,26490.35254887362,visit,plain
class_transformation,0.42,0.009532336164481544,0.009507750403768214,0.02263750096135289,26582.890493402818,visit,plain
class_transformation,0.43,0.00954814965842533,0.009524481197330705,0.022149956272862106,26629.66842027847,visit,plain
class_transformation,0.44,0.009606977696883713,0.009584613688158114,0.02178321292763208,26797.793933767658,visit,plain
class_transformation,0.45,0.009660510736033337,0.009639376568026334,0.021420836817836297,26950.906455323053,visit,plain
class_transformation,0.46,0.009690454153073248,0.00967060376493081,0.02102305166289306,27038.21513723782,visit,plain
class_transformation,0.47000000000000003,0.009722196356239965,0.009703544709438296,0.02064583980731552,27130.3153169233,visit,plain
class_transformation,0.48,0.009752738001940304,0.009735242983526219,0.020281756215679625,27218.94109201466,visit,plain
class_transformation,0.49,0.009782155015108374,0.009765776649058663,0.01993015642665033,27304.310717082797,visit,plain
class_transformation,0.5,0.009810517050719827,0.009795217362477883,0.019590434724955766,27386.624537664437,visit,plain
class_transformation,0.51,0.00983788812792447,0.009823631018720294,0.019262021605333912,27466.066790598405,visit,plain
class_transformation,0.52,0.009864327188742738,0.009851078318973068,0.018944381382640513,27542.807191426542,visit,plain
class_transformation,0.53,0.0098898885915919,0.00987761527257901,0.018637009948262284,27617.00233767856,visit,plain
class_transformation,0.54,0.009914622548341814,0.00990329364183282,0.018339432670060773,27688.796952485936,visit,plain
class_transformation,0.55,0.009938575512297633,0.009928161337110109,0.018051202431109283,27758.32498933022,visit,plain
class_transformation,0.56,0.009961790523419412,0.009952262768681846,0.01777189780121758,27825.710615687407,visit,plain
class_transformation,0.5700000000000001,0.009984307516178709,0.009975639160655634,0.017501121334483567,27891.06909078198,visit,plain
class_transformation,0.58,0.010000368102088021,0.009992595040159336,0.017228612138205757,27938.476339492212,visit,plain
class_transformation,0.59,0.010017457147526661,0.010010229889872792,0.016966491338767445,27987.78193323336,visit,plain
class_transformation,0.6,0.01002653923900178,0.010019617424944676,0.016699362374907795,28014.028711516472,visit,plain
class_transformation,0.61,0.010035386423995658,0.010028760553707125,0.016440591071651023,28039.592149799715,visit,plain
class_transformation,0.62,0.010044010183960233,0.010037671196180944,0.01618979225190475,28064.505575483832,visit,plain
class_transformation,0.63,0.010052421264108545,0.010046360509631144,0.015946603983541495,28088.800183366886,visit,plain
class_transformation,0.64,0.010060629731497078,0.01005483894861794,0.01571068585721553,28112.505203541972,visit,plain
class_transformation,0.65,0.010068645027694773,0.010063116319462138,0.015481717414557138,28135.64805367794,visit,plain
class_transformation,0.66,0.010076476016618686,0.010071201829722124,0.015259396711700186,28158.25447735302,visit,plain
class_transformation,0.67,0.010084131028045581,0.010079104133207182,0.015043439004786836,28180.34866990836,visit,plain
class_transformation,0.68,0.010091617897249031,0.010086831370990135,0.014833575545573727,28201.953393115997,visit,plain
class_transformation,0.6900000000000001,0.010098944001158397,0.010094391208828194,0.014629552476562599,28223.090079804508,visit,plain
class_transformation,0.7000000000000001,0.010106116291390781,0.010101790871353423,0.014431129816219176,28243.77892945272,visit,plain
class_transformation,0.71,0.010113141324466878,0.010109037173353909,0.014238080525850579,28264.038995649313,visit,plain
class_transformation,0.72,0.010120025289486984,0.010116136548430158,0.014050189650597442,28283.88826621375,visit,plain
class_transformation,0.73,0.010126774033512689,0.010123095075280288,0.013867253527781218,28303.34373668751,visit,plain
class_transformation,0.74,0.010133393084873219,0.010129918501839703,0.01368907905654014,28322.42147782666,visit,plain
class_transformation,0.75,0.010139887674591666,0.010136612267476865,0.013515483023302487,28341.13669765938,visit,plain
class_transformation,0.76,0.010146262756105773,0.010143181523425453,0.013346291478191386,28359.503798612648,visit,plain
class_transformation,0.77,0.010152523023439481,0.010149631151614063,0.013181339157940342,28377.536430158485,visit,plain
class_transformation,0.78,0.010158672927965563,0.010155965782038456,0.013020468951331354,28395.247537385396,visit,plain
class_transformation,0.79,0.010164716693884896,0.010162189808806012,0.012863531403551912,28412.649405857286,visit,plain
class_transformation,0.8,0.010170658332535864,0.01016830740496954,0.012710384256211925,28429.753703087626,visit,plain
class_transformation,0.81,0.010176501655635476,0.010174322536255507,0.012560892020068527,28446.571516922424,visit,plain
class_transformation,0.8200000000000001,0.010182250287544345,0.010180238973781784,0.012414925577782662,28463.113391098017,visit,plain
class_transformation,0.8300000000000001,0.010187907676638278,0.010186060305850531,0.012272361814277745,28479.389358213004,visit,plain
class_transformation,0.84,0.010193477105861617,0.010191789948893843,0.01213308327249267,28495.408970331377,visit,plain
class_transformation,0.85,0.010198961702530061,0.010197431157642168,0.011996977832520198,28511.181327412574,visit,plain
class_transformation,0.86,0.010204364447444778,0.010202987034579464,0.011863938412301704,28526.71510374735,visit,plain
class_transformation,0.87,0.010209688183373169,0.01020846053874226,0.011733862688209494,28542.018572559184,visit,plain
class_transformation,0.88,0.010214935622947565,0.01021385449391574,0.01160665283399516,28557.099628919907,visit,plain
class_transformation,0.89,0.010220109356027516,0.010219171596274024,0.011482215276712386,28571.965811111277,visit,plain
class_transformation,0.9,0.010225211856567875,0.010224414421508388,0.011360460468342652,28586.62432055489,visit,plain
class_transformation,0.91,0.010230245489030978,0.010229585431482915,0.011241302671959247,28601.082040420846,visit,plain
class_transformation,0.92,0.010235212514377751,0.0102346869804538,0.011124659761362822,28615.345553016425,visit,plain
class_transformation,0.93,0.010240115095669728,0.010239721320885296,0.011010453033209994,28629.421156046974,visit,plain
class_transformation,0.9400000000000001,0.0102449553033111,0.010244690608892385,0.010898607030736578,28643.314877833178,visit,plain
class_transformation,0.9500000000000001,0.010249419544352358,0.010249276062739286,0.010788711644988722,28656.1354307819,visit,plain
class_transformation,0.96,0.010254216562625559,0.01025415464001645,0.010681411083350467,28669.77553280551,visit,plain
class_transformation,0.97,0.01025944779649714,0.010259379178125737,0.01057667956507808,28684.382912946956,visit,plain
class_transformation,0.98,0.010255901659128487,0.010255781199565772,0.010465082856699767,28674.323259927536,visit,plain
class_transformation,0.99,0.010245844897305382,0.010245755305663042,0.010349247783498022,28646.291682698804,visit,plain
class_transformation,1.0,0.010342450850433263,0.010342450850433262,0.010342450850433262,28916.644496841665,visit,plain
response,0.0,0.0,0.0,0.0,0.0,visit,plain
response,0.01,0.0006182874286392345,0.0006028178011696439,0.06028178011696439,1685.4291410106284,visit,plain
response,0.02,0.0010687284802462576,0.0010431442366074673,0.05215721183037336,2916.5457477270766,visit,plain
response,0.03,0.0016680585697234158,0.0016319474396728993,0.05439824798909665,4562.791221635373,visit,plain
response,0.04,0.0022534987339430912,0.0022084867097943175,0.05521216774485793,6174.747744674708,visit,plain
response,0.05,0.0027833277226862845,0.0027321380223535997,0.054642760447072,7638.833875182832,visit,plain
response,0.06,0.003303024678534077,0.0032473380775321446,0.05412230129220241,9079.290983057519,visit,plain
response,0.07,0.0038563531356735287,0.003797164882559369,0.05424521260799098,10616.561644115625,visit,plain
response,0.08,0.004364349948648287,0.004299359282611039,0.05374199103263799,12020.656006719291,visit,plain
response,0.09,0.00486921447062612,0.004801579276989804,0.05335088085544226,13424.821928962778,visit,plain
response,0.1,0.005228315552540477,0.005159629223706396,0.05159629223706397,14425.90021988674,visit,plain
response,0.11,0.005557240222151466,0.005487060124202442,0.04988236476547675,15341.370168339843,visit,plain
response,0.12,0.005929962532154712,0.005860230845644541,0.04883525704703784,16384.724905492792,visit,plain
response,0.13,0.0062071602986308125,0.006139056989132086,0.04722351530101604,17164.299938940203,visit,plain
response,0.14,0.00655949408517678,0.00649236471752186,0.046374033696584716,18152.119376284285,visit,plain
response,0.15,0.006895210928517983,0.0068294025736494405,0.04552935049099627,19094.449584912796,visit,plain
response,0.16,0.007151534295680348,0.0070864015285552326,0.044290009553470205,19812.99758891509,visit,plain
response,0.17,0.0073522816299294485,0.007287817855309849,0.04286951679594028,20376.141122382203,visit,plain
response,0.18,0.007520828796073789,0.007458675546527186,0.04143708636959548,20853.845216695197,visit,plain
response,0.19,0.007654159599602801,0.00759256517474955,0.0399608693407871,21228.18963825541,visit,plain
response,0.2,0.007813861779544988,0.007754777443940936,0.03877388721970468,21681.721841508454,visit,plain
response,0.21,0.00801370106392821,0.00795734957656726,0.03789214084079648,22248.096913416783,visit,plain
response,0.22,0.008157531097042408,0.008104337032627414,0.03683789560285189,22659.061787589577,visit,plain
response,0.23,0.008254331642547613,0.008203457613308518,0.03566720701438486,22936.194803286322,visit,plain
response,0.24,0.008372082928573357,0.008323300698927793,0.034680419578865807,23271.266243544796,visit,plain
response,0.25,0.008495823410745203,0.00844820622318921,0.03379282489275684,23620.49184712673,visit,plain
response,0.26,0.008604839479579686,0.008560162191777958,0.03292370073760753,23933.511554911445,visit,plain
response,0.27,0.00872668505291885,0.008685213086094847,0.03216745587442535,24283.14360124813,visit,plain
response,0.28,0.008799607339079607,0.008758850822045585,0.03128161007873423,24489.028672672048,visit,plain
response,0.29,0.008892808854919136,0.00885409339953709,0.030531356550127897,24755.31910944694,visit,plain
response,0.3,0.008972336559527594,0.008935111774163057,0.029783705913876857,24981.839841394427,visit,plain
response,0.31,0.008992482839828123,0.00895532356064349,0.028888140518204805,25038.350339027224,visit,plain
response,0.32,0.00904315136196132,0.0090065676581685,0.028145523931776564,25181.624633691157,visit,plain
response,0.33,0.009072987897335311,0.009037974097906628,0.02738780029668675,25269.434463870904,visit,plain
response,0.34,0.009162803252215818,0.009130881614901274,0.026855534161474334,25529.19626297154,visit,plain
response,0.35000000000000003,0.009257344553011422,0.009227787577316182,0.02636510736376052,25800.137387594707,visit,plain
response,0.36,0.009290947956860368,0.00926212630883864,0.025728128635662886,25896.14566515551,visit,plain
response,0.37,0.009321976524355874,0.009294132829444706,0.025119277917418123,25985.633272235384,visit,plain
response,0.38,0.009351910008230619,0.009324839353824665,0.024539050931117537,26071.48619646675,visit,plain
response,0.39,0.009421839678097598,0.009396367642945774,0.024093250366527624,26271.47342752966,visit,plain
response,0.4,0.009485421489866214,0.009461137550822046,0.023652843877055116,26452.564778819273,visit,plain
response,0.41000000000000003,0.009522461006784442,0.009499678756393966,0.02316994818632674,26560.3228292195,visit,plain
response,0.42,0.009531648470745873,0.009509055410616578,0.02264060812051566,26586.53918554028,visit,plain
response,0.43,0.009568742615842228,0.00954706582410576,0.022202478660711067,26692.813184802126,visit,plain
response,0.44,0.00959444925918014,0.00957385724153789,0.02175876645804066,26767.719791046133,visit,plain
response,0.45,0.009629044701025123,0.009610010940683767,0.021355579868186148,26868.802569254676,visit,plain
response,0.46,0.009721997589647894,0.009705266534766457,0.021098405510361865,27135.129399351164,visit,plain
response,0.47000000000000003,0.009786998819215117,0.00977203949260784,0.020791573388527315,27321.821114093127,visit,plain
response,0.48,0.009806986902751245,0.009792516778987423,0.020401076622890466,27379.07392767296,visit,plain
response,0.49,0.00984473857903901,0.009830900126152651,0.020063061481944186,27486.39061891247,visit,plain
response,0.5,0.009875311910089576,0.009862181012791542,0.019724362025583086,27573.8494129221,visit,plain
response,0.51,0.009886458005936774,0.009873774789305737,0.0193603427241289,27606.26466136612,visit,plain
response,0.52,0.009938405538689958,0.009927141753797903,0.019090657218842122,27755.474317995126,visit,plain
response,0.53,0.009994548099521475,0.00998456924906279,0.018838809903892056,27916.036885701138,visit,plain
response,0.54,0.010003124159664827,0.00999331121031633,0.018506131870956163,27940.478692525212,visit,plain
response,0.55,0.009997687674271153,0.00998766365448988,0.01815938846270887,27924.688589534035,visit,plain
response,0.56,0.010044783324891162,0.010036155817124484,0.017921706816293723,28060.268699903056,visit,plain
response,0.5700000000000001,0.01006406223815666,0.01005600943653293,0.017642121818478823,28115.777791772278,visit,plain
response,0.58,0.010070161819328611,0.010062080725050795,0.017348415043191026,28132.75261662257,visit,plain
response,0.59,0.01007171832377926,0.010063634026060619,0.017057006823831558,28137.095518875354,visit,plain
response,0.6,0.010081582013436358,0.010073801879565091,0.016789669799275153,28165.524003509872,visit,plain
response,0.61,0.01011182517536589,0.010105060975656815,0.016565673730584943,28252.92187293645,visit,plain
response,0.62,0.010118793792080463,0.010112341841213943,0.01631022877615152,28273.278576003206,visit,plain
response,0.63,0.010143226504790036,0.010137739257622387,0.01609164961527363,28344.28766969307,visit,plain
response,0.64,0.010172128430400426,0.010167390478020986,0.01588654762190779,28427.19005052748,visit,plain
response,0.65,0.010180553469306125,0.010175986119155987,0.01565536326023998,28451.22275829837,visit,plain
response,0.66,0.010177112192793998,0.010172163486502961,0.015412368918943882,28440.534990856388,visit,plain
response,0.67,0.010183584139045986,0.010178819011941103,0.015192267182001645,28459.143294228343,visit,plain
response,0.68,0.010204250896302404,0.010200011462726748,0.015000016856951098,28518.395648844045,visit,plain
response,0.6900000000000001,0.010234765632763152,0.010231577679235018,0.01482837344816669,28606.652201771412,visit,plain
response,0.7000000000000001,0.010238584739686196,0.010235494480315866,0.014622134971879808,28617.603256415776,visit,plain
response,0.71,0.010248129110384105,0.01024525860585068,0.014429941698381243,28644.902950752825,visit,plain
response,0.72,0.010253824872265014,0.010251229517176105,0.014237818773855701,28661.59712920398,visit,plain
response,0.73,0.010267738754357828,0.010265567704018925,0.014062421512354692,28701.685523885182,visit,plain
response,0.74,0.010249117966465663,0.01024627302776621,0.013846314902386768,28647.739191246044,visit,plain
response,0.75,0.010243739540601862,0.010240815769013171,0.013654421025350895,28632.481143267767,visit,plain
response,0.76,0.010233974723425115,0.010230715397998356,0.013461467628945206,28604.241334140766,visit,plain
response,0.77,0.010243268445957417,0.01024028172973918,0.013299067181479454,28630.988013248905,visit,plain
response,0.78,0.010239986021016148,0.010237085748227747,0.013124468907984292,28622.052311013427,visit,plain
response,0.79,0.01023707486751977,0.010233977978765149,0.01295440250476601,28613.363242433097,visit,plain
response,0.8,0.010249001091857094,0.010246111781789378,0.012807639727236725,28647.288360716997,visit,plain
response,0.81,0.010238614254559984,0.010235419754340537,0.012636320684371032,28617.394328716284,visit,plain
response,0.8200000000000001,0.010252934332250812,0.010250121072649573,0.012500147649572649,28658.498009200248,visit,plain
response,0.8300000000000001,0.010267831514432639,0.010265393633320508,0.01236794413653073,28701.198836486208,visit,plain
response,0.84,0.010277251236290169,0.01027518529991958,0.012232363452285212,28728.57553338055,visit,plain
response,0.85,0.010287305842813026,0.0102856326425398,0.012100744285340942,28757.78544666459,visit,plain
response,0.86,0.01028178733226666,0.010280228659395202,0.0119537542551107,28742.676352918916,visit,plain
response,0.87,0.010286698466214663,0.01028528016514227,0.01182216110935893,28756.799948764245,visit,plain
response,0.88,0.010305466057815828,0.010304537322570315,0.011709701502920812,28810.641381846148,visit,plain
response,0.89,0.010315318029535918,0.010314540373771773,0.011589371206485136,28838.60909275523,visit,plain
response,0.9,0.010332705214853058,0.01033246322290096,0.011480514692112177,28888.719909246807,visit,plain
response,0.91,0.010340905906251018,0.010340965228659044,0.011363698053471476,28912.490820181938,visit,plain
response,0.92,0.010358198753569112,0.010358769013054481,0.011259531535928784,28962.268741441258,visit,plain
response,0.93,0.01035289282909386,0.010353202216250672,0.011132475501344809,28946.704434055147,visit,plain
response,0.9400000000000001,0.010347589178436783,0.010347609902789384,0.0110080956412653,28931.06878418709,visit,plain
response,0.9500000000000001,0.010358908571546728,0.010359299511865932,0.01090452580196414,28963.751972617174,visit,plain
response,0.96,0.010352507880190697,0.010352774243533069,0.010784139837013616,28945.50785743049,visit,plain
response,0.97,0.010354592546716274,0.010354995192147186,0.010675252775409469,28951.717447637773,visit,plain
response,0.98,0.01033966057345111,0.010339750206030075,0.010550765516357218,28909.093716543193,visit,plain
response,0.99,0.01033765988215065,0.010337636211233426,0.010442056779023663,28903.183160439337,visit,plain
response,1.0,0.010342450850433263,0.010342450850433262,0.010342450850433262,28916.644496841665,visit,plain
random,0.0,0.0,0.0,0.0,0.0,visit,plain
random,0.01,1.761725122120091e-05,1.766641025637672e-05,0.0017666410256376719,49.39383443118828,visit,plain
random,0.02,9.691451298401101e-05,9.686002101731663e-05,0.004843001050865832,270.8126762426939,visit,plain
random,0.03,0.0002332771765370821,0.00023322938304751924,0.007774312768250642,652.0902301914539,visit,plain
random,0.04,0.000336362658191213,0.00033621948559240414,0.008405487139810104,940.0421117185434,visit,plain
random,0.05,0.0004789618717643015,0.0004786180929183234,0.00957236185836647,1338.176941116013,visit,plain
random,0.06,0.0005844019548156145,0.0005843112297866581,0.009738520496444303,1633.6862849626536,visit,plain
random,0.07,0.0006703686216356858,0.0006702836461453161,0.009575480659218802,1874.05811136332,visit,plain
random,0.08,0.0007290870579280271,0.0007288686915324816,0.00911085864415602,2037.8570942921128,visit,plain
random,0.09,0.0008497398391297908,0.0008497365416936465,0.009441517129929404,2375.7936921790165,visit,plain
random,0.1,0.0010058695800641104,0.0010061799189069692,0.010061799189069694,2813.196546510536,visit,plain
random,0.11,0.0012046623907720352,0.0012046551559770757,0.010951410508882507,3368.1170343891135,visit,plain
random,0.12,0.0013893500344788437,0.0013895232962920223,0.01157936080243352,3884.993195522198,visit,plain
random,0.13,0.001474377142302731,0.001474394752057438,0.011341498092749522,4122.286826382928,visit,plain
random,0.14,0.0015970322556486812,0.0015974683116120672,0.011410487940086193,4466.390406865788,visit,plain
random,0.15,0.0017089838998892973,0.0017093576783953944,0.011395717855969295,4779.223901463894,visit,plain
random,0.16,0.0017757341181928435,0.0017759954884093777,0.01109997180255861,4965.537753962571,visit,plain
random,0.17,0.0018639874453800988,0.00186407607902171,0.010965153406010057,5211.8038627062215,visit,plain
random,0.18,0.0019572219989450173,0.0019569582199537943,0.010871990110854414,5471.494712416773,visit,plain
random,0.19,0.0020522196460479166,0.0020514267267032,0.010796982772122106,5735.620910870558,visit,plain
random,0.2,0.0021319520158459434,0.00213104006992514,0.0106552003496257,5958.213290224958,visit,plain
random,0.21,0.0022869764694777896,0.002286008742293794,0.010885755915684733,6391.49299073658,visit,plain
random,0.22,0.0023541382485320933,0.0023529720162680846,0.010695327346673111,6578.71681378023,visit,plain
random,0.23,0.0024471757128672663,0.0024461866356597787,0.010635594068085993,6839.337246000617,visit,plain
random,0.24,0.0025439315274701957,0.002543396955533498,0.01059748731472291,7111.129329121307,visit,plain
random,0.25,0.0026355525022874167,0.0026350347050412403,0.010540138820164961,7367.340962449494,visit,plain
random,0.26,0.0026914348594465893,0.002690794971674264,0.010349211429516399,7523.242095613565,visit,plain
random,0.27,0.0027877032297227615,0.0027871401666016787,0.010322741357783993,7792.615360324632,visit,plain
random,0.28,0.002896444149400156,0.0028959421032890165,0.010342650368889345,8096.81665354362,visit,plain
random,0.29,0.0030015182801481914,0.003001391943613706,0.0103496273917714,8391.645760204545,visit,plain
random,0.3,0.003146296505760879,0.003146238696392345,0.010487462321307817,8796.625403539892,visit,plain
random,0.31,0.00323225477230773,0.003232333877822907,0.010426883476848087,9037.340471014866,visit,plain
random,0.32,0.0033462374391343788,0.0033464581630875136,0.01045768175964848,9356.422614423314,visit,plain
random,0.33,0.0033869519786966992,0.0033870180126910343,0.010263690947548587,9469.82462800709,visit,plain
random,0.34,0.003477305085691321,0.0034773160165801347,0.0102274000487651,9722.290442444697,visit,plain
random,0.35000000000000003,0.0035598116879440415,0.0035599852391068154,0.010171386397448044,9953.42680975305,visit,plain
random,0.36,0.0036858009059523183,0.0036860278706942395,0.010238966307483999,10305.831672175696,visit,plain
random,0.37,0.0038075551525645263,0.0038074677292350683,0.010290453322256941,10645.367558587453,visit,plain
random,0.38,0.003924639759922536,0.003924278828491171,0.010327049548660976,10971.961813597378,visit,plain
random,0.39,0.004050472259115114,0.004050708567579168,0.010386432224561967,11325.44899684881,visit,plain
random,0.4,0.0041464087515898605,0.00414647941442417,0.010366198536060425,11593.216431417997,visit,plain
random,0.41000000000000003,0.004264404547228003,0.004264528538255557,0.010401289117696479,11923.2721016224,visit,plain
random,0.42,0.004312434078405511,0.004312570004269455,0.010268023819689179,12057.592101197048,visit,plain
random,0.43,0.004334653371749841,0.00433484251848857,0.010081029112764116,12119.864224607525,visit,plain
random,0.44,0.004417670636134832,0.0044173441744696,0.010039418578340002,12350.532089594697,visit,plain
random,0.45,0.004518361466581969,0.004518204513912822,0.010040454475361824,12632.529328130107,visit,plain
random,0.46,0.0045482406610265706,0.004547920244403581,0.009886783140007786,12715.612073892373,visit,plain
random,0.47000000000000003,0.004699215894437106,0.004699138358645373,0.009998166720522068,13138.405521427054,visit,plain
random,0.48,0.004797072513301373,0.0047969389583588625,0.009993622829914298,13411.847978576794,visit,plain
random,0.49,0.004920313501638235,0.004919684821364452,0.010040173104825412,13755.035346379656,visit,plain
random,0.5,0.005066833189792193,0.005066123323576793,0.010132246647153585,14164.465390608178,visit,plain
random,0.51,0.005207926099750225,0.005207103939560324,0.010210007724628087,14558.635632487621,visit,plain
random,0.52,0.005322382614450017,0.005321478847265136,0.010233613167817568,14878.418495687843,visit,plain
random,0.53,0.005421799787636918,0.005420822365704049,0.010227966727743489,15156.174827074534,visit,plain
random,0.54,0.005580817159596514,0.0055803867573738924,0.010334049550692392,15602.3037819033,visit,plain
random,0.55,0.005681112134953184,0.005680917206725503,0.01032894037586455,15883.378674793554,visit,plain
random,0.56,0.0057969954739221065,0.005796504525748559,0.010350900938836713,16206.551340621862,visit,plain
random,0.5700000000000001,0.005869154823583089,0.005869199927192083,0.010296841977529968,16409.801722035034,visit,plain
random,0.58,0.0059488279376600905,0.005948800057811363,0.010256551823812694,16632.35716003583,visit,plain
random,0.59,0.006100012405878997,0.006099671653349287,0.010338426531100488,17054.181769689032,visit,plain
random,0.6,0.00615502790330623,0.006154798272198197,0.010257997120330327,17208.311275607837,visit,plain
random,0.61,0.006282219154292356,0.006281326274888412,0.01029725618834166,17562.073195833458,visit,plain
random,0.62,0.006422852997591614,0.006421985923340087,0.010358041811838851,17955.34603881317,visit,plain
random,0.63,0.006498520850665267,0.006497684084495004,0.01031378426110318,18166.991890153102,visit,plain
random,0.64,0.006605451108200183,0.006604731656231114,0.010319893212861114,18466.288122826383,visit,plain
random,0.65,0.006674780076003588,0.006673805626037555,0.010267393270827006,18659.413278339667,visit,plain
random,0.66,0.006788119675420528,0.006787109642543373,0.01028349945839905,18976.202017560583,visit,plain
random,0.67,0.006854781364119125,0.006853773147254606,0.0102295121600815,19162.587710325803,visit,plain
random,0.68,0.006980001443554459,0.006978886577490007,0.010263068496308834,19512.394601962707,visit,plain
random,0.6900000000000001,0.007017928132470162,0.007016744516091768,0.010169194950857635,19618.242293942265,visit,plain
random,0.7000000000000001,0.007152581433413522,0.007151257852174022,0.010216082645962889,19994.330551534687,visit,plain
random,0.71,0.007201136666978968,0.007199853283837752,0.010140638427940496,20130.19939364108,visit,plain
random,0.72,0.007354289446089441,0.007353152031770602,0.010212711155236948,20558.810122363997,visit,plain
random,0.73,0.007494819582496678,0.0074936387799974715,0.010265258602736263,20951.59955049297,visit,plain
random,0.74,0.007590622661295727,0.0075891106501596185,0.010255554932648132,21218.53107077298,visit,plain
random,0.75,0.0076680771093471664,0.007666600693687468,0.010222134258249957,21435.186878293276,visit,plain
random,0.76,0.007741660724200951,0.0077407416907950425,0.010185186435256635,21642.479026644294,visit,plain
random,0.77,0.007836704079242435,0.00783576208126179,0.01017631439124908,21908.148246717305,visit,plain
random,0.78,0.007971003907562805,0.007970183281810414,0.010218183694628735,22283.978900912807,visit,plain
random,0.79,0.008085111647390009,0.008084505651635415,0.010233551457766346,22603.614872509184,visit,plain
random,0.8,0.00826093640198066,0.008260395042946022,0.010325493803682528,23095.38718768356,visit,plain
random,0.81,0.008363030350474568,0.00836251135080496,0.01032408808741353,23380.8960109199,visit,plain
random,0.8200000000000001,0.00845024233032553,0.008450045730449786,0.010304933817621688,23625.634958587703,visit,plain
random,0.8300000000000001,0.008511967815901392,0.008511586923692593,0.010254924004448905,23797.699088516747,visit,plain
random,0.84,0.008634723426607874,0.00863467550150965,0.010279375597035297,24141.844658829858,visit,plain
random,0.85,0.008731053426928608,0.008730993132741432,0.010271756626754627,24411.14085770816,visit,plain
random,0.86,0.008822397713100984,0.008822445973274176,0.010258658108458343,24666.835500704787,visit,plain
random,0.87,0.008942955204107789,0.008942712862953252,0.010278980302245118,25003.091862362533,visit,plain
random,0.88,0.0090874599403241,0.009086996237213811,0.010326132087742967,25406.496345558364,visit,plain
random,0.89,0.009195568101334395,0.009195335817343914,0.010331837997015633,25709.40492775656,visit,plain
random,0.9,0.009309032042658484,0.009308599879621947,0.010342888755135497,26026.081958232837,visit,plain
random,0.91,0.009381958946254529,0.009381511396457003,0.010309353182919784,26229.93658055927,visit,plain
random,0.92,0.009488751523492794,0.009488078716141973,0.010313129039284753,26527.890067878234,visit,plain
random,0.93,0.009598204640393822,0.009597817414119034,0.010320233778622616,26834.71046884886,visit,plain
random,0.9400000000000001,0.009761065421911458,0.00976075616267121,0.010383783151777883,27290.273848823366,visit,plain
random,0.9500000000000001,0.009898490475335335,0.009898224573693333,0.010419183761782455,27674.624253631515,visit,plain
random,0.96,0.010003781661043673,0.010003209390083749,0.010420009781337239,27968.153191504174,visit,plain
random,0.97,0.010087293108102625,0.010086890855035953,0.010398856551583457,28202.11970563041,visit,plain
random,0.98,0.01018639755442671,0.01018618210949376,0.010394063377034447,28479.729911211572,visit,plain
random,0.99,0.010250870141508368,0.010250995928047043,0.01035454134146166,28660.94403315343,visit,plain
random,1.0,0.010342450850433263,0.010342450850433262,0.010342450850433262,28916.644496841665,visit,plain
s_learner,0.0,0.0,0.0,0.0,0.0,conversion,ipw
s_learner,0.01,0.0004444356334565531,0.0004430454595966273,0.04439685298709142,1238.650965270385,conversion,ipw
s_learner,0.02,0.000596769327843473,0.0005968869739608778,0.029881688540637677,1668.7556783159248,conversion,ipw
s_learner,0.03,0.0006747961041008117,0.0006745186557418742,0.022504919490504698,1885.7956129112206,conversion,ipw
s_learner,0.04,0.0007174321713619127,0.0007174653166978803,0.017948898728371118,2005.8643821448095,conversion,ipw
s_learner,0.05,0.0007702712485264183,0.0007695214522205226,0.015399336642447203,2151.401101045106,conversion,ipw
s_learner,0.06,0.0007954980017549091,0.0007950322012368743,0.013257720828764318,2222.7231588823397,conversion,ipw
s_learner,0.07,0.0008263840667887417,0.0008264929186883605,0.011812773241850177,2310.6799298982564,conversion,ipw
s_learner,0.08,0.0008365955833584657,0.0008367672175216988,0.010464439610186112,2339.4044544176536,conversion,ipw
s_learner,0.09,0.0008631135020121395,0.000863627434931279,0.009599591038231523,2414.499308683941,conversion,ipw
s_learner,0.1,0.000886617523808533,0.0008872218481212189,0.008875118458005263,2480.463741993596,conversion,ipw
s_learner,0.11,0.0008950412926230268,0.0008957627838055725,0.008145621217391527,2504.3421905829773,conversion,ipw
s_learner,0.12,0.000912201543470201,0.0009127402832250613,0.00760806239838541,2551.807288324806,conversion,ipw
s_learner,0.13,0.0009119755053662597,0.0009127151690289275,0.007022383153198773,2551.737074935617,conversion,ipw
s_learner,0.14,0.0009245383051853047,0.0009252360317330494,0.006610097806092643,2586.7424639731184,conversion,ipw
s_learner,0.15,0.0009341026612563434,0.000934872865191861,0.006233503397222626,2613.6847851443467,conversion,ipw
s_learner,0.16,0.0009290247178199173,0.0009296221579980686,0.005811058736707758,2599.005042032061,conversion,ipw
s_learner,0.17,0.0009378601483140112,0.0009385346830381834,0.005521642951395806,2623.922367116457,conversion,ipw
s_learner,0.18,0.000947476289566456,0.0009480586371194062,0.005267675749189734,2650.5491040807356,conversion,ipw
s_learner,0.19,0.0009498578958116277,0.0009503620081329796,0.005002513497030559,2656.988788017314,conversion,ipw
s_learner,0.2,0.0009501168638188971,0.0009507166674313818,0.004754092907688979,2657.9803320514366,conversion,ipw
s_learner,0.21,0.0009517900967846355,0.0009525105543428646,0.004536218793393571,2662.995618195024,conversion,ipw
s_learner,0.22,0.0009580564605271342,0.0009586278545897458,0.004357823341794149,2680.0981517872806,conversion,ipw
s_learner,0.23,0.000965626046882105,0.0009663980675852883,0.004202116111730622,2701.8218409004653,conversion,ipw
s_learner,0.24,0.0009642621728720239,0.0009651392678902242,0.0040217683614572185,2698.302532839408,conversion,ipw
s_learner,0.25,0.0009631130282113191,0.0009639004598717766,0.0038560076997217812,2694.8391168070398,conversion,ipw
s_learner,0.26,0.0009581190029473697,0.000958743466828217,0.003687875452180073,2680.4213764308865,conversion,ipw
s_learner,0.27,0.0009649166490342588,0.000965620093839279,0.0035767304162691044,2699.646809172735,conversion,ipw
s_learner,0.28,0.0009682417603496861,0.0009687810739224808,0.0034602463061772113,2708.484166483254,conversion,ipw
s_learner,0.29,0.0009670864592227625,0.00096749152280402,0.0033364774355849327,2704.878884670635,conversion,ipw
s_learner,0.3,0.000968481919699009,0.0009689664088562592,0.0032301831449573345,2709.002319394316,conversion,ipw
s_learner,0.31,0.0009695916602859879,0.0009699543066474292,0.003129182601723888,2711.764249408756,conversion,ipw
s_learner,0.32,0.0009717408609916758,0.0009720895864577026,0.003038103699672207,2717.733989851476,conversion,ipw
s_learner,0.33,0.0009699028344340489,0.0009701687281154255,0.0029402264087958095,2712.363721432575,conversion,ipw
s_learner,0.34,0.0009712084680134973,0.0009715324275548061,0.002857752085586824,2716.1763045216003,conversion,ipw
s_learner,0.35000000000000003,0.0009691754515206461,0.0009695435076036329,0.0027704093209674685,2710.615751842403,conversion,ipw
s_learner,0.36,0.0009693860111203708,0.0009698081674721139,0.0026941772768083305,2711.355678625223,conversion,ipw
s_learner,0.37,0.0009709967256206479,0.0009712985369120303,0.0026254050024821923,2715.5224012614117,conversion,ipw
s_learner,0.38,0.000971989794252709,0.000972292826664803,0.002558923744149396,2718.3022016980344,conversion,ipw
s_learner,0.39,0.0009717977106516926,0.0009719900028646144,0.002492555295466643,2717.455577532758,conversion,ipw
s_learner,0.4,0.0009697587507054524,0.0009699112738412726,0.0024250352318222505,2711.64393979779,conversion,ipw
s_learner,0.41000000000000003,0.0009726435482499443,0.0009728773338129142,0.002373111739810819,2719.9363462932065,conversion,ipw
s_learner,0.42,0.0009720391670219785,0.0009722629792481112,0.0023151339649064052,2718.218755336729,conversion,ipw
s_learner,0.43,0.0009699906271253186,0.0009701581969099421,0.0022563853491905494,2712.334278657449,conversion,ipw
s_learner,0.44,0.0009680364632219602,0.0009681992309942243,0.002200642318940487,2706.857470420559,conversion,ipw
s_learner,0.45,0.0009689363721728026,0.0009691351253514057,0.002153812043066048,2709.4740110571997,conversion,ipw
s_learner,0.46,0.0009699170384742943,0.0009701260962212673,0.0021091371790020923,2712.244532677321,conversion,ipw
s_learner,0.47000000000000003,0.0009717732410448833,0.0009719634658677133,0.0020681648215797903,2717.381386327059,conversion,ipw
s_learner,0.48,0.0009731584955614803,0.0009733508481564873,0.0020279613338764317,2721.2601810962315,conversion,ipw
s_learner,0.49,0.0009732703401326486,0.0009735253408295804,0.0019869279264081753,2721.748021594938,conversion,ipw
s_learner,0.5,0.0009708353237697773,0.0009709853504554401,0.0019420991666646895,2714.646805544624,conversion,ipw
s_learner,0.51,0.0009700925053031806,0.0009702965518407639,0.0019026631938502936,2712.7210865230986,conversion,ipw
s_learner,0.52,0.0009700127029052904,0.0009702902843397189,0.0018660584270831144,2712.7035640633803,conversion,ipw
s_learner,0.53,0.0009710262037200206,0.000971253620148081,0.0018326627045815108,2715.39682454729,conversion,ipw
s_learner,0.54,0.0009722886175456833,0.0009725161903489108,0.0018010575815366496,2718.9266740561943,conversion,ipw
s_learner,0.55,0.000972882607880045,0.0009730599984522035,0.0017692970007325347,2720.4470336885415,conversion,ipw
s_learner,0.56,0.0009741522420615453,0.0009743617531557894,0.0017400236156968237,2724.0864338566644,conversion,ipw
s_learner,0.5700000000000001,0.0009725740142786482,0.0009728188912434698,0.0017067881246884144,2719.77295460622,conversion,ipw
s_learner,0.58,0.0009702438733591299,0.0009704620384027527,0.0016732935398804465,2713.1837480520835,conversion,ipw
s_learner,0.59,0.0009704002784430344,0.0009705358291374091,0.0016450538155176678,2713.39004960135,conversion,ipw
s_learner,0.6,0.0009713869236451647,0.000971525146363776,0.0016192824384080205,2716.1559480229557,conversion,ipw
s_learner,0.61,0.0009720689584156555,0.0009721408285704963,0.0015937427156938288,2717.8772507541657,conversion,ipw
s_learner,0.62,0.0009737437631224473,0.0009737830987286021,0.0015706834433947066,2722.468652093488,conversion,ipw
s_learner,0.63,0.0009742899187041836,0.0009743153157592319,0.0015465943490276931,2723.9566058112014,conversion,ipw
s_learner,0.64,0.000977054766710773,0.0009770818372313442,0.001526749634513362,2731.6911495643258,conversion,ipw
s_learner,0.65,0.0009795461602915667,0.0009795996728699614,0.00150713385576076,2738.730426181684,conversion,ipw
s_learner,0.66,0.000981086277108284,0.0009811708257473437,0.0014866774802789686,2743.1230003205296,conversion,ipw
s_learner,0.67,0.0009825194418278322,0.000982640454054548,0.0014666803402021418,2747.231735624948,conversion,ipw
s_learner,0.68,0.0009830569196155145,0.0009831635703130687,0.00144587867973516,2748.694245723021,conversion,ipw
s_learner,0.6900000000000001,0.0009840075406584356,0.0009841225132838263,0.0014263117132207047,2751.375224865544,conversion,ipw
s_learner,0.7000000000000001,0.0009855502606594378,0.000985690760530793,0.0014081745096334542,2755.7596755447285,conversion,ipw
s_learner,0.71,0.0009818779249471878,0.0009819718466121318,0.0013831009094238743,2745.3624663750393,conversion,ipw
s_learner,0.72,0.0009826028932945776,0.0009826514540959455,0.0013648327561911746,2747.262489155088,conversion,ipw
s_learner,0.73,0.0009834051676122892,0.0009834699325982415,0.0013472563370881892,2749.550762660577,conversion,ipw
s_learner,0.74,0.000983841808446057,0.0009839202856854437,0.0013296575871818111,2750.8098440349427,conversion,ipw
s_learner,0.75,0.0009837169895215506,0.0009837860427076004,0.0013117482366149856,2750.4345322232884,conversion,ipw
s_learner,0.76,0.0009832511946436685,0.0009832851111659772,0.0012938265602425825,2749.0340453790473,conversion,ipw
s_learner,0.77,0.0009840373819434835,0.0009840700610195827,0.0012780417060291385,2751.228580663852,conversion,ipw
s_learner,0.78,0.0009851038126826885,0.0009851582252401198,0.0012630506145749412,2754.2708320467423,conversion,ipw
s_learner,0.79,0.0009860522515652082,0.0009861069780263151,0.0012482622200235935,2756.923321828476,conversion,ipw
s_learner,0.8,0.0009842305260301103,0.0009842940799761938,0.001230392375143957,2751.854885009907,conversion,ipw
s_learner,0.81,0.0009838000347023486,0.0009838937937040654,0.0012147075519153634,2750.7357786820644,conversion,ipw
s_learner,0.8200000000000001,0.0009809870683336395,0.0009810473631126642,0.0011964214123467037,2742.777827814394,conversion,ipw
s_learner,0.8300000000000001,0.0009816860151474578,0.000981717389039749,0.0011828125159107881,2744.651062814016,conversion,ipw
s_learner,0.84,0.0009820769788197357,0.000982078769407592,0.0011691602248106482,2745.6613973784783,conversion,ipw
s_learner,0.85,0.0009813652248390858,0.0009813691859574631,0.0011545696757065682,2743.6775688425932,conversion,ipw
s_learner,0.86,0.0009807864529648876,0.0009808017302623505,0.0011404836594348486,2742.091096101987,conversion,ipw
s_learner,0.87,0.0009814185341794715,0.0009814269260561873,0.0011280920768721556,2743.838996586565,conversion,ipw
s_learner,0.88,0.000982188758009909,0.0009821803716677853,0.0011161278706216036,2745.9454534159254,conversion,ipw
s_learner,0.89,0.0009828087032613694,0.0009827892171463612,0.0011042702307347148,2747.647642262247,conversion,ipw
s_learner,0.9,0.0009823015240484597,0.0009822507295496519,0.0010914011283690334,2746.1421575156983,conversion,ipw
s_learner,0.91,0.000981755234329476,0.0009816903589231888,0.0010787910499672378,2744.57549296166,conversion,ipw
s_learner,0.92,0.000981212874248983,0.0009811342402862417,0.001066459744951832,2743.02071597086,conversion,ipw
s_learner,0.93,0.000980674812155898,0.0009805793843276865,0.001054394921010254,2741.469469132045,conversion,ipw
s_learner,0.9400000000000001,0.0009800643463837816,0.0009799741872779158,0.0010425331939921201,2739.7774804350847,conversion,ipw
s_learner,0.9500000000000001,0.00098055838403894,0.0009804735925856782,0.0010320837383984097,2741.1737002881987,conversion,ipw
s_learner,0.96,0.0009818005624961114,0.0009817138122372327,0.001022623223623819,2744.641062914923,conversion,ipw
s_learner,0.97,0.000981974118790954,0.0009819476234226283,0.0010123210831293607,2745.294744030954,conversion,ipw
s_learner,0.98,0.0009844548927283473,0.0009844503595615808,0.0010045433134193127,2752.2918059964527,conversion,ipw
s_learner,0.99,0.0009817260982248515,0.0009817233256708205,0.0009916412974783104,2744.667660239061,conversion,ipw
s_learner,1.0,0.0010044611251524692,0.001004461125152469,0.001004461125152469,2808.2372029711105,conversion,ipw
t_learner,0.0,0.0,0.0,0.0,0.0,conversion,ipw
t_learner,0.01,0.000403317451646467,0.0004026948943873116,0.04035073108339621,1125.8402695209709,conversion,ipw
t_learner,0.02,0.0005346436342996572,0.0005340095198453855,0.02673739616014985,1492.96509622804,conversion,ipw
t_learner,0.03,0.0006249494498535736,0.0006247352971464617,0.020842803747861245,1746.613044073394,conversion,ipw
t_learner,0.04,0.0006780610854758617,0.0006782165352076032,0.0169645205746893,1896.1340146947884,conversion,ipw
t_learner,0.05,0.0007115523200186674,0.000711230795508982,0.014232803981937246,1988.4341263520048,conversion,ipw
t_learner,0.06,0.0007384624729338798,0.0007381792680000209,0.012308186340099548,2063.775721081311,conversion,ipw
t_learner,0.07,0.0007560435890514143,0.0007558158472063694,0.010802092097444434,2113.0834509876304,conversion,ipw
t_learner,0.08,0.0007806411349614798,0.0007813204538258856,0.00976967861952676,2184.388336127111,conversion,ipw
t_learner,0.09,0.0008030253409237253,0.0008038122775016064,0.008933579365049411,2247.270188323471,conversion,ipw
t_learner,0.1,0.0008040363165360469,0.0008051120722769461,0.008052646949682855,2250.904108992907,conversion,ipw
t_learner,0.11,0.0008035861081380844,0.0008042294499491539,0.007312402249359933,2248.436504428616,conversion,ipw
t_learner,0.12,0.000813746271789068,0.0008143844538569568,0.0067875224496532025,2276.8275083770077,conversion,ipw
t_learner,0.13,0.0008289228928185936,0.0008295098542069958,0.006381701757177552,2319.114572464595,conversion,ipw
t_learner,0.14,0.0008239278876572782,0.0008243698545700124,0.005889197423428279,2304.7443416588544,conversion,ipw
t_learner,0.15,0.000833770580007297,0.0008345496573512357,0.005564446723251267,2333.204677428246,conversion,ipw
t_learner,0.16,0.0008490275062108542,0.0008498083331879526,0.005311971477596612,2375.8643484496024,conversion,ipw
t_learner,0.17,0.0008510527815023822,0.0008520183545373201,0.005012444099498225,2382.0430486673063,conversion,ipw
t_learner,0.18,0.0008533802924614085,0.0008543956553095284,0.004747093943357705,2388.689422831517,conversion,ipw
t_learner,0.19,0.0008529863466415243,0.0008541228200419439,0.0044958018168139696,2387.9266395544664,conversion,ipw
t_learner,0.2,0.000855754833534744,0.0008566383840249398,0.004283614144446151,2394.9595651566706,conversion,ipw
t_learner,0.21,0.0008488391686503321,0.0008496380069119507,0.004046313055607525,2375.388156217833,conversion,ipw
t_learner,0.22,0.0008559806313176542,0.0008567537912674029,0.0038947375866001397,2395.282216679623,conversion,ipw
t_learner,0.23,0.000856627784781568,0.0008574137197170316,0.003728278493325389,2397.1272215057334,conversion,ipw
t_learner,0.24,0.0008607894053882072,0.0008616470456144375,0.00359061952657361,2408.96260565322,conversion,ipw
t_learner,0.25,0.000858321841419473,0.0008591325469601161,0.003436916446766019,2401.93265845958,conversion,ipw
t_learner,0.26,0.0008518028511012766,0.0008525621725447341,0.0032794244476870805,2383.5634359892483,conversion,ipw
t_learner,0.27,0.0008498608849297086,0.0008506516067355796,0.003150970612920555,2378.2219430736536,conversion,ipw
t_learner,0.28,0.0008511671504610645,0.0008519193682016504,0.0030429698671713655,2381.766306139942,conversion,ipw
t_learner,0.29,0.0008533198316602008,0.0008540105941866507,0.002945337641794093,2387.612882442242,conversion,ipw
t_learner,0.3,0.0008574726879067398,0.0008581277329712134,0.002860858084460546,2399.1234347325058,conversion,ipw
t_learner,0.31,0.0008593837708799966,0.000859991533542278,0.002774563837324163,2404.3341830347736,conversion,ipw
t_learner,0.32,0.0008618229719663536,0.0008625589757848415,0.0026958726930904602,2411.512148056518,conversion,ipw
t_learner,0.33,0.0008596878701965509,0.0008603942680642383,0.0026076042757985363,2405.4601340936742,conversion,ipw
t_learner,0.34,0.0008594480722885779,0.0008601020691959688,0.002530027493252808,2404.643214740607,conversion,ipw
t_learner,0.35000000000000003,0.0008554302801291256,0.0008560756261916584,0.002446224052989429,2393.3862265334915,conversion,ipw
t_learner,0.36,0.0008540846306329239,0.000854729992943673,0.002374525081968011,2389.6241522690702,conversion,ipw
t_learner,0.37,0.0008510752998407752,0.0008516893182035602,0.0023021161971267315,2381.123140419534,conversion,ipw
t_learner,0.38,0.0008515151368932734,0.0008521292030482122,0.002242680233355455,2382.352955048336,conversion,ipw
t_learner,0.39,0.0008537723829076581,0.0008544480587633729,0.0021911175270972237,2388.8359305708063,conversion,ipw
t_learner,0.4,0.0008564476316230667,0.000857103351232221,0.0021429707307267145,2396.259504175665,conversion,ipw
t_learner,0.41000000000000003,0.0008539533358668264,0.0008545738853485809,0.002084525821771403,2389.1877121269617,conversion,ipw
t_learner,0.42,0.0008555989870426475,0.0008561513267858318,0.002038638503222335,2393.5978676010463,conversion,ipw
t_learner,0.43,0.0008540453483172138,0.000854531287537079,0.001987450942375939,2389.068618658803,conversion,ipw
t_learner,0.44,0.0008555618581373605,0.0008560351500778647,0.001945691801051628,2393.273064833411,conversion,ipw
t_learner,0.45,0.0008531901086099429,0.0008536250181921592,0.001897091691873006,2386.5349025929577,conversion,ipw
t_learner,0.46,0.0008544151461360983,0.0008548135721762688,0.0018584290203334983,2389.857820157746,conversion,ipw
t_learner,0.47000000000000003,0.0008550261318279147,0.0008553453739576513,0.0018200125076144923,2391.3446129361705,conversion,ipw
t_learner,0.48,0.0008559804933659621,0.0008563087276605412,0.0017840989809447777,2394.0379234489737,conversion,ipw
t_learner,0.49,0.000857030746102872,0.000857297240166386,0.0017497014171475936,2396.8015720611534,conversion,ipw
t_learner,0.5,0.000857976253129535,0.000858263683549434,0.001716636883721381,2399.503520593436,conversion,ipw
t_learner,0.51,0.0008611873060520661,0.0008614979410098705,0.0016893153546991726,2408.545744226537,conversion,ipw
t_learner,0.52,0.0008631749285592106,0.0008635403176439266,0.0016607528382800861,2414.255749225849,conversion,ipw
t_learner,0.53,0.0008648547620984074,0.0008651874205026505,0.001632520946336678,2418.860661660152,conversion,ipw
t_learner,0.54,0.000864057097017148,0.0008643436335099857,0.0016007220237472188,2416.501631564463,conversion,ipw
t_learner,0.55,0.000865624154286769,0.0008659776870693642,0.001574588118505324,2421.0700612250907,conversion,ipw
t_learner,0.56,0.0008678796807312334,0.0008682020927200441,0.0015504395288938651,2427.288976568171,conversion,ipw
t_learner,0.5700000000000001,0.0008687732731433413,0.0008690671126908838,0.0015247527910538876,2429.7073690799334,conversion,ipw
t_learner,0.58,0.0008688085606176932,0.0008690703380689105,0.0014984666990106432,2429.716386478757,conversion,ipw
t_learner,0.59,0.0008707606973899121,0.0008710625757594114,0.001476444141689202,2435.2862147772657,conversion,ipw
t_learner,0.6,0.0008721351194857765,0.000872397433755461,0.0014540585357906742,2439.018163970044,conversion,ipw
t_learner,0.61,0.0008731226306607773,0.0008733953750877286,0.0014318555639055092,2441.8081733646145,conversion,ipw
t_learner,0.62,0.0008751247198363252,0.0008754298246669684,0.0014120409619294868,2447.4960161819495,conversion,ipw
t_learner,0.63,0.0008770072361947186,0.0008773549522872354,0.001392681464435024,2452.878220498598,conversion,ipw
t_learner,0.64,0.0008771778142162361,0.0008774661715409898,0.0013710907148746306,2453.1891633895257,conversion,ipw
t_learner,0.65,0.0008780554884701393,0.0008783864825376741,0.0013514115251495751,2455.7621366131534,conversion,ipw
t_learner,0.66,0.0008763707101370212,0.0008766834960987551,0.001328352776194251,2451.0009868243037,conversion,ipw
t_learner,0.67,0.0008775123338864897,0.0008778048030821035,0.0013101987168507257,2454.1358975816634,conversion,ipw
t_learner,0.68,0.000878675118782069,0.0008789419038304168,0.0012926012909308432,2457.3149639934722,conversion,ipw
t_learner,0.6900000000000001,0.0008791730063707466,0.0008794211963829828,0.0012745606679798382,2458.654953310648,conversion,ipw
t_learner,0.7000000000000001,0.0008779006087380557,0.0008781337124522563,0.0012545117349282943,2455.055450869033,conversion,ipw
t_learner,0.71,0.0008761282967237951,0.0008763478725114899,0.0012343257081661408,2450.0626621640936,conversion,ipw
t_learner,0.72,0.0008750098677816463,0.0008751772819649167,0.001215554602192363,2446.789966148273,conversion,ipw
t_learner,0.73,0.0008754157444343016,0.0008755543691784985,0.0011994181910825893,2447.8442133614585,conversion,ipw
t_learner,0.74,0.0008761985382999786,0.0008763731746483736,0.0011843153948394394,2450.133400991443,conversion,ipw
t_learner,0.75,0.0008727083632415061,0.000872826384077165,0.0011637936235167484,2440.21740824289,conversion,ipw
t_learner,0.76,0.0008726050940589803,0.0008727066226893054,0.0011483214911039616,2439.8825835528696,conversion,ipw
t_learner,0.77,0.0008716833594796945,0.0008717912792921739,0.0011322184201064734,2437.3234985699355,conversion,ipw
t_learner,0.78,0.000869881251108278,0.0008699794311948976,0.0011153787737444142,2432.2579971727246,conversion,ipw
t_learner,0.79,0.0008702860128564013,0.0008703605715473183,0.0011017414775996693,2433.3235760093958,conversion,ipw
t_learner,0.8,0.0008691538814607365,0.0008692044541303154,0.0010865232130390103,2430.091343461882,conversion,ipw
t_learner,0.81,0.0008674484278992698,0.0008674774227449526,0.0010709761485808013,2425.262969654644,conversion,ipw
t_learner,0.8200000000000001,0.0008668810143046927,0.0008668656290880209,0.001057167950457948,2423.5525383946224,conversion,ipw
t_learner,0.8300000000000001,0.0008673827679560614,0.0008673744999252688,0.0010450433148004902,2424.9752216432644,conversion,ipw
t_learner,0.84,0.0008686482765624022,0.0008686282443229835,0.0010340941070581268,2428.4803962812025,conversion,ipw
t_learner,0.85,0.0008699180960387189,0.0008698777459678281,0.0010233968163820008,2431.973709179393,conversion,ipw
t_learner,0.86,0.0008709265876415979,0.0008708619802502172,0.0010126402091801393,2434.725396884405,conversion,ipw
t_learner,0.87,0.0008717122482609959,0.0008716480315633446,0.001001903340627831,2436.9230115911305,conversion,ipw
t_learner,0.88,0.000873456783631027,0.0008733968576318884,0.0009925045876026488,2441.812318209607,conversion,ipw
t_learner,0.89,0.0008761244045629314,0.0008760746027868619,0.0009843603999403062,2449.2986642472706,conversion,ipw
t_learner,0.9,0.0008779788414917673,0.0008779111509314481,0.0009754618722215449,2454.4332211709066,conversion,ipw
t_learner,0.91,0.0008741702523138787,0.0008741054889079231,0.0009605598128798521,2443.7934846905373,conversion,ipw
t_learner,0.92,0.0008743923976718782,0.0008743609635005814,0.0009503966095543983,2444.507731601196,conversion,ipw
t_learner,0.93,0.0008782123278200949,0.0008781828637580849,0.0009442863473749822,2455.192866366902,conversion,ipw
t_learner,0.9400000000000001,0.0008794670472241354,0.0008794525567835785,0.0009355908682780161,2458.7426296193153,conversion,ipw
t_learner,0.9500000000000001,0.0008768032852925923,0.0008767888968795004,0.0009229373620538793,2451.2956626323557,conversion,ipw
t_learner,0.96,0.0008781871932082135,0.0008781575042321855,0.0009147480222023658,2455.1219670933538,conversion,ipw
t_learner,0.97,0.000881635404471133,0.0008816142888254076,0.0009088789358458632,2464.786324283753,conversion,ipw
t_learner,0.98,0.0008929948341288769,0.0008929912555215681,0.0009112125601380774,2496.5936489607257,conversion,ipw
t_learner,0.99,0.0009121743479545676,0.0009121732350628793,0.000921384772559878,2550.221954950532,conversion,ipw
t_learner,1.0,0.0010044611251523847,0.0010044611251523844,0.0010044611251523844,2808.2372029709304,conversion,ipw
x_learner,0.0,0.0,0.0,0.0,0.0,conversion,ipw
x_learner,0.01,0.00045739791012366216,0.0004571624592235302,0.04579949601611792,1278.1187779650684,conversion,ipw
x_learner,0.02,0.0005834580791710935,0.0005828709330875184,0.029193759037524164,1629.5701225653788,conversion,ipw
x_learner,0.03,0.0006756629449297273,0.0006750616698286511,0.022527042653057217,1887.3137526600417,conversion,ipw
x_learner,0.04,0.0007468716743934841,0.0007467554706412506,0.01868443627529602,2087.7527677924422,conversion,ipw
x_learner,0.05,0.0007927586116367386,0.0007921718950928812,0.01585468763990054,2214.7264152311495,conversion,ipw
x_learner,0.06,0.0008117756190717983,0.0008114123184673993,0.01353105425348361,2268.518116441125,conversion,ipw
x_learner,0.07,0.000846033687361958,0.0008461408054530935,0.012093214032796614,2365.61080297125,conversion,ipw
x_learner,0.08,0.0008509122831586706,0.0008509123769725922,0.01064066115867697,2378.9509953611346,conversion,ipw
x_learner,0.09,0.000866603835425894,0.0008666680576534538,0.009632807958565054,2423.000175103569,conversion,ipw
x_learner,0.1,0.0008881523236862626,0.000888499718131737,0.00888761459315491,2484.0363661741226,conversion,ipw
x_learner,0.11,0.000893752305088663,0.0008939005579267227,0.008128251389760834,2499.1358447500243,conversion,ipw
x_learner,0.12,0.0009080144168650008,0.0009078174615211751,0.007566504132888051,2538.0442359714084,conversion,ipw
x_learner,0.13,0.000906775415135532,0.0009065587995868665,0.006974710085185933,2534.5253130570422,conversion,ipw
x_learner,0.14,0.0009164751084066303,0.0009163340670689769,0.006546230238712631,2561.8546632178954,conversion,ipw
x_learner,0.15,0.0009250790900815673,0.0009254652718214315,0.006170508395519988,2587.383365376376,conversion,ipw
x_learner,0.16,0.0009310218161828165,0.0009312886522736261,0.005821214557360423,2603.664168309815,conversion,ipw
x_learner,0.17,0.0009296240358841062,0.0009299016944478777,0.005470603619567475,2599.7865602394904,conversion,ipw
x_learner,0.18,0.0009377915463197634,0.0009380741584229175,0.005212063651012679,2622.634848540508,conversion,ipw
x_learner,0.19,0.0009368898995488414,0.0009371318330786764,0.004932831755475863,2620.0003283756796,conversion,ipw
x_learner,0.2,0.0009400473516512222,0.0009402728538513836,0.004701872406909287,2628.7818841455783,conversion,ipw
x_learner,0.21,0.000939867307002063,0.0009401054632128669,0.004477137722586486,2628.313899266183,conversion,ipw
x_learner,0.22,0.0009469122606800623,0.0009472173233348886,0.004305927797155102,2648.1969884937093,conversion,ipw
x_learner,0.23,0.0009566308884080294,0.0009570600501164795,0.004161478774252637,2675.7149389993083,conversion,ipw
x_learner,0.24,0.0009610845834296909,0.000961483804610814,0.004006489891152495,2688.082716742738,conversion,ipw
x_learner,0.25,0.0009697071877597678,0.0009701790347952384,0.003880975181851198,2712.392536486724,conversion,ipw
x_learner,0.26,0.0009645671025847538,0.0009652044494628191,0.0037125857353802177,2698.484765195193,conversion,ipw
x_learner,0.27,0.0009588634001807487,0.0009593525796973565,0.003553376105946059,2682.124312838394,conversion,ipw
x_learner,0.28,0.0009550154452967806,0.0009554935255356019,0.003412678629360816,2671.335304489589,conversion,ipw
x_learner,0.29,0.0009516151913144949,0.0009520462001078311,0.003283090248705883,2661.697392902374,conversion,ipw
x_learner,0.3,0.0009552754644120015,0.000955687298504418,0.003185769766744038,2671.87704816322,conversion,ipw
x_learner,0.31,0.0009518761842542318,0.0009522196550538773,0.003071824394410589,2662.1823321601796,conversion,ipw
x_learner,0.32,0.0009559745625357229,0.0009563913960827479,0.0029888475986610073,2673.845539491033,conversion,ipw
x_learner,0.33,0.0009555633945389639,0.0009559027669594539,0.002896795168877124,2672.479447316703,conversion,ipw
x_learner,0.34,0.0009526168067316065,0.0009528896392603506,0.0028027541339112035,2664.055450518778,conversion,ipw
x_learner,0.35000000000000003,0.0009552254116235791,0.0009554275300067674,0.0027299368935961785,2671.150796503504,conversion,ipw
x_learner,0.36,0.000957305482251946,0.0009575862233864916,0.002660108397185716,2677.185995782947,conversion,ipw
x_learner,0.37,0.0009595409776459153,0.0009598466048740122,0.0025943094248388077,2683.505491109557,conversion,ipw
x_learner,0.38,0.0009622764829197694,0.0009625073027516635,0.002533017902884501,2690.9441769668647,conversion,ipw
x_learner,0.39,0.0009629919402181234,0.0009632295516946802,0.0024699323408853826,2692.9634152437848,conversion,ipw
x_learner,0.4,0.0009620874519932682,0.0009622729904070845,0.002405877569744525,2690.2890947275573,conversion,ipw
x_learner,0.41000000000000003,0.0009666898457627432,0.0009669057148635108,0.002358516640116595,2703.241103365697,conversion,ipw
x_learner,0.42,0.0009666260193625133,0.0009668893273386302,0.002302313281002378,2703.19528769809,conversion,ipw
x_learner,0.43,0.0009679782524077675,0.0009683427311075141,0.0022521460360557808,2707.2586630070136,conversion,ipw
x_learner,0.44,0.0009691389601892959,0.0009695497887975118,0.0022036960685173418,2710.6333125840883,conversion,ipw
x_learner,0.45,0.0009724099569894431,0.0009728635583170047,0.002162083580317664,2719.897833244656,conversion,ipw
x_learner,0.46,0.0009773592844416728,0.0009779018350830383,0.0021260317673541815,2733.983670813624,conversion,ipw
x_learner,0.47000000000000003,0.0009790560158645892,0.000979571887763323,0.0020843436667913953,2738.6527455545556,conversion,ipw
x_learner,0.48,0.0009804506650990515,0.0009809091375409442,0.002043697611625989,2742.3913816064096,conversion,ipw
x_learner,0.49,0.0009783878231281594,0.0009788640755686521,0.00199781219438976,2736.67386903259,conversion,ipw
x_learner,0.5,0.0009782678560099451,0.000978780835357599,0.0019576874254401584,2736.441148968459,conversion,ipw
x_learner,0.51,0.0009786460381316455,0.000979124710905461,0.0019199697239011561,2737.4025441708386,conversion,ipw
x_learner,0.52,0.0009769780974174787,0.0009773769286675073,0.0018796774234021174,2732.5161558573345,conversion,ipw
x_learner,0.53,0.0009755807840746325,0.0009758430564863704,0.0018413058677239692,2728.227809782202,conversion,ipw
x_learner,0.54,0.0009771392594367326,0.0009774235292063502,0.0018101325242275107,2732.6464400102805,conversion,ipw
x_learner,0.55,0.000976834735318222,0.000977110330765424,0.0017766451403401651,2731.770810788106,conversion,ipw
x_learner,0.56,0.0009741201347269519,0.0009743662526076843,0.0017400146315445552,2724.099013266569,conversion,ipw
x_learner,0.5700000000000001,0.0009774099268130922,0.0009776824839242838,0.0017153031322215645,2733.37041653319,conversion,ipw
x_learner,0.58,0.0009781904370292892,0.0009784586087249042,0.0016870643176922794,2735.540279044216,conversion,ipw
x_learner,0.59,0.0009789844813955922,0.0009792390774118627,0.0016597901475101273,2737.722286040393,conversion,ipw
x_learner,0.6,0.0009797393773132025,0.0009800293254626895,0.0016334418918566933,2739.9316338392637,conversion,ipw
x_learner,0.61,0.0009818890204572814,0.0009822460441833649,0.001610296571736464,2746.1290583328982,conversion,ipw
x_learner,0.62,0.0009825398996235668,0.0009829143983910345,0.0015854000304401645,2747.99761959798,conversion,ipw
x_learner,0.63,0.000984683118676087,0.0009850611662894822,0.0015636405046830838,2753.9994780349098,conversion,ipw
x_learner,0.64,0.0009845228299503938,0.0009848570536614722,0.0015388871034817215,2753.428827104555,conversion,ipw
x_learner,0.65,0.0009843127277360032,0.0009846310842183015,0.0015148620815671754,2752.79706965655,conversion,ipw
x_learner,0.66,0.0009846452183180263,0.000984957057237881,0.0014924009292637372,2753.7084135979185,conversion,ipw
x_learner,0.67,0.0009822728098519565,0.0009825525012796983,0.001466535424027676,2746.985840340173,conversion,ipw
x_learner,0.68,0.0009827689584796556,0.0009830228714877462,0.0014456585168209227,2748.3008848793124,conversion,ipw
x_learner,0.6900000000000001,0.000979577899743164,0.000979769824089349,0.0014199902028579812,2739.20612899633,conversion,ipw
x_learner,0.7000000000000001,0.0009808744534567288,0.0009810690930461105,0.0014015592330452933,2742.838579600618,conversion,ipw
x_learner,0.71,0.000981835056196151,0.0009820072579505101,0.001383138659729353,2745.4614681535786,conversion,ipw
x_learner,0.72,0.0009795668585675119,0.0009797361359389534,0.0013607725535671744,2739.11194484637,conversion,ipw
x_learner,0.73,0.0009788070298577885,0.0009789490863978598,0.0013410520406967092,2736.9115393288894,conversion,ipw
x_learner,0.74,0.0009795938669687563,0.0009797945060545394,0.0013240714281025122,2739.275133969399,conversion,ipw
x_learner,0.75,0.0009793026801208694,0.000979481623046913,0.0013059984987904686,2738.4003866245876,conversion,ipw
x_learner,0.76,0.000979475477250867,0.0009796928654202265,0.0012890914275209306,2738.9909706469334,conversion,ipw
x_learner,0.77,0.0009780252687277382,0.0009781908598640468,0.0012703976138771231,2734.791716164792,conversion,ipw
x_learner,0.78,0.0009783608252879842,0.0009785513490337871,0.0012545717803236506,2735.7995591488393,conversion,ipw
x_learner,0.79,0.0009787318197243267,0.0009789186743669176,0.0012391549392300962,2736.826514438855,conversion,ipw
x_learner,0.8,0.000978634237643125,0.000978782590617804,0.0012234939271062793,2736.446056263411,conversion,ipw
x_learner,0.81,0.0009787473575188408,0.0009788416425689603,0.0012084603535262198,2736.611151638426,conversion,ipw
x_learner,0.8200000000000001,0.0009794915727136314,0.000979585811641672,0.0011946296000267952,2738.6916734455517,conversion,ipw
x_learner,0.8300000000000001,0.0009803217081464537,0.000980408554784503,0.0011812267249624864,2740.991869883553,conversion,ipw
x_learner,0.84,0.0009803127943788983,0.0009803670108865484,0.0011671137477600214,2740.8757229099465,conversion,ipw
x_learner,0.85,0.0009807374453362021,0.000980791911754994,0.0011538819345386902,2742.063645863323,conversion,ipw
x_learner,0.86,0.0009790396989987937,0.000979142894027337,0.0011385470394913856,2737.453379905582,conversion,ipw
x_learner,0.87,0.0009791314450514712,0.0009792414418074945,0.0011255728675860425,2737.728896334818,conversion,ipw
x_learner,0.88,0.0009788415701800087,0.0009789145816131906,0.0011124095501013442,2736.815072061454,conversion,ipw
x_learner,0.89,0.0009792384288658494,0.0009792939304304096,0.0011003358090794103,2737.8756421868093,conversion,ipw
x_learner,0.9,0.0009802996155633837,0.0009803243584035855,0.0010892536250080862,2740.7564765932334,conversion,ipw
x_learner,0.91,0.0009805929168139455,0.0009805946278393664,0.0010775797645160086,2741.5120864076707,conversion,ipw
x_learner,0.92,0.0009811681022009343,0.0009811479271109817,0.0010664673461802353,2743.0589811157074,conversion,ipw
x_learner,0.93,0.000981318474425408,0.0009812781883283051,0.0010551390161006638,2743.4231608608784,conversion,ipw
x_learner,0.9400000000000001,0.0009827540512741995,0.0009827575835823028,0.0010454881217319516,2747.5592022527685,conversion,ipw
x_learner,0.9500000000000001,0.0009837138179402574,0.0009836945770914807,0.0010354682010576687,2750.1788158600316,conversion,ipw
x_learner,0.96,0.00098444944010645,0.0009844535994455374,0.0010254721456807352,2752.300863950469,conversion,ipw
x_learner,0.97,0.0009860666160012917,0.0009860656440220496,0.0010165616524558181,2756.80776166831,conversion,ipw
x_learner,0.98,0.0009845076776197,0.0009845036556202411,0.001004595388557817,2752.440809249019,conversion,ipw
x_learner,0.99,0.0009912517066780913,0.0009912632294200958,0.0010012776601623142,2771.3389887261983,conversion,ipw
x_learner,1.0,0.0010044611251524356,0.0010044611251524356,0.0010044611251524356,2808.23720297104,conversion,ipw
dr_learner,0.0,0.0,0.0,0.0,0.0,conversion,ipw
dr_learner,0.01,0.0004758117548853421,0.00047528231778377677,0.04761293987839428,1328.7776433491524,conversion,ipw
dr_learner,0.02,0.0005972908725107619,0.0005962925534073677,0.029858800997589613,1667.0938181709405,conversion,ipw
dr_learner,0.03,0.0007050098601051053,0.0007056962394781372,0.023540489816457025,1972.9608086129522,conversion,ipw
dr_learner,0.04,0.0007578730029952619,0.0007579363707326415,0.01896126311274106,2119.0119363306685,conversion,ipw
dr_learner,0.05,0.00076904377827266,0.0007691267971397845,0.01539130201371031,2150.2977382066815,conversion,ipw
dr_learner,0.06,0.000811728774192347,0.0008118714274771925,0.013537756600999394,2269.801677318953,conversion,ipw
dr_learner,0.07,0.0008271530557822913,0.0008277670680850472,0.011829656985230988,2314.2421521191104,conversion,ipw
dr_learner,0.08,0.0008463076881290416,0.0008463496867647648,0.010583792952313913,2366.194786022323,conversion,ipw
dr_learner,0.09,0.0008755719818838523,0.0008758821273991827,0.00973496576626406,2448.760548307642,conversion,ipw
dr_learner,0.1,0.000875657658073357,0.0008757889234259316,0.00876002639384986,2448.499971906431,conversion,ipw
dr_learner,0.11,0.0008917901272036555,0.0008924597738138717,0.00811494108864691,2495.107751035279,conversion,ipw
dr_learner,0.12,0.0009036617412287652,0.0009044629250175751,0.00753854049988774,2528.6657404079797,conversion,ipw
dr_learner,0.13,0.0009030058552741252,0.0009035275017846109,0.006951435173057822,2526.050516923908,conversion,ipw
dr_learner,0.14,0.0009026326133791373,0.0009030124469295795,0.006451066706748937,2524.6105446151223,conversion,ipw
dr_learner,0.15,0.0009004268362475469,0.0009007774872809174,0.006006153583557649,2518.362122774441,conversion,ipw
dr_learner,0.16,0.0009054144664597933,0.0009058406570153339,0.005662367001937608,2532.51755523182,conversion,ipw
dr_learner,0.17,0.000908755527837673,0.0009090596117657622,0.005348182492646835,2541.5169960847143,conversion,ipw
dr_learner,0.18,0.0009152395865662005,0.0009154635604296464,0.005086580249924812,2559.420931272971,conversion,ipw
dr_learner,0.19,0.000913538246099666,0.0009135507546907676,0.004808708840007846,2554.0731760403673,conversion,ipw
dr_learner,0.2,0.0009160988657832099,0.000916032660402298,0.004580634520057551,2561.0120010270825,conversion,ipw
dr_learner,0.21,0.0009211915489172111,0.0009210603408899969,0.00438644415437477,2575.068213892541,conversion,ipw
dr_learner,0.22,0.0009250514117727728,0.0009249428953283373,0.004204771680182335,2585.922923490847,conversion,ipw
dr_learner,0.23,0.0009288847181123831,0.0009287970619116923,0.004038768722438151,2596.698267319303,conversion,ipw
dr_learner,0.24,0.0009326947956716213,0.0009326263955111606,0.003886491957999583,2607.4041839619117,conversion,ipw
dr_learner,0.25,0.0009365505092921991,0.0009364993503176999,0.003746566287989188,2618.2320552461374,conversion,ipw
dr_learner,0.26,0.0009369108166276289,0.0009368999353344551,0.003603990799723792,2619.351996793736,conversion,ipw
dr_learner,0.27,0.0009418725670916156,0.0009419591527971707,0.003489255949016873,2633.4963796284374,conversion,ipw
dr_learner,0.28,0.000946743789617082,0.0009469218685318084,0.003382371408723557,2647.370966314584,conversion,ipw
dr_learner,0.29,0.0009515339816271371,0.0009517981729251926,0.0032825599095562775,2661.003967201947,conversion,ipw
dr_learner,0.3,0.0009548578935780453,0.0009552546341216296,0.0031846670415530453,2670.6674202509594,conversion,ipw
dr_learner,0.31,0.0009546235813735058,0.0009550083114580473,0.003081119676295852,2669.978759982796,conversion,ipw
dr_learner,0.32,0.0009548546415526106,0.0009552221350613195,0.002985483398178719,2670.576560517378,conversion,ipw
dr_learner,0.33,0.0009550989914291528,0.0009554502961820812,0.002895687853843875,2671.2144453807646,conversion,ipw
dr_learner,0.34,0.0009553554616681253,0.0009556915323445793,0.0028112138721600906,2671.8888849875007,conversion,ipw
dr_learner,0.35000000000000003,0.0009556230162090597,0.0009559447250682852,0.0027316020383357995,2672.5967523289323,conversion,ipw
dr_learner,0.36,0.0009559007338046584,0.0009562088799072944,0.002656444337474766,2673.3352671680595,conversion,ipw
dr_learner,0.37,0.0009561877925454589,0.0009564831097204919,0.0025853771622019236,2674.10194926685,conversion,ipw
dr_learner,0.38,0.0009564834568218404,0.0009567666205784217,0.0025180754314767864,2674.8945789851628,conversion,ipw
dr_learner,0.39,0.000956787066286971,0.0009570586998344461,0.002454247619905781,2675.7111639305085,conversion,ipw
dr_learner,0.4,0.0009570980264713801,0.0009573587059821334,0.0023936315372450334,2676.549910601693,conversion,ipw
dr_learner,0.41000000000000003,0.0009574158007678045,0.000957666059994385,0.002335990729249256,2677.409200175053,conversion,ipw
dr_learner,0.42,0.000957739903558462,0.0009579802378977885,0.0022811113957060137,2678.287567744087,conversion,ipw
dr_learner,0.43,0.0009580698942991851,0.0009583007643814182,0.0022287997409827023,2679.183684451173,conversion,ipw
dr_learner,0.44,0.0009584053724085144,0.000958627207275788,0.0021788796878937774,2680.0963420520097,conversion,ipw
dr_learner,0.45,0.0009587459728368048,0.000958959172766795,0.0021311908980632182,2681.024439534934,conversion,ipw
dr_learner,0.46,0.0009590913622120768,0.0009592963012329925,0.0020855870518922673,2681.9669714829115,conversion,ipw
dr_learner,0.47000000000000003,0.0009594412354768811,0.000959638263613475,0.0020419343492652014,2682.9230179189967,conversion,ipw
dr_learner,0.48,0.0009597953129447369,0.0009599847582291277,0.002000110198636871,2683.8917354192963,conversion,ipw
dr_learner,0.49,0.0009601533377162836,0.0009603355079925494,0.0019600020674546983,2684.872349312567,conversion,ipw
dr_learner,0.5,0.0009605150734049242,0.0009606902579523198,0.00192150647121674,2685.8641468145656,conversion,ipw
dr_learner,0.51,0.0009608803021295203,0.0009610487731257773,0.0018845280820449922,2686.8664709690033,conversion,ipw
dr_learner,0.52,0.0009612488227382929,0.0009614108365815327,0.0018489789406087994,2687.8787152867067,conversion,ipw
dr_learner,0.53,0.000961620449233413,0.00096177624773876,0.00181477775768446,2688.9003189908335,conversion,ipw
dr_learner,0.54,0.00096199500937034,0.0009621448208552185,0.001781849293678198,2689.9307627897388,conversion,ipw
dr_learner,0.55,0.000962372343409692,0.0009625163836800086,0.0017501238061450783,2690.9695651103953,conversion,ipw
dr_learner,0.56,0.0009627523030026073,0.0009628907762504841,0.0017195365567666326,2692.016278734844,conversion,ipw
dr_learner,0.5700000000000001,0.0009631347501932585,0.0009632678498156695,0.0016900273704534563,2693.070487790322,conversion,ipw
dr_learner,0.58,0.0009635195565243646,0.0009636474658708899,0.0016615402402547514,2694.131805050315,conversion,ipw
dr_learner,0.59,0.0009639066022335397,0.0009640294952904814,0.0016340229726172343,2695.1998695098173,conversion,ipw
dr_learner,0.6,0.0009642957755298605,0.0009644138175471093,0.0016074268682663572,2696.2743442027327,conversion,ipw
dr_learner,0.61,0.0009646869719414981,0.0009648003200078011,0.001581706434605373,2697.354914233744,conversion,ipw
dr_learner,0.62,0.0009650800937263705,0.0009651888972980213,0.0015568191260594204,2698.4412850004187,conversion,ipw
dr_learner,0.63,0.0009654750493388484,0.0009655794507262445,0.0015327251092473303,2699.53318058445,conversion,ipw
dr_learner,0.64,0.0009658717529463763,0.000965971887762417,0.0015093870502550207,2700.6303422935575,conversion,ipw
dr_learner,0.65,0.0009662701239906495,0.000966366121564504,0.0014867699216211312,2701.732527337824,conversion,ipw
dr_learner,0.66,0.0009666700867886312,0.0009667620705480448,0.0014648408269363252,2702.839507626275,conversion,ipw
dr_learner,0.67,0.0009670715701692397,0.0009671596579941957,0.0014435688412090778,2703.951068671056,conversion,ipw
dr_learner,0.68,0.0009674745071420549,0.0009675588116923404,0.001422924865369028,2705.067008588257,conversion,ipw
dr_learner,0.6900000000000001,0.0009678788345947909,0.0009679594636137357,0.001402881493468381,2706.187137185503,conversion,ipw
dr_learner,0.7000000000000001,0.0009682844930166638,0.0009683615496131036,0.0013834128913070317,2707.311275127674,conversion,ipw
dr_learner,0.71,0.0009686914262451027,0.0009687650091554194,0.0013644946853511495,2708.4392531730705,conversion,ipw
dr_learner,0.72,0.0009690995812335488,0.0009691697850654447,0.0013461038609409717,2709.5709114731644,conversion,ipw
dr_learner,0.73,0.0009695089078383029,0.0009695758232978201,0.0013282186688939952,2710.7060989298348,conversion,ipw
dr_learner,0.74,0.0009699193586226418,0.0009699830727257937,0.0013108185397067277,2711.8446726047014,conversion,ipw
dr_learner,0.75,0.0009703308886765841,0.0009703914849468266,0.0012938840046433997,2712.986497175642,conversion,ipw
dr_learner,0.76,0.0009707434554508625,0.0009708010141035311,0.0012773966230752221,2714.1314444361797,conversion,ipw
dr_learner,0.77,0.0009711570186038245,0.0009712116167185567,0.0012613389155001148,2715.279392833862,conversion,ipw
dr_learner,0.78,0.000971571539860088,0.0009716232515421534,0.001245694301731444,2716.4302270440844,conversion,ipw
dr_learner,0.79,0.0009719869828799248,0.0009720358794113159,0.001230447043796335,2717.5838375762887,conversion,ipw
dr_learner,0.8,0.0009724033131384269,0.0009724494631194736,0.0012155821931301397,2718.7401204096495,conversion,ipw
dr_learner,0.81,0.000972820497813611,0.0009728639672958281,0.001201085541694652,2719.898976655729,conversion,ipw
dr_learner,0.8200000000000001,0.0009732385056827026,0.0009732793582935084,0.0011869435766840744,2721.0603122457837,conversion,ipw
dr_learner,0.8300000000000001,0.0009736573070259113,0.0009736956040858133,0.001173143438515256,2722.2240376406858,conversion,ipw
dr_learner,0.84,0.0009740768735370643,0.0009741126741698471,0.0011596728818276565,2723.3900675615087,conversion,ipw
dr_learner,0.85,0.0009744971782405517,0.0009745305394769641,0.0011465202392444795,2724.5583207391514,conversion,ipw
dr_learner,0.86,0.0009749181954140497,0.0009749491722894439,0.001133674387669534,2725.728719681383,conversion,ipw
dr_learner,0.87,0.0009753399005165725,0.0009753685461629182,0.0011211247169152345,2726.9011904559657,conversion,ipw
dr_learner,0.88,0.0009757622701214247,0.000975788635854078,0.0011088611004757614,2728.075662488541,conversion,ipw
dr_learner,0.89,0.0009761852818536672,0.0009762094172532501,0.0010968738682761818,2729.2520683741295,conversion,ipw
dr_learner,0.9,0.0009766089143317465,0.000976630867321469,0.0010851537812434264,2730.4303437011995,conversion,ipw
dr_learner,0.91,0.0009770331471129759,0.0009770529640316912,0.001073692007558575,2731.610426887315,conversion,ipw
dr_learner,0.92,0.0009774579606425559,0.0009774756863138395,0.001062480100462177,2732.792259025492,conversion,ipw
dr_learner,0.93,0.0009778833362058918,0.0009778990140033948,0.0010515099774954044,2733.975783740475,conversion,ipw
dr_learner,0.9400000000000001,0.0009783092558839457,0.0009783229277932602,0.00104077390106981,2735.1609470541603,conversion,ipw
dr_learner,0.9500000000000001,0.000978735702511408,0.0009787474091886709,0.0010302644602675454,2736.3476972595317,conversion,ipw
dr_learner,0.96,0.0009791626596374794,0.0009791724404649154,0.0010199745537820765,2737.5359848024627,conversion,ipw
dr_learner,0.97,0.000979590111489077,0.000979598004627668,0.0010098973739168715,2738.7257621708136,conversion,ipw
dr_learner,0.98,0.0009800180429362898,0.0009800240853757541,0.0010000263915663082,2739.9169837903305,conversion,ipw
dr_learner,0.99,0.0009804464394599262,0.0009804506670661637,0.000990355342109164,2741.1096059268357,conversion,ipw
dr_learner,1.0,0.001004461125149376,0.001004461125149376,0.001004461125149376,2808.2372029649796,conversion,ipw
causal_forest,0.0,0.0,0.0,0.0,0.0,conversion,ipw
causal_forest,0.01,0.0004456233041308439,0.00044566462245552497,0.04464889151553281,1245.9735289782716,conversion,ipw
causal_forest,0.02,0.0005752666378359873,0.0005749582663000938,0.02878882031782777,1607.4481661344973,conversion,ipw
causal_forest,0.03,0.0006903586871060491,0.000690228197493861,0.02303117190736472,1929.7157990537191,conversion,ipw
causal_forest,0.04,0.0007285618731851238,0.0007284731148816163,0.01822443910440044,2036.6395984357516,conversion,ipw
causal_forest,0.05,0.0007963997035231546,0.0007961529205230528,0.015931601794056754,2225.8564265766026,conversion,ipw
causal_forest,0.06,0.0008221124746929581,0.0008222535907017786,0.013710702008313824,2298.8277653203018,conversion,ipw
causal_forest,0.07,0.0008361865961071506,0.0008365985223060697,0.011955663423524127,2338.9328222473505,conversion,ipw
causal_forest,0.08,0.0008549008546731149,0.0008552697227353457,0.010694337727262068,2391.133109900758,conversion,ipw
causal_forest,0.09,0.0008613145842228979,0.0008612332854929777,0.009572558076965516,2407.8058296097397,conversion,ipw
causal_forest,0.1,0.0008675404092728962,0.0008677572242724192,0.008680095090715854,2426.0452289568802,conversion,ipw
causal_forest,0.11,0.0008830722544954845,0.0008833292031827913,0.008032268199132095,2469.580821728927,conversion,ipw
causal_forest,0.12,0.0008975750102212252,0.0008978280587977557,0.0074833607992388085,2510.1162140093097,conversion,ipw
causal_forest,0.13,0.0008986028789918777,0.0008986906328131433,0.006914101868242657,2512.5277682045607,conversion,ipw
causal_forest,0.14,0.0009104380020734458,0.0009105864739175067,0.006505278515499126,2545.785743763183,conversion,ipw
causal_forest,0.15,0.0009024255877771692,0.0009026836069215843,0.006018839138965072,2523.691185245835,conversion,ipw
causal_forest,0.16,0.0009147972991740075,0.0009149300278177018,0.005719022064697642,2557.9292994968973,conversion,ipw
causal_forest,0.17,0.0009239028898497338,0.0009238909404632854,0.005435250721365987,2582.981904952467,conversion,ipw
causal_forest,0.18,0.0009225955854427696,0.000922813731493787,0.005127228506661743,2579.9702818764017,conversion,ipw
causal_forest,0.19,0.0009199761798231535,0.0009199816688111184,0.004842429341888646,2572.0525003043085,conversion,ipw
causal_forest,0.2,0.0009331911456931899,0.0009332478814148449,0.004666609339389482,2609.1417124633704,conversion,ipw
causal_forest,0.21,0.0009378375369405963,0.0009379028810990636,0.004466510836676131,2622.155997402529,conversion,ipw
causal_forest,0.22,0.0009401004138152477,0.0009402578864804557,0.004274177891798696,2628.740038894646,conversion,ipw
causal_forest,0.23,0.0009483931531261139,0.0009486879214513296,0.004124987532059619,2652.3084351568336,conversion,ipw
causal_forest,0.24,0.0009523694936128492,0.0009527099558872968,0.003969877446497497,2663.553098043115,conversion,ipw
causal_forest,0.25,0.0009515108211615909,0.0009517739248096689,0.0038073302099206107,2660.9361751682422,conversion,ipw
causal_forest,0.26,0.0009552397696830781,0.0009555794573720057,0.0036755007659366856,2671.5755497055598,conversion,ipw
causal_forest,0.27,0.0009587112992081773,0.0009590471626609245,0.0035522005199354768,2681.27043859417,conversion,ipw
causal_forest,0.28,0.0009612861525229752,0.0009616913548324573,0.0034347836024859026,2688.662978376908,conversion,ipw
causal_forest,0.29,0.0009669379372557925,0.0009673581617170499,0.003335892421341662,2704.50603841863,conversion,ipw
causal_forest,0.3,0.000964341552107348,0.0009647263169029818,0.003215916566183462,2697.148018945063,conversion,ipw
causal_forest,0.31,0.000964072483484778,0.0009645296686145896,0.003111543573394814,2696.598236553754,conversion,ipw
causal_forest,0.32,0.0009674040184285732,0.0009679537607195287,0.0030250078890435763,2706.1711932314256,conversion,ipw
causal_forest,0.33,0.0009669468655714612,0.0009675746346582916,0.00293220046873825,2705.111245879436,conversion,ipw
causal_forest,0.34,0.0009695827907416505,0.0009702654624124954,0.0028538658788549677,2712.6341677894256,conversion,ipw
causal_forest,0.35000000000000003,0.0009720983904971946,0.0009727816145924678,0.0027795202808011165,2719.6687378521174,conversion,ipw
causal_forest,0.36,0.0009653206957895178,0.0009660425475582726,0.002683588188012968,2700.827890471517,conversion,ipw
causal_forest,0.37,0.0009685673304766498,0.0009693445821511088,0.002619976485776633,2710.059603035498,conversion,ipw
causal_forest,0.38,0.0009707444408304956,0.0009714656644052713,0.002556594193579915,2715.9896504485296,conversion,ipw
causal_forest,0.39,0.0009731103336286316,0.000973789543950485,0.002496990416953752,2722.486671418955,conversion,ipw
causal_forest,0.4,0.0009715856176215467,0.0009722269918477389,0.0024306534376831446,2718.118143024343,conversion,ipw
causal_forest,0.41000000000000003,0.0009707643492423484,0.0009714677712523302,0.00236951331759806,2715.995540697683,conversion,ipw
causal_forest,0.42,0.0009707735523592033,0.0009713838374635187,0.002312889913142337,2715.760881553168,conversion,ipw
causal_forest,0.43,0.0009708660964027982,0.0009714720521906348,0.002259298793231451,2716.0075091949293,conversion,ipw
causal_forest,0.44,0.0009714344812086162,0.0009720202715060225,0.0022091921863130583,2717.5402015394193,conversion,ipw
causal_forest,0.45,0.0009657191514042269,0.0009662210219302226,0.0021472069030536826,2701.3268628643123,conversion,ipw
causal_forest,0.46,0.0009665220469264579,0.000967008803130926,0.0021022404044061145,2703.5293139300825,conversion,ipw
causal_forest,0.47000000000000003,0.0009655451287886916,0.0009659789621271665,0.002055314768234935,2700.6501205521768,conversion,ipw
causal_forest,0.48,0.0009652949849897214,0.0009657256181638046,0.0020119655538470794,2699.941830380217,conversion,ipw
causal_forest,0.49,0.0009674995678147847,0.0009679379947384536,0.0019754187641137224,2706.1271152542017,conversion,ipw
causal_forest,0.5,0.000967538959006879,0.0009679986623656753,0.0019360250488273728,2706.296727679724,conversion,ipw
causal_forest,0.51,0.0009679917628947944,0.0009684232193046974,0.0018988981601792965,2707.4836890872753,conversion,ipw
causal_forest,0.52,0.0009697003185322787,0.0009700724694753464,0.00186555137265762,2712.094604900986,conversion,ipw
causal_forest,0.53,0.0009688225789834867,0.0009691796662761247,0.0018286686850800208,2709.598537013236,conversion,ipw
causal_forest,0.54,0.0009695803797283764,0.0009699622809844653,0.0017962528429059108,2711.7865437807664,conversion,ipw
causal_forest,0.55,0.0009714551490614199,0.0009718512804020488,0.0017670267911973053,2717.0677421348028,conversion,ipw
causal_forest,0.56,0.0009722759242748302,0.0009726091859689937,0.0017368224044790634,2719.1866679509817,conversion,ipw
causal_forest,0.5700000000000001,0.0009741135787343444,0.000974489364979247,0.001709649045953751,2724.443206519398,conversion,ipw
causal_forest,0.58,0.000975201178078385,0.0009755954243088008,0.0016820766348341469,2727.5354884207754,conversion,ipw
causal_forest,0.59,0.0009759488006910781,0.0009763365602723725,0.0016548195723796117,2729.607530367691,conversion,ipw
causal_forest,0.6,0.0009783504075876902,0.0009787604850392563,0.0016312780534222609,2736.3842542618418,conversion,ipw
causal_forest,0.61,0.0009797459057143145,0.0009801040295415687,0.0016067426757841344,2740.1404888843304,conversion,ipw
causal_forest,0.62,0.0009810847782595693,0.000981479921812048,0.00158304698095733,2743.987160263129,conversion,ipw
causal_forest,0.63,0.00097989536860207,0.0009802822573935924,0.0015560171050945314,2740.6387720653565,conversion,ipw
causal_forest,0.64,0.0009806759063984449,0.0009810273833197704,0.0015328662229672648,2742.7219690098614,conversion,ipw
causal_forest,0.65,0.0009771418649937747,0.0009775213178816063,0.001503889331535612,2732.919834160681,conversion,ipw
causal_forest,0.66,0.000977321433828903,0.0009776523106806959,0.0014812997160302578,2733.2860592365087,conversion,ipw
causal_forest,0.67,0.0009787397848768403,0.000979051359212283,0.001461276842309761,2737.197470078386,conversion,ipw
causal_forest,0.68,0.0009789262486820265,0.0009792421316264688,0.0014400669979799268,2737.7308249065636,conversion,ipw
causal_forest,0.6900000000000001,0.0009811806030140709,0.0009815080836073123,0.0014224790593297416,2744.065894023136,conversion,ipw
causal_forest,0.7000000000000001,0.0009822832726812745,0.0009825682521158122,0.0014036700070224045,2747.029875975684,conversion,ipw
causal_forest,0.71,0.0009840971935055373,0.0009843921622331062,0.0013864696933397129,2752.1290999456337,conversion,ipw
causal_forest,0.72,0.0009854890698573224,0.0009858249012028076,0.0013692025957678078,2756.1347013333943,conversion,ipw
causal_forest,0.73,0.0009853460875067744,0.0009856401930673443,0.0013501917777423815,2755.6183008030894,conversion,ipw
causal_forest,0.74,0.0009854901645806279,0.000985794937305235,0.0013321541682212194,2756.0509293189257,conversion,ipw
causal_forest,0.75,0.000985798900838979,0.000986033369636445,0.0013147086442371982,2756.7175300724325,conversion,ipw
causal_forest,0.76,0.0009854495923201146,0.000985627310161883,0.0012968750321762684,2755.582283227602,conversion,ipw
causal_forest,0.77,0.0009864668369421053,0.0009866575201115837,0.0012813688140766066,2758.462508091637,conversion,ipw
causal_forest,0.78,0.0009853075265654147,0.0009854941535819002,0.0012634483890325314,2755.210008729003,conversion,ipw
causal_forest,0.79,0.0009852416518871215,0.0009854234233597058,0.0012473644681383635,2755.0122636531946,conversion,ipw
causal_forest,0.8,0.0009853097704392336,0.0009854345768309355,0.0012317855648677316,2755.0434461370805,conversion,ipw
causal_forest,0.81,0.0009865949375608544,0.0009867213455139287,0.0012181656261308089,2758.6409489141556,conversion,ipw
causal_forest,0.8200000000000001,0.0009868079448848161,0.0009869190424168794,0.0012035500287120946,2759.193662985289,conversion,ipw
causal_forest,0.8300000000000001,0.0009872063105758441,0.0009872847193273476,0.001189488377624634,2760.2160096730104,conversion,ipw
causal_forest,0.84,0.000988651660245833,0.0009887435924915233,0.0011770639843718162,2764.294676125565,conversion,ipw
causal_forest,0.85,0.0009871529174007795,0.000987214952618478,0.0011614163609915597,2760.0209583539786,conversion,ipw
causal_forest,0.86,0.000987734077145921,0.0009877769734758061,0.0011485639979547258,2761.592236565622,conversion,ipw
causal_forest,0.87,0.0009883383429027223,0.0009883637653203673,0.0011360357971534527,2763.2327686350404,conversion,ipw
causal_forest,0.88,0.000989326698244402,0.00098936289896764,0.0011242612318945406,2766.026111462107,conversion,ipw
causal_forest,0.89,0.0009892533120770147,0.0009892841102022648,0.001111540051935663,2765.80583659376,conversion,ipw
causal_forest,0.9,0.0009894985341859712,0.0009895163904885809,0.0010994472949473534,2766.455237675808,conversion,ipw
causal_forest,0.91,0.0009909470307512967,0.0009909473960222376,0.0010889366875094478,2770.455992783839,conversion,ipw
causal_forest,0.92,0.0009943527415729942,0.0009943865418292567,0.0010808390607175288,2780.071036074088,conversion,ipw
causal_forest,0.93,0.0009926597998502083,0.0009927363561354277,0.0010674469363818485,2775.4575047574654,conversion,ipw
causal_forest,0.9400000000000001,0.000993182267420406,0.0009932695205923322,0.0010566596744178832,2776.9481072563462,conversion,ipw
causal_forest,0.9500000000000001,0.000999681785268226,0.0009997197255937704,0.0010523348739918726,2794.9813642916347,conversion,ipw
causal_forest,0.96,0.0010001898316222804,0.0010002181688060878,0.0010418970888619243,2796.37489435203,conversion,ipw
causal_forest,0.97,0.0010033303673923453,0.0010033407032078345,0.0010343733311079682,2805.104766574025,conversion,ipw
causal_forest,0.98,0.0010047388226981416,0.0010047282316297396,0.0010252332868993905,2808.9839698970823,conversion,ipw
causal_forest,0.99,0.0010081206532712118,0.0010080938726906158,0.0010182762880103354,2818.393511194726,conversion,ipw
causal_forest,1.0,0.0010044611251523849,0.0010044611251523849,0.0010044611251523849,2808.2372029709377,conversion,ipw
class_transformation,0.0,0.0,0.0,0.0,0.0,conversion,ipw
class_transformation,0.01,0.00043647634868286555,0.00043564757379256354,0.04364497406073896,1217.9682154684397,conversion,ipw
class_transformation,0.02,0.000593985712575247,0.0005931528914979767,0.02969909507516806,1658.3160614633216,conversion,ipw
class_transformation,0.03,0.0006735646413431542,0.0006732449632247527,0.022462701676654206,1882.2346680218434,conversion,ipw
class_transformation,0.04,0.000727421792504806,0.0007273420801864547,0.01819554921541356,2033.4774912843113,conversion,ipw
class_transformation,0.05,0.0007825311312630002,0.0007827109815548414,0.01566185360682729,2188.2759248094176,conversion,ipw
class_transformation,0.06,0.0008191884219615595,0.0008192532680923659,0.013660549736214833,2290.439568545071,conversion,ipw
class_transformation,0.07,0.0008232805865233286,0.0008235915273472346,0.01176998190825174,2302.5683216949915,conversion,ipw
class_transformation,0.08,0.0008469883902711518,0.0008470206470638342,0.010590983663450841,2368.0706333061903,conversion,ipw
class_transformation,0.09,0.0008731206287403299,0.0008735869901762716,0.009709099042471272,2442.343884114158,conversion,ipw
class_transformation,0.1,0.0008686766104245181,0.0008690704490205918,0.00869264754805094,2429.716696675505,conversion,ipw
class_transformation,0.11,0.0008689899803752482,0.0008693360446347863,0.007904402154207233,2430.4592395833893,conversion,ipw
class_transformation,0.12,0.000886442481997662,0.0008867613539554796,0.007390885101197085,2479.176308549361,conversion,ipw
class_transformation,0.13,0.0009053087408200867,0.0009055149440705989,0.006966609066208598,2531.6069383983736,conversion,ipw
class_transformation,0.14,0.0009165593755396078,0.0009170676045151259,0.006551521547184903,2563.905461498225,conversion,ipw
class_transformation,0.15,0.0009283919335231098,0.0009288420845966582,0.006193173199433086,2596.8241401634737,conversion,ipw
class_transformation,0.16,0.0009364392520497754,0.0009367428323491257,0.005855424798346668,2618.9127737742765,conversion,ipw
class_transformation,0.17,0.0009446321120458625,0.0009449200369439834,0.00555900288503537,2641.77431573402,conversion,ipw
class_transformation,0.18,0.0009455996766472266,0.0009458518113724547,0.005255351367892961,2644.379338018397,conversion,ipw
class_transformation,0.19,0.0009427506681935363,0.0009428546639786698,0.004962954049150099,2636.000018397895,conversion,ipw
class_transformation,0.2,0.000940421496302972,0.0009403810397882424,0.00470237032168138,2629.0843465975763,conversion,ipw
class_transformation,0.21,0.0009392263865270064,0.0009391038136673799,0.004472322744656487,2625.5135225811955,conversion,ipw
class_transformation,0.22,0.0009437976914355161,0.0009436682739500992,0.00428983132289752,2638.2746806354517,conversion,ipw
class_transformation,0.23,0.0009413519577455759,0.0009411199132715021,0.004092287721580431,2631.150063181347,conversion,ipw
class_transformation,0.24,0.0009428393790608759,0.0009426209045316497,0.003928007758335101,2635.3464819302008,conversion,ipw
class_transformation,0.25,0.0009437221263614209,0.0009435152147570467,0.0037744434994748527,2637.8467631089056,conversion,ipw
class_transformation,0.26,0.0009445933959673626,0.0009443971657907479,0.0036326458939947267,2640.3124908927107,conversion,ipw
class_transformation,0.27,0.0009454544653462317,0.0009452681326758451,0.0035013124631300147,2642.747509578891,conversion,ipw
class_transformation,0.28,0.0009463064291710362,0.000946129293772387,0.003379326116798612,2645.1551135851637,conversion,ipw
class_transformation,0.29,0.0009471502308864406,0.0009469816647096502,0.0032657233033418897,2647.5381423722583,conversion,ipw
class_transformation,0.3,0.0009479866879520438,0.0009478261255399435,0.0031596685073822005,2649.89905635957,conversion,ipw
class_transformation,0.31,0.0009488165121926378,0.0009486634426308289,0.0030604336671508038,2652.2399981306644,conversion,ipw
class_transformation,0.32,0.0009496403263273137,0.0009494942864480112,0.0029673814386377804,2654.562842150056,conversion,ipw
class_transformation,0.33,0.0009504586774891004,0.0009503192461015076,0.002879951493131079,2656.86923543088,conversion,ipw
class_transformation,0.34,0.0009512720483555617,0.000951138841322168,0.002797649225522487,2659.160631018428,conversion,ipw
class_transformation,0.35000000000000003,0.0009520808663687939,0.0009519535323830062,0.0027200363926499086,2661.438315727857,conversion,ipw
class_transformation,0.36,0.0009528855114167973,0.0009527637283653517,0.002646723307466542,2663.703433254408,conversion,ipw
class_transformation,0.37,0.0009536863222676664,0.0009535697940832506,0.0025773622955112246,2665.957003532403,conversion,ipw
class_transformation,0.38,0.0009544836019866472,0.0009543720559135397,0.0025116421817809372,2668.199939034762,conversion,ipw
class_transformation,0.39,0.0009552776225188013,0.0009551708067281577,0.0024492836235492626,2670.433058562583,conversion,ipw
class_transformation,0.4,0.0009560686285834965,0.0009559663100859622,0.0023900351414707756,2672.657098964483,conversion,ipw
class_transformation,0.41000000000000003,0.0009568568409983245,0.0009567588038105802,0.0023336697300504307,2674.8727251394207,conversion,ipw
class_transformation,0.42,0.0009576424595276593,0.000957548503056702,0.0022799819511531193,2677.0805386093375,conversion,ipw
class_transformation,0.43,0.000958425665333319,0.0009583356029481755,0.0022287854321064934,2679.281084894647,conversion,ipw
class_transformation,0.44,0.0009592066230906948,0.0009591202808560676,0.0021799107041798995,2681.474859883161,conversion,ipw
class_transformation,0.45,0.000959985482822444,0.0009599026983727415,0.0021332033286125263,2683.6623153491432,conversion,ipw
class_transformation,0.46,0.000960762381492767,0.0009606830030282552,0.0020885222665306983,2685.8438637519594,conversion,ipw
class_transformation,0.47000000000000003,0.0009615374443979618,0.0009614613297874758,0.0020457384565094293,2688.0198824216527,conversion,ipw
class_transformation,0.48,0.000962310786382987,0.0009622378023599155,0.00200473356956131,2690.190717220941,conversion,ipw
class_transformation,0.49,0.00096308251290893,0.0009630125343490683,0.0019653989162588454,2692.3566857584915,conversion,ipw
class_transformation,0.5,0.0009638527209922509,0.0009637856302637263,0.0019276344847350556,2694.5180802163204,conversion,ipw
class_transformation,0.51,0.0009646215000334315,0.0009645571864102312,0.0018913480916346133,2696.6751698443227,conversion,ipw
class_transformation,0.52,0.0009653889325499294,0.0009653272916817125,0.0018564546308405144,2698.8282031667936,conversion,ipw
class_transformation,0.53,0.0009661550948260792,0.0009660960282579117,0.0018228754070873515,2700.9774099389733,conversion,ipw
class_transformation,0.54,0.0009669200574907245,0.000966863472227197,0.001790537543478158,2703.1230028860546,conversion,ipw
class_transformation,0.55,0.0009676838860317846,0.0009676296941406855,0.0017593734535163727,2705.2651792523775,conversion,ipw
class_transformation,0.56,0.0009684466412556357,0.0009683947595069442,0.0017293203696031483,2707.4041221844977,conversion,ipw
class_transformation,0.5700000000000001,0.0009692083796981118,0.0009691587292346046,0.001700319921078137,2709.5400019686313,conversion,ipw
class_transformation,0.58,0.0009699691539929345,0.0009699216600291381,0.0016723177558347685,2711.672977139948,conversion,ipw
class_transformation,0.59,0.0009707290132026688,0.0009706836047492801,0.001645263200349174,2713.803195479047,conversion,ipw
class_transformation,0.6,0.0009714880031165408,0.0009714446127277728,0.0016191089536486936,2715.93079490868,conversion,ipw
class_transformation,0.61,0.0009722461665189455,0.0009722047300605523,0.0015938108113317988,2718.055904302249,conversion,ipw
class_transformation,0.62,0.0009730035434319541,0.0009729639998679267,0.0015693274162520655,2720.1786442139996,conversion,ipw
class_transformation,0.63,0.0009737601713347058,0.0009737224625308766,0.0015456200329083368,2722.299127539662,conversion,ipw
class_transformation,0.64,0.0009745160853622102,0.000974480155905172,0.0015226523429522757,2724.4174601150717,conversion,ipw
class_transformation,0.65,0.0009752713184858032,0.0009752371155157358,0.0015003902595427487,2726.533741259562,conversion,ipw
class_transformation,0.66,0.0009760259016771646,0.0009759933747333107,0.001478801758551149,2728.6480642698853,conversion,ipw
class_transformation,0.67,0.0009767798640576571,0.0009767489649353072,0.0014578567248598254,2730.760516869907,conversion,ipw
class_transformation,0.68,0.000977533233034463,0.0009775039156524467,0.0014375268122022015,2732.8711816205814,conversion,ipw
class_transformation,0.6900000000000001,0.00097828603442489,0.0009782582547026475,0.0014177853151728379,2734.9801362942712,conversion,ipw
class_transformation,0.7000000000000001,0.000979038292570002,0.000979012008313432,0.001398607052192189,2737.087454216962,conversion,ipw
class_transformation,0.71,0.0009797900304386524,0.00097976520123398,0.0013799682583475643,2739.193204581545,conversion,ipw
class_transformation,0.72,0.0009805412697228314,0.0009805178568378415,0.0013618464871514558,2741.297452734971,conversion,ipw
class_transformation,0.73,0.000981292030925183,0.0009812699972172054,0.0013442205203633433,2743.4002604418074,conversion,ipw
class_transformation,0.74,0.0009820423334394128,0.00098202164326952,0.0013270702851132378,2745.501686126408,conversion,ipw
class_transformation,0.75,0.0009827921956242621,0.000982772814777174,0.001310376777646401,2747.601785095681,conversion,ipw
class_transformation,0.76,0.0009835416348716402,0.000983523530480897,0.0012941219930802219,2749.700609744302,conversion,ipw
class_transformation,0.77,0.0009842906676694432,0.0009842738081474282,0.0012782888606273838,2751.7982097438967,conversion,ipw
class_transformation,0.78,0.0009850393096595366,0.0009850236646319769,0.0012628611837954074,2753.894632217669,conversion,ipw
class_transformation,0.79,0.0009857875756913341,0.0009857731159359459,0.0012478235851222002,2755.9899219017802,conversion,ipw
class_transformation,0.8,0.0009865354798713494,0.0009865221772603105,0.0012331614550511886,2758.084121294584,conversion,ipw
class_transformation,0.81,0.0009872830356090889,0.0009872708630550568,0.0012188609045887698,2760.1772707948453,conversion,ipw
class_transformation,0.8200000000000001,0.000988030255659568,0.0009880191870649893,0.001204908721421572,2762.2694088298053,conversion,ipw
class_transformation,0.8300000000000001,0.0009887771521627634,0.0009887671623722287,0.0011912923292021049,2764.3605719740003,conversion,ipw
class_transformation,0.84,0.0009895237366802432,0.0009895148014356786,0.001177999749739084,2766.450795059595,conversion,ipw
class_transformation,0.85,0.0009902700202292067,0.0009902621161276947,0.0011650195678534958,2768.540111278906,conversion,ipw
class_transformation,0.86,0.000991016013314153,0.0009910091177682044,0.0011523408986836912,2770.628552279789,conversion,ipw
class_transformation,0.87,0.0009917617259563613,0.0009917558171564694,0.0011399533572426877,2772.716148254441,conversion,ipw
class_transformation,0.88,0.000992507167721361,0.0009925022246006765,0.0011278470300487174,2774.802928022131,conversion,ipw
class_transformation,0.89,0.0009932523477445482,0.0009932483499455408,0.0011160124486661628,2776.888919106366,conversion,ipw
class_transformation,0.9,0.0009939972747550934,0.0009939942025980607,0.0011044405650084488,2778.9741478069045,conversion,ipw
class_transformation,0.91,0.0009947419570982758,0.0009947397915515818,0.0010931227282675116,2781.0586392670252,conversion,ipw
class_transformation,0.92,0.0009954864027563555,0.0009954851254082857,0.0010820506633462176,2783.1424175364073,conversion,ipw
class_transformation,0.93,0.000996230619368099,0.0009962302124002242,0.0010712164506807222,2785.225505629932,conversion,ipw
class_transformation,0.9400000000000001,0.0009969746142470626,0.00099697506040902,0.0010606125073493932,2787.307925582763,conversion,ipw
class_transformation,0.9500000000000001,0.0009977183943987097,0.0009977196769843106,0.0010502315693735756,2789.3896985019137,conversion,ipw
class_transformation,0.96,0.0009984619665364771,0.0009984640693610565,0.0010400666751234134,2791.4708446146315,conversion,ipw
class_transformation,0.97,0.0009992053370968229,0.0009992082444757547,0.0010301111497490242,2793.5513833137325,conversion,ipw
class_transformation,0.98,0.000999948512253371,0.0009999522089816798,0.001020358590563908,2795.6313332002087,conversion,ipw
class_transformation,0.99,0.0010006914979301923,0.0010006959692631919,0.0010108028533132988,2797.7107121232298,conversion,ipw
class_transformation,1.0,0.001004461125149765,0.001004461125149765,0.001004461125149765,2808.237202965834,conversion,ipw
response,0.0,0.0,0.0,0.0,0.0,conversion,ipw
response,0.01,0.0004500231189245037,0.00044957635611012845,0.045022521369251625,1256.9098168065548,conversion,ipw
response,0.02,0.000611695962812137,0.00061276708176601,0.0306660652238933,1713.1527270507438,conversion,ipw
response,0.03,0.0007044756864061721,0.0007042983332348355,0.02349743678242188,1969.052591338923,conversion,ipw
response,0.04,0.0007581761617721026,0.000758095539579608,0.018966172204461132,2119.456935011633,conversion,ipw
response,0.05,0.000810954546370863,0.0008110570521347889,0.01623244326010067,2267.524875282104,conversion,ipw
response,0.06,0.000846226192434176,0.0008464666430955559,0.014115219619681676,2366.521768430084,conversion,ipw
response,0.07,0.0008814524411380396,0.0008814707033612225,0.01259862241097031,2464.384893076317,conversion,ipw
response,0.08,0.0008896982441175622,0.0008895517292018154,0.011123932351085615,2486.977541846353,conversion,ipw
response,0.09,0.0008916179178291948,0.000891621251434831,0.009910716860979645,2492.7634395596647,conversion,ipw
response,0.1,0.0008950041290747616,0.0008949372057752926,0.008952541014655244,2502.034068466109,conversion,ipw
response,0.11,0.000919699237069592,0.0009198584430266571,0.008365135514012221,2571.707989975745,conversion,ipw
response,0.12,0.000940387714973339,0.0009405709098955265,0.007840471414219723,2629.615178785704,conversion,ipw
response,0.13,0.0009391509758311082,0.0009394385587644153,0.00722824421549686,2626.449391187174,conversion,ipw
response,0.14,0.0009321292687792133,0.0009323139484133559,0.006660809226871548,2606.5306553162545,conversion,ipw
response,0.15,0.0009339213123476557,0.000934269008036742,0.006229616167957048,2611.9965424779766,conversion,ipw
response,0.16,0.0009393072509962029,0.000939560906411446,0.005873164133300685,2626.7914464499254,conversion,ipw
response,0.17,0.000941578143234818,0.0009418934700673972,0.0055413740388817415,2633.312746152735,conversion,ipw
response,0.18,0.0009490599616483458,0.0009493262570933222,0.0052747255174597826,2654.0930715683116,conversion,ipw
response,0.19,0.0009559988839340638,0.0009565124935009264,0.005034834653463393,2674.184099407858,conversion,ipw
response,0.2,0.0009582482229589251,0.0009586523214251677,0.004793745894352787,2680.1665553081784,conversion,ipw
response,0.21,0.0009575617888322698,0.0009579651679844518,0.004562166708346173,2678.245435806341,conversion,ipw
response,0.22,0.0009636677785609553,0.0009641676434825888,0.004382963295971548,2695.586099380296,conversion,ipw
response,0.23,0.000970456041698338,0.0009708995451043331,0.004221623762767128,2714.4069139519456,conversion,ipw
response,0.24,0.0009739243229860968,0.0009743546176024578,0.004060086051737398,2724.066484526888,conversion,ipw
response,0.25,0.000974486877400848,0.0009749439369039104,0.0039000318516193757,2725.7140827716853,conversion,ipw
response,0.26,0.0009695871717108171,0.0009700752138279487,0.003731299873219211,2712.1022774658254,conversion,ipw
response,0.27,0.0009696701512490009,0.0009702649142279053,0.0035937814020478454,2712.6326351942002,conversion,ipw
response,0.28,0.0009733045748586331,0.0009740322963597575,0.003478900455123957,2723.1653500953075,conversion,ipw
response,0.29,0.0009758777556704905,0.0009764526917507698,0.003367275755787191,2729.932206684117,conversion,ipw
response,0.3,0.0009831225250439034,0.0009836439000590334,0.0032789914870263925,2750.03713478924,conversion,ipw
response,0.31,0.0009871385779054384,0.0009875517000177533,0.003185802385793841,2760.962424928449,conversion,ipw
response,0.32,0.000985486363795632,0.0009858372458042364,0.0030808710651601193,2756.169213937373,conversion,ipw
response,0.33,0.0009906129677066037,0.0009909705009817117,0.0030030554281743364,2770.5205888196438,conversion,ipw
response,0.34,0.0009944240882947513,0.0009946917079198267,0.002925703563563969,2780.924208732742,conversion,ipw
response,0.35000000000000003,0.000990957693467185,0.0009913676195781342,0.0028326158728542838,2771.630839070788,conversion,ipw
response,0.36,0.0009881514470395077,0.0009884747077874493,0.0027458888357345,2763.542937695529,conversion,ipw
response,0.37,0.0009901939734908156,0.0009905146810408254,0.0026771890385341576,2769.2462234073846,conversion,ipw
response,0.38,0.0009907233784330553,0.0009910656515909862,0.00260820539980184,2770.786607557611,conversion,ipw
response,0.39,0.000994568532056615,0.000994946048803966,0.0025512604560313443,2781.6352860608654,conversion,ipw
response,0.4,0.0009921130840306967,0.0009924143132296571,0.0024811401035220552,2774.5571484905527,conversion,ipw
response,0.41000000000000003,0.0009911233198425932,0.0009913651562574043,0.002418127283203352,2771.623952205042,conversion,ipw
response,0.42,0.0009901099302321045,0.0009903232836973748,0.0023580605479372177,2768.7111214238753,conversion,ipw
response,0.43,0.0009897245483835896,0.0009899175401735343,0.0023022688417130054,2767.576757902996,conversion,ipw
response,0.44,0.0009894603671511174,0.000989546910598077,0.0022491167619433424,2766.5405647281113,conversion,ipw
response,0.45,0.000984901581429061,0.0009849236424605892,0.002188852694530564,2753.614993734974,conversion,ipw
response,0.46,0.0009850816899751298,0.0009850626135389045,0.0021415617258467596,2754.003524204187,conversion,ipw
response,0.47000000000000003,0.0009847198844584698,0.0009847606276324023,0.002095351202943343,2753.1592425927074,conversion,ipw
response,0.48,0.0009877798087496636,0.000987855345651064,0.002058141663977146,2761.811346745959,conversion,ipw
response,0.49,0.0009887765281515232,0.0009888633810650697,0.0020181921496716113,2764.629576820412,conversion,ipw
response,0.5,0.000988528802755344,0.0009885974278165106,0.001977291941529958,2763.8860340509077,conversion,ipw
response,0.51,0.0009886309395628356,0.0009886450526296563,0.0019386270309829107,2764.0191818340436,conversion,ipw
response,0.52,0.0009902909802523292,0.0009903031315697658,0.001904533898105769,2768.6547808119253,conversion,ipw
response,0.53,0.0009930574129641257,0.000993180641508578,0.0018740245357935772,2776.699622229621,conversion,ipw
response,0.54,0.0009934299489537893,0.0009935497415455169,0.0018400004694539784,2777.7315391743336,conversion,ipw
response,0.55,0.000994677133298849,0.000994827049543226,0.0018088661189567625,2781.3025920991295,conversion,ipw
response,0.56,0.000995796959504036,0.0009959988249298038,0.0017786540860593647,2784.578600649101,conversion,ipw
response,0.5700000000000001,0.0009976190887418163,0.0009977691383773605,0.0017505523867745445,2789.527980928596,conversion,ipw
response,0.58,0.000994271130723119,0.000994440478672394,0.0017146277664199768,2780.221830809447,conversion,ipw
response,0.59,0.0009955937381735665,0.0009957987875519206,0.0016878664152970373,2784.019343160195,conversion,ipw
response,0.6,0.0009946528391274502,0.0009948695236091218,0.0016581838014139189,2781.4213396036603,conversion,ipw
response,0.61,0.0009955244990140213,0.0009958058038899511,0.0016325331189472742,2784.038959192108,conversion,ipw
response,0.62,0.0009962799336210317,0.0009965550072615125,0.0016074079341611082,2786.133555715483,conversion,ipw
response,0.63,0.0009971630931234036,0.0009974726161867075,0.0015833478135773692,2788.6989745823607,conversion,ipw
response,0.64,0.0009976122305226792,0.0009979239616554761,0.0015593108203777427,2789.9608304223225,conversion,ipw
response,0.65,0.0009987529569430945,0.000999087273040167,0.0015371093154881972,2793.213175612519,conversion,ipw
response,0.66,0.0009989407766487414,0.0009992578276962248,0.0015140764415370904,2793.690006341243,conversion,ipw
response,0.67,0.0009993723225045549,0.0009996902643656937,0.0014921218362097138,2794.898997622959,conversion,ipw
response,0.68,0.0010002694956163345,0.0010005918030721386,0.0014715027777150442,2797.4194879355855,conversion,ipw
response,0.6900000000000001,0.001000713665142348,0.0010010065252901517,0.0014507755638827001,2798.5789537748897,conversion,ipw
response,0.7000000000000001,0.001001375815532469,0.0010016555072490819,0.0014309753812378483,2800.393354786027,conversion,ipw
response,0.71,0.001001807292900359,0.0010020878521468412,0.0014114279450203387,2801.6020894956137,conversion,ipw
response,0.72,0.0010019682429887075,0.0010022294840948966,0.0013920194467091462,2801.9980591311714,conversion,ipw
response,0.73,0.0010034578104776797,0.0010037362173847713,0.0013750134693533114,2806.2105312454496,conversion,ipw
response,0.74,0.001004563099404203,0.0010048845046529424,0.0013579832495644924,2809.420872537341,conversion,ipw
response,0.75,0.0010049450781788156,0.0010052565534500047,0.001340371400041352,2810.4610335222396,conversion,ipw
response,0.76,0.0010042474208072291,0.0010045635533387181,0.0013218216329103582,2808.523568103772,conversion,ipw
response,0.77,0.0010053961899469843,0.0010057401838852876,0.0013061820541480614,2811.8131505398537,conversion,ipw
response,0.78,0.0010062414953587878,0.0010066010712034277,0.0012905384394221865,2814.2199891260657,conversion,ipw
response,0.79,0.0010048897990940354,0.0010052508695501652,0.0012724923454719797,2810.445142674314,conversion,ipw
response,0.8,0.0010047905927093575,0.0010051376300384115,0.0012564432455096698,2810.12855161689,conversion,ipw
response,0.81,0.0010049177034582393,0.0010052494454756088,0.001241068375420764,2810.4411612965887,conversion,ipw
response,0.8200000000000001,0.001005261856784453,0.0010055633656030536,0.0012263147367909243,2811.3188081846333,conversion,ipw
response,0.8300000000000001,0.0010051658499009477,0.0010054533810902263,0.0012114061843064156,2811.0113173391064,conversion,ipw
response,0.84,0.0010056246409655607,0.0010058836688777717,0.0011974955535895785,2812.214300852068,conversion,ipw
response,0.85,0.0010059789403379636,0.0010061846848942778,0.0011837603279244617,2813.0558708790954,conversion,ipw
response,0.86,0.0010076277455049337,0.0010077722538788484,0.0011718402894054752,2817.4943405949616,conversion,ipw
response,0.87,0.0010081809432126692,0.0010083484550450228,0.0011590327023546522,2819.105263616996,conversion,ipw
response,0.88,0.001006844373878635,0.001007000953388231,0.0011443296753926345,2815.3379657207297,conversion,ipw
response,0.89,0.0010053799425543926,0.0010055243747647883,0.0011298120321534262,2811.20979896581,conversion,ipw
response,0.9,0.0010049679074631435,0.0010051230365616763,0.001116811953761759,2810.0877516861983,conversion,ipw
response,0.91,0.0010027656423929976,0.001002926702031198,0.0011021250811070389,2803.947316596963,conversion,ipw
response,0.92,0.0010035938810831445,0.0010037380376164285,0.0010910263969755498,2806.21562018531,conversion,ipw
response,0.93,0.0010044270291398574,0.0010045546223329113,0.0010801720573168309,2808.4985991108074,conversion,ipw
response,0.9400000000000001,0.0010049804556774094,0.001005092320324016,0.0010692520024825685,2810.0018763056855,conversion,ipw
response,0.9500000000000001,0.00100482455516852,0.0010049248609376542,0.0010578196723579,2809.5336992234747,conversion,ipw
response,0.96,0.001005348179827234,0.0010054319136004162,0.0010473280557101849,2810.9512992836244,conversion,ipw
response,0.97,0.0010060044534948172,0.0010060778991568336,0.0010371960606881878,2812.7573230576536,conversion,ipw
response,0.98,0.0010067922796557053,0.0010068520740323763,0.001027401641387646,2814.9217340365,conversion,ipw
response,0.99,0.0010056051479824647,0.0010056445915936352,0.0010158034940453875,2811.5458969617775,conversion,ipw
response,1.0,0.0010044611251523383,0.0010044611251523385,0.0010044611251523385,2808.237202970845,conversion,ipw
random,0.0,0.0,0.0,0.0,0.0,conversion,ipw
random,0.01,7.2412757009707e-06,7.2641913533569966e-06,0.0007261531067349028,20.30897154422192,conversion,ipw
random,0.02,2.7707666157572905e-05,2.7697676375018157e-05,0.0013845449474159366,77.43619268528195,conversion,ipw
random,0.03,3.535551516766698e-05,3.535501156237731e-05,0.0011782628468303786,98.84430197920622,conversion,ipw
random,0.04,4.178965618841289e-05,4.1777987752397876e-05,0.00104429819192385,116.80143365802145,conversion,ipw
random,0.05,5.2011692002084785e-05,5.1981495846605714e-05,0.0010394907408553117,145.32804391048145,conversion,ipw
random,0.06,6.220326707148125e-05,6.22009391385268e-05,0.0010365709348673126,173.89920523011017,conversion,ipw
random,0.07,7.667689263012312e-05,7.667429473961756e-05,0.0010952502033632497,214.36330546559194,conversion,ipw
random,0.08,8.213131115179516e-05,8.211180107981365e-05,0.0010263427278776427,229.56529508327117,conversion,ipw
random,0.09,9.558760867590414e-05,9.559391078019358e-05,0.0010620861745182738,267.2581047770246,conversion,ipw
random,0.1,0.00010889205079311326,0.00010893338916808327,0.0010892530467004414,304.5521508471655,conversion,ipw
random,0.11,0.000127668275618903,0.00012767518709433715,0.0011606168243169556,356.94981250787447,conversion,ipw
random,0.12,0.00013832651029264292,0.00013835239876811624,0.0011528660278547465,386.8007866227295,conversion,ipw
random,0.13,0.00014036838412667796,0.00014037736964966555,0.001079784968012058,392.46212922933057,conversion,ipw
random,0.14,0.00014651191602501614,0.00014656058090582546,0.001046811099644886,409.74893451086166,conversion,ipw
random,0.15,0.00015327557139391073,0.00015331858326805985,0.0010220635618369655,428.64272061782816,conversion,ipw
random,0.16,0.00015736765944237112,0.0001573997203197457,0.0009836979514362982,440.052620525332,conversion,ipw
random,0.17,0.00016676836423498213,0.00016678534771982952,0.000981041871331187,466.2926286034347,conversion,ipw
random,0.18,0.00016484325200100074,0.00016483216613322858,0.0009156761024734978,460.83199199112335,conversion,ipw
random,0.19,0.0001668602319248498,0.00016680778383935943,0.0008778709582456354,466.35535471993285,conversion,ipw
random,0.2,0.00018488663002844355,0.000184819276123772,0.0009240341994347424,516.7112534675703,conversion,ipw
random,0.21,0.00019412849558751214,0.00019405917130863455,0.0009240352670749179,542.5438285269051,conversion,ipw
random,0.22,0.00021006020659801385,0.00020997021054970462,0.0009543477634567092,587.027354285978,conversion,ipw
random,0.23,0.0002267350028637623,0.00022665556988921197,0.0009854023593017167,633.6756970329754,conversion,ipw
random,0.24,0.00025164937492910496,0.00025161084489446395,0.001048315855289941,703.4447801017578,conversion,ipw
random,0.25,0.00024798886300367914,0.0002479573398072181,0.00099176274774718,693.2304386500756,conversion,ipw
random,0.26,0.0002619394612740241,0.0002618926644677313,0.0010072212008397862,732.1903308422145,conversion,ipw
random,0.27,0.00028463198213940554,0.0002845917636885142,0.001053986665074622,795.6516767415499,conversion,ipw
random,0.28,0.0002823404523260022,0.0002823095294612988,0.0010081877019917232,789.2710862913347,conversion,ipw
random,0.29,0.0002910915865628922,0.00029109590754391063,0.0010037261548263717,813.8357341339434,conversion,ipw
random,0.3,0.0003056109591361079,0.00030562046332966315,0.0010186917453885564,854.4429780509133,conversion,ipw
random,0.31,0.0003225976175419164,0.00032262162474621975,0.0010406721477040411,901.9742291746892,conversion,ipw
random,0.32,0.00033142840395804164,0.0003314673649834901,0.0010357941951607678,926.7048396483906,conversion,ipw
random,0.33,0.0003430400929880752,0.00034306231556375724,0.001039551116399195,959.1215960272657,conversion,ipw
random,0.34,0.00035477223530379695,0.0003547888623376587,0.001043462398352477,991.9062644312849,conversion,ipw
random,0.35000000000000003,0.0003504424051598026,0.000350475382673598,0.0010013214434445206,979.8467891927223,conversion,ipw
random,0.36,0.0003621031141688158,0.0003621441665533847,0.0010059100070990406,1012.469966122216,conversion,ipw
random,0.37,0.0003702891499689792,0.00037029825569739563,0.0010007669016816531,1035.266882714761,conversion,ipw
random,0.38,0.00037697971700169,0.00037696269391341284,0.0009919665178434196,1053.8990854615638,conversion,ipw
random,0.39,0.00037894402717658274,0.00037898529732717225,0.0009717129704354061,1059.553809184708,conversion,ipw
random,0.4,0.00038689871335767035,0.00038692453488046893,0.000967266110122272,1081.7500512314166,conversion,ipw
random,0.41000000000000003,0.00038801204786932935,0.0003880426184561734,0.0009464008649086681,1084.87595009868,conversion,ipw
random,0.42,0.0004057195202326569,0.0004057515352089983,0.0009660286355011941,1134.3859187816927,conversion,ipw
random,0.43,0.0004258292853603323,0.00042587130183409497,0.000990340765930688,1190.6360570268316,conversion,ipw
random,0.44,0.00043995094538977904,0.00043994267337085454,0.0009998102466461717,1229.9763043065457,conversion,ipw
random,0.45,0.0004380994905305984,0.0004381098756567882,0.0009735165283175765,1224.8522327050882,conversion,ipw
random,0.46,0.00043631804193340346,0.0004363121275047588,0.0009484468614394908,1219.8261514405344,conversion,ipw
random,0.47000000000000003,0.0004635348577077983,0.00046355166189253425,0.0009862269936334878,1295.9814868177518,conversion,ipw
random,0.48,0.0004585555114104686,0.00045856412576954713,0.0009552956479332419,1282.0375081599327,conversion,ipw
random,0.49,0.0004853375445769392,0.0004852963632777123,0.000990355345350084,1356.7745607040974,conversion,ipw
random,0.5,0.0005130339143476645,0.0005129835315139483,0.0010259233902690165,1434.181375103328,conversion,ipw
random,0.51,0.0005327357074960939,0.0005326739729825592,0.0010444163135136198,1489.2312211256776,conversion,ipw
random,0.52,0.000536965658898229,0.0005368950842613083,0.0010324523980721656,1501.0324560704996,conversion,ipw
random,0.53,0.0005502246782435864,0.0005501442398466754,0.0010379733508776726,1538.073980815555,conversion,ipw
random,0.54,0.0005589893780311211,0.0005589675687167462,0.0010350845631545398,1562.7419343744557,conversion,ipw
random,0.55,0.0005572696195637677,0.0005572715203127873,0.0010131814574692306,1558.000181700539,conversion,ipw
random,0.56,0.0005760131470796349,0.0005759882221538391,0.0010285080522808685,1610.3276806059669,conversion,ipw
random,0.5700000000000001,0.0005784825562595221,0.0005785125554806985,0.0010148875287045557,1617.385123232341,conversion,ipw
random,0.58,0.0005865264146053934,0.0005865472406695732,0.0010112469161263219,1639.8482144327438,conversion,ipw
random,0.59,0.0006018003298302754,0.0006017870267299571,0.0010199421029813125,1682.4550740795971,conversion,ipw
random,0.6,0.0006253034421069334,0.0006252973747869919,0.0010421318118711614,1748.1844810375264,conversion,ipw
random,0.61,0.000636261950609002,0.0006361904979646638,0.0010429033698137634,1778.6390929663278,conversion,ipw
random,0.62,0.0006442045722193353,0.0006441380268219845,0.00103889850678304,1800.8585155501805,conversion,ipw
random,0.63,0.0006692955064633424,0.0006692320169859641,0.0010622365410907484,1871.0154135971643,conversion,ipw
random,0.64,0.0006791716840308437,0.0006791199707014351,0.001061091215510606,1898.6598079791047,conversion,ipw
random,0.65,0.0006866568136899373,0.0006865803876684827,0.0010562415923016343,1919.5173802155218,conversion,ipw
random,0.66,0.0006986346523408963,0.0006985548468100883,0.0010583809868756318,1952.9951533267617,conversion,ipw
random,0.67,0.0007173369069077365,0.0007172575931529684,0.001070495247888022,2005.283635939602,conversion,ipw
random,0.68,0.0007258166705429535,0.0007257268167376863,0.0010672067505317533,2028.9615943546432,conversion,ipw
random,0.6900000000000001,0.0007342524737766227,0.0007341528026359341,0.0010639542312137732,2052.5186703615204,conversion,ipw
random,0.7000000000000001,0.0007409227934204839,0.0007408096987653565,0.0010582655930972329,2071.129787207004,conversion,ipw
random,0.71,0.0007537029040909457,0.0007535918138490647,0.001061364417706411,2106.865576489322,conversion,ipw
random,0.72,0.0007446324375547664,0.0007445390246544243,0.0010340503720865772,2081.5561057985715,conversion,ipw
random,0.73,0.0007501894442176371,0.000750092960529679,0.0010274935138055723,2097.083605029006,conversion,ipw
random,0.74,0.0007611952087451587,0.0007610646723051472,0.0010284369263216064,2127.7579322046545,conversion,ipw
random,0.75,0.0007741541748905424,0.0007740230022431004,0.0010320074082517464,2163.9863767993734,conversion,ipw
random,0.76,0.0007902856544842707,0.0007902093738700221,0.0010397273079740441,2209.239667191213,conversion,ipw
random,0.77,0.0008035516023564041,0.0008034703297971999,0.0010434498821973613,2246.314182918249,conversion,ipw
random,0.78,0.0008199221253260663,0.0008198542415390564,0.0010510750614742131,2292.1197490387835,conversion,ipw
random,0.79,0.0008291491910843439,0.0008291019041042793,0.0010494769101097954,2317.9740398678496,conversion,ipw
random,0.8,0.0008378357971130895,0.0008377924404562331,0.001047225757054836,2342.270736759554,conversion,ipw
random,0.81,0.0008463378605024092,0.0008462973730840793,0.0010447964755833077,2366.0485292656163,conversion,ipw
random,0.8200000000000001,0.000851294180144112,0.0008512848947871756,0.0010381394513873975,2379.99246760881,conversion,ipw
random,0.8300000000000001,0.000856214879314325,0.0008561875338532055,0.0010315383905691016,2393.699094050799,conversion,ipw
random,0.84,0.000870661210456266,0.0008706654735676775,0.0010364940077537688,2434.176010389779,conversion,ipw
random,0.85,0.0008828032311797198,0.0008828049342675837,0.0010385823532132665,2468.1150890736935,conversion,ipw
random,0.86,0.0008913289948834902,0.0008913409888603223,0.0010364317745732805,2491.9798912782417,conversion,ipw
random,0.87,0.0009053047922942499,0.0009052874831707876,0.0010405497999642407,2530.971011186172,conversion,ipw
random,0.88,0.000924245681178691,0.0009242036322226922,0.0010502220979911356,2583.8561176122103,conversion,ipw
random,0.89,0.0009303426356566058,0.0009303261903216135,0.0010452995464199795,2600.9733509228904,conversion,ipw
random,0.9,0.0009443596561708055,0.0009443215956117514,0.0010492380552799873,2640.1012144332467,conversion,ipw
random,0.91,0.0009618342386694596,0.0009617952486648158,0.0010569080166412535,2688.9534411114846,conversion,ipw
random,0.92,0.0009658997348662177,0.0009658358901421146,0.001049816145784574,2700.250124911663,conversion,ipw
random,0.93,0.000963078685399185,0.0009630428248679507,0.0010355266672688085,2692.4413709272385,conversion,ipw
random,0.9400000000000001,0.0009728116798855335,0.0009727838142739648,0.0010348736443594147,2719.6748876445376,conversion,ipw
random,0.9500000000000001,0.0009776144742041182,0.000977587315150656,0.0010290400364204202,2733.1043470119985,conversion,ipw
random,0.96,0.0009837758925233938,0.0009837168533283287,0.001024707711140077,2750.2410949821697,conversion,ipw
random,0.97,0.0009959372933827906,0.0009958949110903373,0.0010266979861294234,2784.288081979315,conversion,ipw
random,0.98,0.0009984834084370378,0.0009984590953640963,0.0010188393792946071,2791.456938486082,conversion,ipw
random,0.99,0.000993278058863729,0.0009932898583717017,0.0010033229774849997,2777.004966906979,conversion,ipw
random,1.0,0.0010044611251523905,0.0010044611251523905,0.0010044611251523905,2808.2372029709522,conversion,ipw
s_learner,0.0,0.0,0.0,0.0,0.0,conversion,plain
s_learner,0.01,0.0003321655201315133,0.00032278207623744407,0.03227820762374441,902.4722170296421,conversion,plain
s_learner,0.02,0.0004653660078311277,0.00045351187909577765,0.02267559395478888,1267.9820259777084,conversion,plain
s_learner,0.03,0.0005263299401005587,0.000512579305178243,0.01708597683927477,1433.129705775343,conversion,plain
s_learner,0.04,0.0005625183409374755,0.0005481011508638756,0.013702528771596889,1532.4458735210253,conversion,plain
s_learner,0.05,0.0006256177097897106,0.0006097890598322753,0.012195781196645508,1704.9202085881357,conversion,plain
s_learner,0.06,0.0006734631070892122,0.0006578995269363736,0.01096499211560623,1839.433129552892,conversion,plain
s_learner,0.07,0.0007276465166725217,0.0007126126307642267,0.010180180439488953,1992.4064813810553,conversion,plain
s_learner,0.08,0.0007560276422655317,0.0007417485830814998,0.009271857288518748,2073.868214912061,conversion,plain
s_learner,0.09,0.0008005506036630342,0.0007869092190396675,0.008743435767107417,2200.133649878949,conversion,plain
s_learner,0.1,0.0008408484512826119,0.0008276950114588655,0.008276950114588656,2314.1673810480484,conversion,plain
s_learner,0.11,0.0008648149470924725,0.0008524736351497569,0.007749760319543244,2383.446381040638,conversion,plain
s_learner,0.12,0.0008950981963967296,0.0008830883759178647,0.00735906979931554,2469.0426858195246,conversion,plain
s_learner,0.13,0.0009057964972230087,0.0008947021842651265,0.006882324494347126,2501.513941626184,conversion,plain
s_learner,0.14,0.0009281162663756197,0.0009174948638023767,0.006553534741445547,2565.2404046126135,conversion,plain
s_learner,0.15,0.0009460620891421619,0.0009360133531118534,0.006240089020745689,2617.016582205787,conversion,plain
s_learner,0.16,0.0009479699932046066,0.0009383997437155678,0.005864998398222299,2623.688734649743,conversion,plain
s_learner,0.17,0.0009647323561219863,0.0009557106063692753,0.005621827096289854,2672.0884871387716,conversion,plain
s_learner,0.18,0.0009814106619051048,0.0009727002906970026,0.005403890503872237,2719.590251364982,conversion,plain
s_learner,0.19,0.00098975374137709,0.0009814153828885301,0.0051653441204659485,2743.9569344949336,conversion,plain
s_learner,0.2,0.0009955528343150476,0.0009877713013562968,0.004938856506781485,2761.727561345495,conversion,plain
s_learner,0.21,0.0010025889088041476,0.0009953571297231351,0.004739795855824453,2782.9369154212486,conversion,plain
s_learner,0.22,0.001014366774159949,0.0010073454890862823,0.004578843132210374,2816.45538515514,conversion,plain
s_learner,0.23,0.001027209202197921,0.0010207505357299528,0.004438045807521534,2853.934796357018,conversion,plain
s_learner,0.24,0.0010303378561826748,0.0010243727444005602,0.004268219768335668,2864.0621947789255,conversion,plain
s_learner,0.25,0.0010333710996596255,0.0010276563495752024,0.0041106253983008096,2873.2428855916005,conversion,plain
s_learner,0.26,0.0010322761181943817,0.0010267681767484834,0.003949108372109551,2870.759627198266,conversion,plain
s_learner,0.27,0.0010430736565866256,0.0010379331764535453,0.0038441969498279457,2901.976050843644,conversion,plain
s_learner,0.28,0.0010502082461782488,0.0010451695050331118,0.0037327482322611133,2922.2082321731677,conversion,plain
s_learner,0.29,0.0010524853179104308,0.0010476078098033332,0.00361244072345977,2929.025532369716,conversion,plain
s_learner,0.3,0.0010566363083061117,0.0010520720030049613,0.003506906676683204,2941.507050497625,conversion,plain
s_learner,0.31,0.0010605573925968382,0.0010560863844267226,0.0034067302723442662,2952.730931773593,conversion,plain
s_learner,0.32,0.0010652801101059266,0.0010610019455969265,0.0033156310799903957,2966.474437729468,conversion,plain
s_learner,0.33,0.0010663404017062542,0.0010622224382171694,0.003218855873385362,2969.886835015272,conversion,plain
s_learner,0.34,0.0010705121045923376,0.001066695773713955,0.0031373405109233962,2982.3939142507734,conversion,plain
s_learner,0.35000000000000003,0.0010707083671748557,0.0010671451407579578,0.003048986116451308,2983.650307657708,conversion,plain
s_learner,0.36,0.001073212927594955,0.0010699074594570555,0.0029719651651584876,2991.3735242302514,conversion,plain
s_learner,0.37,0.0010771790914335603,0.0010739277436061245,0.0029025074151516877,3002.613909047748,conversion,plain
s_learner,0.38,0.0010804822609414236,0.0010774305471241208,0.002835343545063476,3012.407460454178,conversion,plain
s_learner,0.39,0.0010824779458388223,0.0010794834633698549,0.0027679063163329612,3018.147245938118,conversion,plain
s_learner,0.4,0.0010825531047283189,0.0010796926071177044,0.0026992315177942613,3018.731994707318,conversion,plain
s_learner,0.41000000000000003,0.0010869848252455343,0.0010843381517961165,0.002644727199502723,3031.7205566934945,conversion,plain
s_learner,0.42,0.0010881795572273629,0.0010856791309159942,0.002584950311704748,3035.4698243523844,conversion,plain
s_learner,0.43,0.001088027918910272,0.0010856441236612982,0.0025247537759565076,3035.3719469388498,conversion,plain
s_learner,0.44,0.001087742415189886,0.0010855072387144181,0.0024670619061691323,3034.9892278519387,conversion,plain
s_learner,0.45,0.0010903482853143536,0.0010882973277387105,0.002418438506086023,3042.79008797656,conversion,plain
s_learner,0.46,0.0010929655126393082,0.001091064383949974,0.0023718790955434216,3050.526550244643,conversion,plain
s_learner,0.47000000000000003,0.0010964231055280585,0.0010946345111966006,0.002329009598290639,3060.508333275777,conversion,plain
s_learner,0.48,0.0010990096662344274,0.0010973279755359792,0.00228609994903329,3068.0390387046036,conversion,plain
s_learner,0.49,0.0011003562446652757,0.0010988602852895883,0.0022425720107950783,3072.3232511262954,conversion,plain
s_learner,0.5,0.0010994028156177838,0.0010979249097455247,0.0021958498194910494,3069.7080178058877,conversion,plain
s_learner,0.51,0.0010996190765646995,0.0010982975385033975,0.0021535245853007796,3070.7498572573422,conversion,plain
s_learner,0.52,0.0011004012708406494,0.001099248257379864,0.0021139389564997385,3073.4079892769946,conversion,plain
s_learner,0.53,0.0011022242910293377,0.0011010817262798191,0.0020775126910939985,3078.5342179768195,conversion,plain
s_learner,0.54,0.0011040607978407581,0.0011029671574028846,0.0020425317729683046,3083.8057287915585,conversion,plain
s_learner,0.55,0.001105324556875798,0.0011042297900423236,0.002007690527349679,3087.3359461155533,conversion,plain
s_learner,0.56,0.0011071092636050378,0.0011060965204702715,0.0019751723579826273,3092.5551713202003,conversion,plain
s_learner,0.5700000000000001,0.0011060018319865438,0.001105067368744349,0.0019387146820076294,3089.6777474849628,conversion,plain
s_learner,0.58,0.0011041093173617276,0.001103183944494992,0.001902041283612055,3084.411847724549,conversion,plain
s_learner,0.59,0.0011047926336036583,0.0011038154229030277,0.0018708735981407252,3086.1774095721876,conversion,plain
s_learner,0.6,0.0011062175313172407,0.0011052811613619657,0.0018421352689366095,3090.2754941128246,conversion,plain
s_learner,0.61,0.0011073062828773617,0.001106325869534653,0.0018136489664502512,3093.1964124975884,conversion,plain
s_learner,0.62,0.0011094557747256357,0.001108477509972738,0.001787866951568932,3099.2122227279574,conversion,plain
s_learner,0.63,0.0011104519881873958,0.0011094963226252307,0.0017611052740083028,3102.06073936169,conversion,plain
s_learner,0.64,0.0011136053608256672,0.0011126839198273956,0.0017385686247303055,3110.972999755972,conversion,plain
s_learner,0.65,0.0011166296662269075,0.0011157851282634897,0.0017165925050207534,3119.6437242442,conversion,plain
s_learner,0.66,0.0011185357931557637,0.0011177596867803512,0.001693575283000532,3125.164427943546,conversion,plain
s_learner,0.67,0.0011203657041787749,0.0011196675040389598,0.0016711455284163582,3130.498528557601,conversion,plain
s_learner,0.68,0.0011213521006767902,0.0011206766345909364,0.0016480538743984356,3133.3199748322218,conversion,plain
s_learner,0.6900000000000001,0.0011226479924184452,0.00112201277265245,0.0016261054676122463,3137.055707288893,conversion,plain
s_learner,0.7000000000000001,0.0011245381151522437,0.0011239637220522795,0.0016056624600746848,3142.510401832965,conversion,plain
s_learner,0.71,0.0011211339722844887,0.0011205346055756906,0.0015782177543319587,3132.9228733519735,conversion,plain
s_learner,0.72,0.0011222058435117032,0.001121583208928744,0.0015577544568454779,3135.8546823416364,conversion,plain
s_learner,0.73,0.0011233781204143432,0.0011228076549152284,0.0015380926779660661,3139.2781329152754,conversion,plain
s_learner,0.74,0.0011241970753941588,0.0011236771344217949,0.0015184826140835065,3141.709126318316,conversion,plain
s_learner,0.75,0.0011245143772960257,0.0011240229680007498,0.0014986972906676664,3142.67604864672,conversion,plain
s_learner,0.76,0.0011245694454083662,0.0011240829904630395,0.001479056566398736,3142.84386652944,conversion,plain
s_learner,0.77,0.0011257447121176196,0.0011252915721339867,0.001461417626148035,3146.222961777712,conversion,plain
s_learner,0.78,0.0011271570132994316,0.001126760876001563,0.0014445652256430295,3150.3310149085382,conversion,plain
s_learner,0.79,0.001128356133434873,0.0011279825964166815,0.0014278260714135206,3153.746845008135,conversion,plain
s_learner,0.8,0.0011268106989187053,0.0011264799235507926,0.001408099904438491,3149.545494894285,conversion,plain
s_learner,0.81,0.0011267150472261775,0.0011264519759432861,0.0013906814517818345,3149.4673556754005,conversion,plain
s_learner,0.8200000000000001,0.0011241367932532402,0.0011238576142572423,0.0013705580661673685,3142.2137331388803,conversion,plain
s_learner,0.8300000000000001,0.001125256073810375,0.0011249798372310802,0.0013553973942543132,3145.351376551447,conversion,plain
s_learner,0.84,0.0011260003514808315,0.0011257203177301475,0.0013401432353930326,3147.4216993074383,conversion,plain
s_learner,0.85,0.0011256299267140034,0.00112538484686643,0.0013239821727840354,3146.483750281095,conversion,plain
s_learner,0.86,0.0011253669469218246,0.001125165561578692,0.0013083320483473163,3145.8706465979735,conversion,plain
s_learner,0.87,0.001126238765637479,0.0011260506578721762,0.0012943111010025013,3148.345303256659,conversion,plain
s_learner,0.88,0.0011273374710512206,0.0011271588964370642,0.0012808623823148458,3151.4438474085237,conversion,plain
s_learner,0.89,0.0011282523518425203,0.0011280870974553824,0.001267513592646497,3154.039021343258,conversion,plain
s_learner,0.9,0.0011279644017268043,0.0011277812117575657,0.0012530902352861843,3153.18379001479,conversion,plain
s_learner,0.91,0.0011275832599750733,0.0011273982484411105,0.0012388991741111104,3152.1130559849726,conversion,plain
s_learner,0.92,0.0011272025535817693,0.0011270157626213618,0.0012250171332840887,3151.0436569967924,conversion,plain
s_learner,0.93,0.001126827669326178,0.001126635497625264,0.0012114360189518967,3149.980467249433,conversion,plain
s_learner,0.9400000000000001,0.0011264125950627298,0.0011262465547104484,0.0011981346326706897,3148.8930147529277,conversion,plain
s_learner,0.9500000000000001,0.001127061115981012,0.0011269155377173624,0.00118622688180775,3150.7634363836523,conversion,plain
s_learner,0.96,0.0011284265232135166,0.0011282900848433618,0.0011753021717118353,3154.6065574350823,conversion,plain
s_learner,0.97,0.0011285917311638289,0.0011285337263923685,0.0011634368313323386,3155.287759227498,conversion,plain
s_learner,0.98,0.001131065217267393,0.0011310338977869032,0.0011541162222315341,3162.278033432563,conversion,plain
s_learner,0.99,0.00112853771564577,0.0011285255809546106,0.0011399248292470817,3155.2649852514533,conversion,plain
s_learner,1.0,0.001150833274829165,0.0011508332748291653,0.0011508332748291653,3217.6354680938102,conversion,plain
t_learner,0.0,0.0,0.0,0.0,0.0,conversion,plain
t_learner,0.01,0.00031738368789818315,0.00030939193737621924,0.030939193737621926,865.0344867650442,conversion,plain
t_learner,0.02,0.00043579373650699934,0.00042495986013591283,0.02124799300679564,1188.1529222314812,conversion,plain
t_learner,0.03,0.0005140825633111872,0.00050135041882785,0.016711680627595003,1401.734660308325,conversion,plain
t_learner,0.04,0.0005752839902622026,0.0005615526533712839,0.014038816334282098,1570.0551715085335,conversion,plain
t_learner,0.05,0.0006219694834331385,0.0006076691800774525,0.01215338360154905,1698.993198623791,conversion,plain
t_learner,0.06,0.0006647611259332236,0.00065055298586382,0.010842549764397,1818.8928031304,conversion,plain
t_learner,0.07,0.0006979521400181526,0.0006843033145130505,0.009775761635900722,1913.2559545066993,conversion,plain
t_learner,0.08,0.0007400817242718537,0.000727568113940964,0.00909460142426205,2034.2207859935922,conversion,plain
t_learner,0.09,0.0007769879458749984,0.000765020785455967,0.008500230949510745,2138.9353844304765,conversion,plain
t_learner,0.1,0.0007884728044559729,0.0007775267189905336,0.007775267189905337,2173.900949106575,conversion,plain
t_learner,0.11,0.0007984922849261992,0.0007878579462301251,0.00716234496572841,2202.786213307839,conversion,plain
t_learner,0.12,0.0008180062617736677,0.0008078720445502726,0.006732267037918939,2258.743991054909,conversion,plain
t_learner,0.13,0.0008414374355604776,0.0008316622840774218,0.006397402185210937,2325.259549973177,conversion,plain
t_learner,0.14,0.0008438743815333739,0.0008345852733674055,0.005961323381195753,2333.4319883428498,conversion,plain
t_learner,0.15,0.0008610749820350013,0.000852555990652176,0.005683706604347839,2383.6766402722506,conversion,plain
t_learner,0.16,0.0008834684413697101,0.0008753110220165136,0.00547069388760321,2447.297842054367,conversion,plain
t_learner,0.17,0.0008914997030998053,0.0008840255229483165,0.005200150134990096,2471.6628720706112,conversion,plain
t_learner,0.18,0.0008984453769677423,0.0008914441608407949,0.004952467560226638,2492.4047752896736,conversion,plain
t_learner,0.19,0.0009031400820916874,0.000896689013702987,0.004719415861594668,2507.068953814428,conversion,plain
t_learner,0.2,0.0009106324729415195,0.0009042916693174533,0.004521458346587267,2528.3253554947155,conversion,plain
t_learner,0.21,0.0009078356452981196,0.0009018250564935955,0.004294405030921883,2521.4289083014605,conversion,plain
t_learner,0.22,0.0009193091451627753,0.0009135681655988343,0.004152582570903792,2554.2616784247616,conversion,plain
t_learner,0.23,0.0009241903577641847,0.0009188026959228177,0.003994794330099207,2568.8969959791325,conversion,plain
t_learner,0.24,0.0009318731113548768,0.0009268358673486677,0.0038618161139527827,2591.3570845657523,conversion,plain
t_learner,0.25,0.0009325619953247571,0.0009277813789959183,0.0037111255159836733,2594.00065759951,conversion,plain
t_learner,0.26,0.0009289829930111965,0.0009244684309877763,0.0035556478114914464,2584.7379266304815,conversion,plain
t_learner,0.27,0.0009297078577923155,0.0009254847990686785,0.0034277214780321424,2587.5796084425015,conversion,plain
t_learner,0.28,0.0009335297619798945,0.0009294656908081354,0.003319520324314769,2598.7098553129003,conversion,plain
t_learner,0.29,0.0009379970969721914,0.0009340439548011947,0.003220841223452396,2611.5103060198467,conversion,plain
t_learner,0.3,0.0009443853233065776,0.0009405573441490295,0.0031351911471634315,2629.7212085384663,conversion,plain
t_learner,0.31,0.0009487389987406524,0.0009450525396576986,0.003048556579540963,2642.289406574673,conversion,plain
t_learner,0.32,0.0009536281615243997,0.0009502780728532085,0.0029696189776662763,2656.899568895597,conversion,plain
t_learner,0.33,0.0009537648295564542,0.0009505965578250342,0.002880595629772831,2657.790026761054,conversion,plain
t_learner,0.34,0.0009561016829125945,0.000953094866178523,0.0028032201946427146,2664.775092056124,conversion,plain
t_learner,0.35000000000000003,0.0009541728942590769,0.0009513861136273225,0.002718246038935207,2659.9975600406765,conversion,plain
t_learner,0.36,0.0009548777817878862,0.0009522828034870914,0.0026452300096863647,2662.5046313600214,conversion,plain
t_learner,0.37,0.0009539160297971811,0.0009514898032964387,0.002571594062963348,2660.2874678529724,conversion,plain
t_learner,0.38,0.0009563052500804034,0.0009540570376315521,0.0025106764148198736,2667.4652445407337,conversion,plain
t_learner,0.39,0.0009606710883103779,0.0009586697549328228,0.0024581275767508277,2680.3620238722683,conversion,plain
t_learner,0.4,0.0009649804521039407,0.0009630924177371314,0.0024077310443428286,2692.727426414765,conversion,plain
t_learner,0.41000000000000003,0.0009639629022114944,0.0009621927462029312,0.00234681157610471,2690.212018578207,conversion,plain
t_learner,0.42,0.0009672881597535932,0.0009655832897868392,0.0022990078328258075,2699.6917004142397,conversion,plain
t_learner,0.43,0.0009672087803777288,0.0009655624455401614,0.0022454940593957242,2699.633421609757,conversion,plain
t_learner,0.44,0.0009699359532799889,0.0009683790964075921,0.0022008615827445277,2707.508546469722,conversion,plain
t_learner,0.45,0.0009685659174616591,0.0009670669937108492,0.002149037763801887,2703.84001492205,conversion,plain
t_learner,0.46,0.0009707266519804258,0.0009692655825652617,0.0021070990925331776,2709.9870890747015,conversion,plain
t_learner,0.47000000000000003,0.0009722810460691572,0.0009708079043328231,0.0020655487326230277,2714.299294266418,conversion,plain
t_learner,0.48,0.0009740761915051632,0.0009726867439426414,0.0020264307165471693,2719.552375750622,conversion,plain
t_learner,0.49,0.0009759920559736083,0.0009746057934935851,0.001988991415293031,2724.9178809329974,conversion,plain
t_learner,0.5,0.0009777465677752695,0.000976456235807604,0.001952912471615208,2730.0915659067246,conversion,plain
t_learner,0.51,0.000981841999219272,0.0009806543225065237,0.0019228516127578897,2741.8290720737946,conversion,plain
t_learner,0.52,0.000984474248632211,0.0009834066629069481,0.0018911666594364387,2749.5243901414683,conversion,plain
t_learner,0.53,0.000986966243038412,0.000985931783346639,0.0018602486478238472,2756.5844198309683,conversion,plain
t_learner,0.54,0.0009867367300284017,0.0009857087603001337,0.0018253865931483954,2755.960865680829,conversion,plain
t_learner,0.55,0.0009889860963150845,0.0009880982151884807,0.0017965422094336015,2762.6415856133467,conversion,plain
t_learner,0.56,0.0009918476282498449,0.000990976183739682,0.001769600328106575,2770.688149689084,conversion,plain
t_learner,0.5700000000000001,0.0009933052453558393,0.0009924506842308408,0.0017411415512821765,2774.810732153324,conversion,plain
t_learner,0.58,0.0009938699581164563,0.0009930259737332455,0.0017121137478159406,2776.4191944283084,conversion,plain
t_learner,0.59,0.0009963501131351209,0.000995601046515256,0.001687459400873316,2783.618886770842,conversion,plain
t_learner,0.6,0.0009981963885426683,0.0009974424291319891,0.0016624040485533147,2788.7672415738525,conversion,plain
t_learner,0.61,0.000999665143106961,0.0009989673815571619,0.0016376514451756754,2793.030883508537,conversion,plain
t_learner,0.62,0.0010021306927574048,0.001001513099507401,0.0016153437088829046,2800.148502148533,conversion,plain
t_learner,0.63,0.0010044217829421615,0.0010038916462512017,0.0015934788035733356,2806.798723803367,conversion,plain
t_learner,0.64,0.0010050572668816372,0.0010044996305800474,0.0015695306727813241,2808.498598132105,conversion,plain
t_learner,0.65,0.0010063346701431187,0.0010058651367837572,0.001547484825821165,2812.3164415061688,conversion,plain
t_learner,0.66,0.0010050630233791723,0.001004620417929094,0.001522152148377415,2808.8363096554767,conversion,plain
t_learner,0.67,0.0010067184162746848,0.0010062992226643286,0.001501939138304968,2813.5301100332044,conversion,plain
t_learner,0.68,0.0010083268914082527,0.0010079182436576566,0.0014822327112612595,2818.056759970828,conversion,plain
t_learner,0.6900000000000001,0.001009288291381917,0.0010089008186049283,0.0014621750994274325,2820.803958952254,conversion,plain
t_learner,0.7000000000000001,0.0010084267497086367,0.0010080624439338893,0.0014400892056198418,2818.459932118752,conversion,plain
t_learner,0.71,0.0010070419211192123,0.0010067010184376935,0.0014178887583629488,2814.653498068279,conversion,plain
t_learner,0.72,0.0010063060728650315,0.0010059395538529483,0.0013971382692402061,2812.5245055294276,conversion,plain
t_learner,0.73,0.0010070934035499531,0.0010067278008508193,0.0013790791792476975,2814.728379499221,conversion,plain
t_learner,0.74,0.001008434032023978,0.0010081643277275471,0.0013623842266588474,2818.744790851348,conversion,plain
t_learner,0.75,0.0010052268023908015,0.0010049204307946602,0.0013398939077262136,2809.6751210265447,conversion,plain
t_learner,0.76,0.0010054893722824013,0.0010051991342894643,0.0013226304398545581,2810.4543531443305,conversion,plain
t_learner,0.77,0.0010049661058641256,0.0010047142435716649,0.0013048236929502142,2809.098638458402,conversion,plain
t_learner,0.78,0.0010034069694033756,0.0010031686010043045,0.0012861135910311595,2804.777148582753,conversion,plain
t_learner,0.79,0.001004104444378809,0.001003864649681704,0.0012707147464325365,2806.72324360877,conversion,plain
t_learner,0.8,0.0010031780088578957,0.0010029289999006364,0.0012536612498757955,2804.1072435441874,conversion,plain
t_learner,0.81,0.001001637278086667,0.0010013784166368986,0.0012362696501690106,2799.7719398866043,conversion,plain
t_learner,0.8200000000000001,0.001001340778506645,0.001001053178039835,0.0012207965585851648,2798.86259943878,conversion,plain
t_learner,0.8300000000000001,0.001002041692601059,0.001001781265662719,0.0012069653803165289,2800.898272729178,conversion,plain
t_learner,0.84,0.0010035896647646982,0.0010033412372329729,0.0011944538538487773,2805.2598253219394,conversion,plain
t_learner,0.85,0.0010051277223180979,0.001004879674415672,0.0011822113816654966,2809.5611695329167,conversion,plain
t_learner,0.86,0.001006390825233011,0.0010061366969961647,0.0011699263918560055,2813.0757015921226,conversion,plain
t_learner,0.87,0.0010073862277831672,0.0010071522236294597,0.00115764623405685,2815.9150307856316,conversion,plain
t_learner,0.88,0.0010093619827020047,0.0010091550209714794,0.0011467670692857721,2821.5146879245367,conversion,plain
t_learner,0.89,0.0010124012587385837,0.0010122423256955864,0.00113735092774785,2830.1465387741528,conversion,plain
t_learner,0.9,0.0010146337073664653,0.0010144866085610286,0.0011272073428455873,2836.421369634734,conversion,plain
t_learner,0.91,0.0010109625920271964,0.0010108405906178815,0.0011108138358438258,2826.227402439166,conversion,plain
t_learner,0.92,0.0010112912557598511,0.0010112267404690082,0.0010991595005097915,2827.3070457586286,conversion,plain
t_learner,0.93,0.0010153774946589206,0.0010153410137999177,0.0010917645309676534,2838.8102166214385,conversion,plain
t_learner,0.9400000000000001,0.001016817700533534,0.0010168245880464966,0.0010817282851558472,2842.9581685617845,conversion,plain
t_learner,0.9500000000000001,0.0010143251930926026,0.001014356301723918,0.0010677434754988611,2836.0570424033335,conversion,plain
t_learner,0.96,0.0010160504415268837,0.0010160906477051745,0.0010584277580262234,2840.906131550556,conversion,plain
t_learner,0.97,0.0010194697019569852,0.0010195281120859631,0.0010510599093669724,2850.517000087162,conversion,plain
t_learner,0.98,0.0010307110031777865,0.0010307852427176758,0.0010518216762425263,2881.991014248719,conversion,plain
t_learner,0.99,0.0010503037127464665,0.0010503607985990384,0.0010609705036353926,2936.7226632974266,conversion,plain
t_learner,1.0,0.001150833274829165,0.0011508332748291653,0.0011508332748291653,3217.6354680938102,conversion,plain
x_learner,0.0,0.0,0.0,0.0,0.0,conversion,plain
x_learner,0.01,0.0003644827756970262,0.00035606717450159477,0.035606717450159475,995.5346223981498,conversion,plain
x_learner,0.02,0.0004417282191395874,0.00042958344881038755,0.021479172440519376,1201.080097031041,conversion,plain
x_learner,0.03,0.0005224888564246822,0.0005081929920358319,0.0169397664011944,1420.8659339068392,conversion,plain
x_learner,0.04,0.0006005809223783101,0.0005851522122442328,0.014628805306105823,1636.0376029534712,conversion,plain
x_learner,0.05,0.000662483052714504,0.0006463265944168749,0.012926531888337499,1807.0761592088402,conversion,plain
x_learner,0.06,0.0006992241930239492,0.0006835714311982554,0.01139285718663759,1911.2096687729638,conversion,plain
x_learner,0.07,0.0007560768445234778,0.0007409300542976224,0.010584715061394606,2071.5796755517,conversion,plain
x_learner,0.08,0.0007768508473931334,0.0007624066932209688,0.009530083665262111,2131.6265968969847,conversion,plain
x_learner,0.09,0.0008087253825210616,0.0007948497248772181,0.008831663609746868,2222.334653079262,conversion,plain
x_learner,0.1,0.0008459497955649879,0.0008327544970001744,0.008327544970001745,2328.313287743734,conversion,plain
x_learner,0.11,0.00086412309143207,0.0008514288041673186,0.007740261856066532,2380.525119289881,conversion,plain
x_learner,0.12,0.0008906595958737733,0.0008781746392142008,0.007318121993451674,2455.30428092249,conversion,plain
x_learner,0.13,0.0008991682857513357,0.0008874051825681885,0.006826193712062988,2481.1121232356845,conversion,plain
x_learner,0.14,0.0009191763835871677,0.0009080057470474276,0.0064857553360530545,2538.7096122733496,conversion,plain
x_learner,0.15,0.000936341728232688,0.000926177743718248,0.006174518291454987,2589.5170248612367,conversion,plain
x_learner,0.16,0.0009501623281349555,0.0009404059171344728,0.005877536982090455,2629.297831022781,conversion,plain
x_learner,0.17,0.0009560838512945157,0.0009469247203816793,0.005570145414009877,2647.523870360104,conversion,plain
x_learner,0.18,0.0009721152790462444,0.0009634295491811109,0.005352386384339505,2693.6700182873533,conversion,plain
x_learner,0.19,0.0009771710102677445,0.0009689117580716043,0.005099535568797917,2708.997824804044,conversion,plain
x_learner,0.2,0.0009869462961347671,0.0009791175776328084,0.004895587888164042,2737.5324594199665,conversion,plain
x_learner,0.21,0.0009924958173649575,0.000985119673796341,0.004691046065696862,2754.3138281213182,conversion,plain
x_learner,0.22,0.001005193530252514,0.0009982415859532301,0.004537461754332865,2791.0016185151835,conversion,plain
x_learner,0.23,0.0010211513078763551,0.0010147089289380118,0.0044117779519043995,2837.042959178508,conversion,plain
x_learner,0.24,0.0010309434941775022,0.0010248506750345277,0.004270211145977199,2865.3984496411867,conversion,plain
x_learner,0.25,0.0010433612635558258,0.0010375863945385224,0.0041503455781540894,2901.0064770453564,conversion,plain
x_learner,0.26,0.001042461555822094,0.0010372398868354845,0.003989384180136479,2900.0376699212943,conversion,plain
x_learner,0.27,0.0010405695156356946,0.0010355261305789668,0.0038352819651072843,2895.246147956084,conversion,plain
x_learner,0.28,0.0010407656922779287,0.0010360838993839468,0.0037002996406569526,2896.8056237977657,conversion,plain
x_learner,0.29,0.0010412359464787126,0.0010368544744779695,0.0035753602568205844,2898.9600885734953,conversion,plain
x_learner,0.3,0.0010476294441300958,0.0010434339704428533,0.003478113234809511,2917.3558197726416,conversion,plain
x_learner,0.31,0.0010456267058434107,0.0010414915363627585,0.003359650117299221,2911.924933364291,conversion,plain
x_learner,0.32,0.0010518292224071348,0.0010479297970775242,0.003274780615867263,2929.9257823853973,conversion,plain
x_learner,0.33,0.0010534444916400426,0.001049630500455752,0.0031806984862295514,2934.6808095732454,conversion,plain
x_learner,0.34,0.001053025341557812,0.0010493731796063317,0.0030863917047245044,2933.9613615785756,conversion,plain
x_learner,0.35000000000000003,0.0010584864292126745,0.0010549763750353435,0.003014218214386696,2949.6274365360678,conversion,plain
x_learner,0.36,0.001062489241649194,0.0010592240799835583,0.0029422891110654397,2961.50367125947,conversion,plain
x_learner,0.37,0.0010669717740872545,0.001063918559691633,0.002875455566734143,2974.629051575911,conversion,plain
x_learner,0.38,0.0010724122305067244,0.0010694867175963323,0.0028144387305166635,2990.197164488502,conversion,plain
x_learner,0.39,0.0010741422805512772,0.0010713095926791058,0.0027469476735361683,2995.29377374418,conversion,plain
x_learner,0.4,0.001073719538610692,0.0010708796032883189,0.002677199008220797,2994.0915586666697,conversion,plain
x_learner,0.41000000000000003,0.0010789883316262884,0.0010762240712488705,0.002624936759143586,3009.0342528379992,conversion,plain
x_learner,0.42,0.0010797292578024573,0.0010770885040587805,0.0025644964382351915,3011.4511360910174,conversion,plain
x_learner,0.43,0.001082311620511692,0.001079883816684524,0.002511357713219823,3019.266600976961,conversion,plain
x_learner,0.44,0.001084141324990405,0.0010818204854950396,0.0024586829215796357,3024.6813681643202,conversion,plain
x_learner,0.45,0.0010886701672764543,0.001086501966677267,0.002414448814838371,3037.770405668371,conversion,plain
x_learner,0.46,0.0010949971123120782,0.001093035276752784,0.002376163645114748,3056.0370049080902,conversion,plain
x_learner,0.47000000000000003,0.001098504681680355,0.0010966625807827726,0.0023333246399633457,3066.178649537008,conversion,plain
x_learner,0.48,0.001101740252479702,0.0010999868466009231,0.0022916392637519233,3075.4730241747598,conversion,plain
x_learner,0.49,0.0011013929021784776,0.001099819601439921,0.0022445297988569813,3075.005420418701,conversion,plain
x_learner,0.5,0.0011029376487703864,0.0011015593539509384,0.002203118707901877,3079.8696257798,conversion,plain
x_learner,0.51,0.0011050620909136782,0.0011037942957018386,0.0021643025405918407,3086.1183396500933,conversion,plain
x_learner,0.52,0.001105029804992524,0.0011038222433607896,0.0021227350833861337,3086.1964790128122,conversion,plain
x_learner,0.53,0.0011053500661945207,0.0011041333465807075,0.0020832704652466176,3087.0662981052383,conversion,plain
x_learner,0.54,0.0011085692054542684,0.0011075210745197608,0.0020509649528143714,3096.5381076291405,conversion,plain
x_learner,0.55,0.0011091275905590542,0.0011081541123988113,0.002014825658906929,3098.3080296298594,conversion,plain
x_learner,0.56,0.0011067803423669457,0.0011058134200299177,0.001974666821481996,3091.7636457032077,conversion,plain
x_learner,0.5700000000000001,0.0011103484569504678,0.0011094332651984296,0.001946374149470929,3101.884435967063,conversion,plain
x_learner,0.58,0.0011115103903412528,0.001110622505533538,0.0019148663888509275,3105.209454426318,conversion,plain
x_learner,0.59,0.001112710910542291,0.0011118417406850774,0.0018844775265848776,3108.6183359327406,conversion,plain
x_learner,0.6,0.0011138502886200712,0.0011130558727770793,0.0018550931212951319,3112.0129497031458,conversion,plain
x_learner,0.61,0.0011163873440715026,0.001115704299155557,0.001829023441238618,3119.4177326864065,conversion,plain
x_learner,0.62,0.0011174712036385464,0.0011168464876744697,0.0018013653027007578,3122.611198125828,conversion,plain
x_learner,0.63,0.0011200682643035303,0.001119486099962659,0.0017769620634327924,3129.991337635398,conversion,plain
x_learner,0.64,0.0011204126067019297,0.0011198234392186023,0.0017497241237790662,3130.9345105331963,conversion,plain
x_learner,0.65,0.0011207276096585935,0.001120166410223915,0.001723332938806023,3131.893429340428,conversion,plain
x_learner,0.66,0.001121506600213395,0.0011209770369792413,0.0016984500560291533,3134.1598752769264,conversion,plain
x_learner,0.67,0.0011193685544237696,0.00111882512781181,0.001669888250465388,3128.14331370134,conversion,plain
x_learner,0.68,0.0011201409140096919,0.0011195909407643724,0.0016464572658299592,3130.2844639200425,conversion,plain
x_learner,0.6900000000000001,0.0011172445903675555,0.0011166512730154112,0.0016183351782832044,3122.0653939467024,conversion,plain
x_learner,0.7000000000000001,0.0011188331285467334,0.0011182679756776576,0.0015975256795395108,3126.5855620207253,conversion,plain
x_learner,0.71,0.0011201042022785659,0.0011195391846886174,0.00157681575308256,3130.13975817623,conversion,plain
x_learner,0.72,0.0011181114129778019,0.0011175710159478847,0.0015521819665942843,3124.636919766978,conversion,plain
x_learner,0.73,0.00111764424688021,0.0011171000669613006,0.001530274064330549,3123.320185018306,conversion,plain
x_learner,0.74,0.0011187104219538974,0.0011182603787019995,0.0015111626739216211,3126.564321499737,conversion,plain
x_learner,0.75,0.0011187423327354783,0.0011182951114404596,0.0014910601485872794,3126.661431388387,conversion,plain
x_learner,0.76,0.0011191967252519414,0.0011188206454731855,0.0014721324282541914,3128.130781450098,conversion,plain
x_learner,0.77,0.001118061757842097,0.0011176545319776367,0.0014514993921787489,3124.8704237378497,conversion,plain
x_learner,0.78,0.0011186950368056883,0.0011183438104663116,0.0014337741159824507,3126.797589871349,conversion,plain
x_learner,0.79,0.0011193858139729393,0.0011190583705527307,0.0014165295829781399,3128.7954412790496,conversion,plain
x_learner,0.8,0.0011196290542928515,0.0011192857539762933,0.0013991071924703666,3129.4311866858898,conversion,plain
x_learner,0.81,0.001120089512682413,0.001119712182079596,0.001382360718616785,3130.6234446956196,conversion,plain
x_learner,0.8200000000000001,0.0011211577821092363,0.0011208089081078208,0.0013668401318388057,3133.6898007390023,conversion,plain
x_learner,0.8300000000000001,0.001122313733917867,0.0011219847107237961,0.001351788808100959,3136.977248437455,conversion,plain
x_learner,0.84,0.0011226480286201347,0.0011223103554207465,0.0013360837564532694,3137.8877243072625,conversion,plain
x_learner,0.85,0.0011234036804462226,0.0011230956595645017,0.0013212890112523552,3140.0833702982627,conversion,plain
x_learner,0.86,0.0011219828662522135,0.0011217614467642287,0.0013043737753072426,3136.3530207141484,conversion,plain
x_learner,0.87,0.0011224073632790303,0.0011222237093144044,0.0012899123095567867,3137.645468898911,conversion,plain
x_learner,0.88,0.001122476622319187,0.0011222804882489517,0.001275318736646536,3137.8042181440323,conversion,plain
x_learner,0.89,0.0011232223929445752,0.0011230362376406589,0.001261838469259167,3139.9172314717957,conversion,plain
x_learner,0.9,0.0011246471819745187,0.0011244563984724714,0.001249395998302746,3143.887884704355,conversion,plain
x_learner,0.91,0.0011253022295391454,0.001125115988979502,0.0012363911966807714,3145.732045675591,conversion,plain
x_learner,0.92,0.0011262411379938985,0.0011260610396747238,0.0012239793909507865,3148.374329925274,conversion,plain
x_learner,0.93,0.0011267880387269267,0.0011266191458380321,0.0012114184363849808,3149.9347489931793,conversion,plain
x_learner,0.9400000000000001,0.0011286088458211131,0.0011285275559859403,0.0012005612297722769,3155.270507277098,conversion,plain
x_learner,0.9500000000000001,0.0011300205447589162,0.0011299525809288671,0.0011894237693988075,3159.2547601654765,conversion,plain
x_learner,0.96,0.001130983176598321,0.0011309639291162469,0.0011780874261627574,3162.0824067668386,conversion,plain
x_learner,0.97,0.0011327220849703648,0.0011327078384593548,0.0011677400396488194,3166.9582342896024,conversion,plain
x_learner,0.98,0.001131414736989419,0.0011314091031589698,0.0011544990848560914,3163.3270768860207,conversion,plain
x_learner,0.99,0.0011377989323032372,0.0011378124104120062,0.0011493054650626327,3181.230198894316,conversion,plain
x_learner,1.0,0.001150833274829165,0.0011508332748291653,0.0011508332748291653,3217.6354680938102,conversion,plain
dr_learner,0.0,0.0,0.0,0.0,0.0,conversion,plain
dr_learner,0.01,0.0003775105807552066,0.0003681105251941974,0.03681105251941974,1029.20684337991,conversion,plain
dr_learner,0.02,0.00045762673932837504,0.0004449811267292081,0.022249056336460404,1244.130741882474,conversion,plain
dr_learner,0.03,0.0005705999090415332,0.0005566223474399707,0.018554078247999026,1556.2704404096678,conversion,plain
dr_learner,0.04,0.0006394032637956322,0.0006244144472193613,0.015610361180484034,1745.8115924406623,conversion,plain
dr_learner,0.05,0.0006632389835433317,0.0006489501959394822,0.012979003918789644,1814.4115339307252,conversion,plain
dr_learner,0.06,0.000718754364050035,0.0007041896463391069,0.011736494105651783,1968.856507613143,conversion,plain
dr_learner,0.07,0.0007619388470227334,0.0007486403542411214,0.01069486220344459,2093.1370419491277,conversion,plain
dr_learner,0.08,0.0008004773446324211,0.0007873620776377053,0.009842025970471315,2201.3998053846576,conversion,plain
dr_learner,0.09,0.0008403281104794082,0.0008275791591493721,0.009195323990548579,2313.8434674905943,conversion,plain
dr_learner,0.1,0.0008507448296693191,0.0008385256867074687,0.008385256867074687,2344.4490609277723,conversion,plain
dr_learner,0.11,0.0008779770173309689,0.0008665797466051491,0.007877997696410448,2422.8859119687754,conversion,plain
dr_learner,0.12,0.0009018815253570999,0.0008912691537861561,0.007427242948217968,2491.915469915482,conversion,plain
dr_learner,0.13,0.000909377625610498,0.0008990733576334242,0.006915948904872493,2513.735383927728,conversion,plain
dr_learner,0.14,0.0009167864461759928,0.0009070058109518543,0.006478612935370387,2535.9138729448864,conversion,plain
dr_learner,0.15,0.0009204969581430773,0.0009112139550234911,0.006074759700156607,2547.679498701369,conversion,plain
dr_learner,0.16,0.000929652303837051,0.0009206619471490411,0.005754137169681506,2574.0953099490525,conversion,plain
dr_learner,0.17,0.0009387298608097643,0.000929960085723875,0.005470353445434558,2600.0921429569253,conversion,plain
dr_learner,0.18,0.000952066000011708,0.0009436352575503081,0.005242418097501712,2638.3268020195424,conversion,plain
dr_learner,0.19,0.0009569995909060039,0.0009488846077756714,0.0049941295146087965,2653.0035548029396,conversion,plain
dr_learner,0.2,0.0009673594489950429,0.000959687159989123,0.004798435799945615,2683.206604982469,conversion,plain
dr_learner,0.21,0.00097728913714841,0.0009698448328796519,0.004618308727998342,2711.6066254552106,conversion,plain
dr_learner,0.22,0.0009835623382332035,0.0009762782616293627,0.0044376284619516496,2729.5939646982447,conversion,plain
dr_learner,0.23,0.000989596875099713,0.0009824592755117117,0.004271562067442225,2746.8755726701543,conversion,plain
dr_learner,0.24,0.0009954233087059007,0.000988420019707476,0.00411841674878115,2763.5413246604867,conversion,plain
dr_learner,0.25,0.0010010729656577922,0.0009941876497059552,0.003976750598823821,2779.667145190575,conversion,plain
dr_learner,0.26,0.0010038315199444676,0.000997198474125221,0.0038353787466354657,2788.0851633792395,conversion,plain
dr_learner,0.27,0.0010117715298378319,0.0010054254541086202,0.0037237979781800743,2811.087124800465,conversion,plain
dr_learner,0.28,0.0010193984767476157,0.0010133223359552433,0.0036190083426972976,2833.166158899312,conversion,plain
dr_learner,0.29,0.0010267463066798575,0.0010209245397487525,0.0035204294474094925,2854.421297325253,conversion,plain
dr_learner,0.3,0.0010325266486605645,0.001027018628820559,0.003423395429401863,2871.4598706547195,conversion,plain
dr_learner,0.31,0.0010353718437776194,0.0010300995158937138,0.0033229016641732707,2880.073778278521,conversion,plain
dr_learner,0.32,0.0010386461094290156,0.0010335958958308511,0.0032299871744714097,2889.8493698796015,conversion,plain
dr_learner,0.33,0.0010417420124832933,0.0010369018306844776,0.003142126759649932,2899.0924926436833,conversion,plain
dr_learner,0.34,0.0010446759106989482,0.0010400346282192802,0.0030589253771155294,2907.8515376615933,conversion,plain
dr_learner,0.35000000000000003,0.001047462220926526,0.0010430095599865555,0.0029800273142473015,2916.1692029384903,conversion,plain
dr_learner,0.36,0.0010501136986852202,0.0010458401522947384,0.002905111534152051,2924.0833069236,conversion,plain
dr_learner,0.37,0.0010526416707670166,0.001048538428658796,0.0028338876450237733,2931.627466378844,conversion,plain
dr_learner,0.38,0.0010550562298248856,0.0010511151129151668,0.0027660924024083336,2938.8316642715477,conversion,plain
dr_learner,0.39,0.001057366398001526,0.0010535798002530069,0.002701486667315402,2945.7227279637864,conversion,plain
dr_learner,0.4,0.0010595802651968875,0.0010559411019238814,0.0026398527548097033,2952.3247338088145,conversion,plain
dr_learner,0.41000000000000003,0.0010617051064449135,0.0010582067682386707,0.002580992117655294,2958.6593510403277,conversion,plain
dr_learner,0.42,0.001063747481991512,0.0010603837935605632,0.002524723318001341,2964.746135324263,conversion,plain
dr_learner,0.43,0.0010657133229768005,0.0010624785062960578,0.0024708802472001344,2970.6027803662614,conversion,plain
dr_learner,0.44,0.0010676080050809529,0.0010644966463270954,0.0024193105598343083,2976.24533440556,conversion,plain
dr_learner,0.45,0.0010694364120611604,0.0010664434318829823,0.002369874293073294,2981.6883871834043,conversion,plain
dr_learner,0.46,0.0010712029907623528,0.0010683236174952719,0.002322442646728852,2986.9452319801458,conversion,plain
dr_learner,0.47000000000000003,0.0010729117989073187,0.0010701415443928799,0.002276896902963574,2992.028006515852,conversion,plain
dr_learner,0.48,0.001074566546748303,0.0010719011844636194,0.00223312746763254,2996.9478158631537,conversion,plain
dr_learner,0.49,0.0010761706334806666,0.0010736061787205151,0.00219103301779697,3001.714839995905,conversion,plain
dr_learner,0.5,0.001077727179171335,0.0010752598710580732,0.0021505197421161464,3006.338428168946,conversion,plain
dr_learner,0.51,0.0010792390528335987,0.0010768653379579808,0.0021115006626627074,3010.8271819728016,conversion,plain
dr_learner,0.52,0.001080708897180211,0.0010784254147002386,0.0020738950282696896,3015.189028617862,conversion,plain
dr_learner,0.53,0.0010821391505044286,0.0010799427185501978,0.0020376277708494296,3019.431285763432,conversion,plain
dr_learner,0.54,0.0010835320660703954,0.0010814196693209074,0.0020026290172609393,3023.560719008373,conversion,plain
dr_learner,0.55,0.0010848897293374762,0.0010828585076510335,0.0019688336502746064,3027.5835929946625,conversion,plain
dr_learner,0.56,0.0010862140732956526,0.001084261311289082,0.0019361809130162178,3031.5057169367474,conversion,plain
dr_learner,0.5700000000000001,0.001087506892149351,0.0010856300096331465,0.0019046140519879758,3035.3324852734877,conversion,plain
dr_learner,0.58,0.0010887698535535285,0.0010869663967403968,0.0018740799943799949,3039.0689140416166,conversion,plain
dr_learner,0.59,0.0010900045095776358,0.0010882721429909883,0.0018445290559169296,3042.719673487078,conversion,plain
dr_learner,0.6,0.001091212306549124,0.001089548805566033,0.0018159146759433886,3046.289117360572,conversion,plain
dr_learner,0.61,0.0010923945939078394,0.0010907978378779672,0.0017881931768491265,3049.7813092840906,conversion,plain
dr_learner,0.62,0.0010935526321853655,0.0010920205980735364,0.0017613235452798976,3053.200046524566,conversion,plain
dr_learner,0.63,0.0010946876002085567,0.0010932183567140814,0.0017352672328794943,3056.5488814673213,conversion,plain
dr_learner,0.64,0.0010958006016138634,0.0010943923037245293,0.0017099879745695766,3059.831141044878,conversion,plain
dr_learner,0.65,0.001096892670748177,0.0010955435546910587,0.0016854516226016288,3063.0499443447156,conversion,plain
dr_learner,0.66,0.001097964778022557,0.0010966731565775897,0.0016616259948145301,3066.2082185921017,conversion,plain
dr_learner,0.67,0.0010990178347771115,0.0010977820929227037,0.0016384807357055276,3069.3087136802596,conversion,plain
dr_learner,0.68,0.0011000526977083369,0.0010988712885712888,0.0016159871890754247,3072.3540153996605,conversion,plain
dr_learner,0.6900000000000001,0.0011010701729041522,0.0010999416139887952,0.0015941182811431815,3075.3465575003243,conversion,plain
dr_learner,0.7000000000000001,0.001102071019526574,0.001100993889200423,0.0015728484131434612,3078.288632705468,conversion,plain
dr_learner,0.71,0.0011030559531774412,0.0011020288873927649,0.0015521533625250214,3081.1824027814046,conversion,plain
dr_learner,0.72,0.0011040256489785437,0.0011030473382111577,0.0015320101919599413,3084.0299077566638,conversion,plain
dr_learner,0.73,0.0011049807443940457,0.0011040499307823318,0.0015123971654552493,3086.8330743730758,conversion,plain
dr_learner,0.74,0.0011059218418200028,0.0011050373164886898,0.0014932936709306619,3089.5937238424244,conversion,plain
dr_learner,0.75,0.0011068495109631067,0.0011060101115177071,0.0014746801486902762,3092.3135789743646,conversion,plain
dr_learner,0.76,0.001107764291028384,0.001106968899207436,0.001456538025272942,3094.994270734256,conversion,plain
dr_learner,0.77,0.0011086666927335347,0.001107914232206892,0.0014388496522167431,3097.637344283429,conversion,plain
dr_learner,0.78,0.0011095572001657097,0.001108846634468143,0.0014215982493181322,3100.244264548902,conversion,plain
dr_learner,0.79,0.0011104362724949374,0.0011097666030852119,0.0014047678520065971,3102.816421364799,conversion,plain
dr_learner,0.8,0.0011113043455569312,0.0011106746099933458,0.0013883432624916823,3105.3551342233754,conversion,plain
dr_learner,0.81,0.0011121618333167673,0.0011115711035408849,0.0013723100043714627,3107.861656669824,conversion,plain
dr_learner,0.8200000000000001,0.0011130091292237431,0.001112456509944729,0.001356654280420401,3110.337180371647,conversion,plain
dr_learner,0.8300000000000001,0.0011138466074667585,0.001113331234639337,0.0013413629333004057,3112.782838890346,conversion,plain
dr_learner,0.84,0.0011146746241386266,0.0011141956635282353,0.0013264234089621846,3115.1997111805363,conversion,plain
dr_learner,0.85,0.0011154935183169332,0.0011150501641461641,0.001311823722524899,3117.588824839215,conversion,plain
dr_learner,0.86,0.0011163036130683367,0.001115895086739208,0.0012975524264409398,3119.9511591257133,conversion,plain
dr_learner,0.87,0.0011171052163825763,0.0011167307652695988,0.0012835985807696537,3122.287647771046,conversion,plain
dr_learner,0.88,0.0011178986220418369,0.0011175575183512334,0.0012699517253991289,3124.5991815935436,conversion,plain
dr_learner,0.89,0.001118684110430654,0.0011183756501214354,0.0012566018540690286,3126.8866109362234,conversion,plain
dr_learner,0.9,0.0011194619492910396,0.0011191854510539552,0.0012435393900599502,3129.1507479398724,conversion,plain
dr_learner,0.91,0.0011202323944270987,0.0011199871987177916,0.0012307551634261446,3131.3923686646503,conversion,plain
dr_learner,0.92,0.0011209956903630485,0.0011207811584859942,0.0012182403896586896,3133.6122150718443,conversion,plain
dr_learner,0.93,0.0011217520709581792,0.0011215675841982557,0.0012059866496755439,3135.810996876419,conversion,plain
dr_learner,0.9400000000000001,0.0011225017599820245,0.001122346718780764,0.0011939858710433657,3137.989393280076,conversion,plain
dr_learner,0.9500000000000001,0.001123244971652703,0.0011231187948265119,0.0011822303103436967,3140.1480545937516,conversion,plain
dr_learner,0.96,0.0011239819111411506,0.0011238840351389518,0.0011707125366030749,3142.287603757628,conversion,plain
dr_learner,0.97,0.0011247127750437548,0.0011246426532416968,0.0011594254157130896,3144.4086377662184,conversion,plain
dr_learner,0.98,0.0011254377518256538,0.0011253948538566955,0.0011483620957721383,3146.5117290053045,conversion,plain
dr_learner,0.99,0.0011261570222368244,0.001126140833353138,0.0011375159932859981,3148.597426507039,conversion,plain
dr_learner,1.0,0.001150833274829165,0.0011508332748291653,0.0011508332748291653,3217.6354680938102,conversion,plain
causal_forest,0.0,0.0,0.0,0.0,0.0,conversion,plain
causal_forest,0.01,0.0004019535316169517,0.00039597704710958624,0.03959770471095862,1107.11935360054,conversion,plain
causal_forest,0.02,0.00044129346985662094,0.0004302787314889772,0.02151393657444886,1203.0240503871983,conversion,plain
causal_forest,0.03,0.0005269775058006728,0.0005126217670330343,0.01708739223443448,1433.2484256394673,conversion,plain
causal_forest,0.04,0.0005787026067236186,0.0005640267115790101,0.014100667789475253,1576.972435384563,conversion,plain
causal_forest,0.05,0.0006672751676793219,0.000651563547582093,0.01303127095164186,1821.7182508286303,conversion,plain
causal_forest,0.06,0.0007112661783565846,0.0006961214026469509,0.011602023377449183,1946.2983598458577,conversion,plain
causal_forest,0.07,0.0007435077498748247,0.0007291528459400569,0.010416469227715098,2038.651566715032,conversion,plain
causal_forest,0.08,0.0007812790390556592,0.0007673665247844847,0.009592081559806058,2145.493879242387,conversion,plain
causal_forest,0.09,0.0008027851366319488,0.0007891637034711965,0.008768485594124405,2206.4370034817807,conversion,plain
causal_forest,0.1,0.0008221903596178022,0.0008094494877386473,0.008094494877386473,2263.154392859263,conversion,plain
causal_forest,0.11,0.0008498531613588208,0.000837602185656646,0.0076145653241513275,2341.8670277167585,conversion,plain
causal_forest,0.12,0.0008754966346825085,0.0008636661556596695,0.00719721796383058,2414.739750599672,conversion,plain
causal_forest,0.13,0.0008864731408115545,0.0008751472914733297,0.006731902242102536,2446.840064881529,conversion,plain
causal_forest,0.14,0.0009083391575374519,0.0008975400605713336,0.006411000432652383,2509.448411072482,conversion,plain
causal_forest,0.15,0.0009078364922888096,0.0008978416721089938,0.005985611147393292,2510.291692199634,conversion,plain
causal_forest,0.16,0.000928529133046213,0.0009187748406299876,0.005742342753937422,2568.8191148645137,conversion,plain
causal_forest,0.17,0.0009450365546646958,0.0009355337417435543,0.005503139657315024,2615.675628148155,conversion,plain
causal_forest,0.18,0.0009500879695062132,0.0009413110085414728,0.005229505603008182,2631.8283923792574,conversion,plain
causal_forest,0.19,0.0009536351511586314,0.0009451379893140859,0.004974410470074136,2642.5283168070605,conversion,plain
causal_forest,0.2,0.0009732280442591241,0.0009650851304758401,0.0048254256523792005,2698.2988878297497,conversion,plain
causal_forest,0.21,0.0009833095025602355,0.0009755370717272335,0.00464541462727254,2727.521658509463,conversion,plain
causal_forest,0.22,0.0009906974236083596,0.0009833734557694622,0.004469879344406647,2749.4315457080434,conversion,plain
causal_forest,0.23,0.0010038758402579578,0.0009969640512471564,0.004334626309770245,2787.429736234847,conversion,plain
causal_forest,0.24,0.0010131412732551988,0.001006611549295139,0.004194214788729746,2814.4033496821667,conversion,plain
causal_forest,0.25,0.0010170107704024808,0.001010745350934002,0.004042981403736008,2825.9611200926934,conversion,plain
causal_forest,0.26,0.0010249241068112011,0.0010190214621189906,0.003919313315842271,2849.100448324804,conversion,plain
causal_forest,0.27,0.0010323524644017571,0.001026719362347094,0.003802664304989236,2870.623146134762,conversion,plain
causal_forest,0.28,0.0010383170002686852,0.0010330118885212367,0.003689328173290131,2888.2165333305193,conversion,plain
causal_forest,0.29,0.0010476194573091147,0.00104257109706116,0.003595072748486759,2914.9432965530445,conversion,plain
causal_forest,0.3,0.0010482243474622787,0.0010434122302009935,0.0034780407673366447,2917.2950358391013,conversion,plain
causal_forest,0.31,0.0010507718564475076,0.001046275314275073,0.003375081658951848,2925.2999841373335,conversion,plain
causal_forest,0.32,0.0010571309992850936,0.001052950399166801,0.003290469997396253,2943.962974137644,conversion,plain
causal_forest,0.33,0.0010593243957577633,0.0010554431698515329,0.0031983126359137358,2950.9325565649583,conversion,plain
causal_forest,0.34,0.00106441598234494,0.001060787782054828,0.0031199640648671405,2965.87565402717,conversion,plain
causal_forest,0.35000000000000003,0.0010696849795487173,0.001066264683189442,0.0030464705233984053,2981.188620493658,conversion,plain
causal_forest,0.36,0.001065134157391368,0.0010619811882051236,0.0029499477450142322,2969.2123197640926,conversion,plain
causal_forest,0.37,0.0010706602824255905,0.0010677384883265595,0.0028857796981798904,2985.3092588050176,conversion,plain
causal_forest,0.38,0.0010749391293722568,0.001072116314579267,0.0028213587225770186,2997.5493020258355,conversion,plain
causal_forest,0.39,0.0010793370895224677,0.001076623936917349,0.0027605741972239715,3010.1522444580805,conversion,plain
causal_forest,0.4,0.001079619919153015,0.0010770267499231334,0.0026925668748078333,3011.278476591587,conversion,plain
causal_forest,0.41000000000000003,0.0010803932821814295,0.0010780216217028192,0.0026293210285434614,3014.060056508103,conversion,plain
causal_forest,0.42,0.0010821501181148704,0.0010798160374803083,0.0025709905654293054,3019.0770958798685,conversion,plain
causal_forest,0.43,0.001083731492983611,0.0010815178280738314,0.0025151577397065847,3023.8351628325304,conversion,plain
causal_forest,0.44,0.0010857682913606092,0.001083651073817673,0.002462843349585621,3029.799543006161,conversion,plain
causal_forest,0.45,0.0010812050198979752,0.001079119158737799,0.0023980425749728865,3017.1286800598696,conversion,plain
causal_forest,0.46,0.0010833650748761066,0.0010813763846606488,0.00235081822752315,3023.439698647632,conversion,plain
causal_forest,0.47000000000000003,0.00108368091615925,0.0010817440959823902,0.0023015831829412553,3024.4677893508924,conversion,plain
causal_forest,0.48,0.0010844642452681106,0.0010826176163185972,0.002255453367330411,3026.9100805822595,conversion,plain
causal_forest,0.49,0.0010878282506642941,0.0010860819828906448,0.002216493842633969,3036.596165439646,conversion,plain
causal_forest,0.5,0.0010888720701482924,0.0010872379177462453,0.0021744758354924907,3039.828064509247,conversion,plain
causal_forest,0.51,0.0010903304774415449,0.0010887462475959227,0.0021347965639135734,3044.045231085897,conversion,plain
causal_forest,0.52,0.0010930995087343363,0.0010915319594657442,0.002099099922049508,3051.833853045545,conversion,plain
causal_forest,0.53,0.0010931915664707508,0.0010916930168579522,0.002059798145015004,3052.284156307452,conversion,plain
causal_forest,0.54,0.0010948790369617284,0.001093485720593966,0.0020249735566554923,3057.2964089516404,conversion,plain
causal_forest,0.55,0.001097642806252372,0.001096338067615069,0.001993341941118307,3065.2713373301885,conversion,plain
causal_forest,0.56,0.0010993574211770126,0.0010980533337706898,0.0019608095245905173,3070.067080849479,conversion,plain
causal_forest,0.5700000000000001,0.0011019322668827571,0.0011007375605862342,0.0019311185273442701,3077.5719589191426,conversion,plain
causal_forest,0.58,0.0011037608960594014,0.0011026490063530945,0.0019011189764708528,3082.9162045447315,conversion,plain
causal_forest,0.59,0.0011052107643904627,0.0011041497861493663,0.0018714403155074004,3087.1122617911637,conversion,plain
causal_forest,0.6,0.0011082724297062658,0.0011072912666180456,0.0018454854443634094,3095.895583580193,conversion,plain
causal_forest,0.61,0.0011103910829224162,0.0011094093213990352,0.0018187038055721889,3101.817491067348,conversion,plain
causal_forest,0.62,0.0011123004664521968,0.001111409715797176,0.0017925963158018968,3107.4104297722088,conversion,plain
causal_forest,0.63,0.0011117153218143786,0.001110872719105962,0.0017632900303269235,3105.909031057303,conversion,plain
causal_forest,0.64,0.001113139600405576,0.0011123099860601373,0.0017379843532189646,3109.9275116052872,conversion,plain
causal_forest,0.65,0.001110176420148568,0.0011094344487437722,0.0017068222288365727,3101.88774506279,conversion,plain
causal_forest,0.66,0.0011109821868815829,0.0011102365776031761,0.0016821766327320847,3104.1304315791167,conversion,plain
causal_forest,0.67,0.001112959603858213,0.001112238197101273,0.001660057010598915,3109.7267955629973,conversion,plain
causal_forest,0.68,0.0011136567827549218,0.0011129841260435701,0.0016367413618287793,3111.8123517194863,conversion,plain
causal_forest,0.6900000000000001,0.0011163792035072814,0.0011157587132546202,0.0016170416134124927,3119.569870045431,conversion,plain
causal_forest,0.7000000000000001,0.0011179067736929668,0.0011172718792728784,0.0015961026846755405,3123.800558152868,conversion,plain
causal_forest,0.71,0.0011201797950962794,0.0011195951296326207,0.0015768945487783393,3130.2961756521777,conversion,plain
causal_forest,0.72,0.0011220195710605874,0.0011215213421120103,0.0015576685307111256,3135.6817077951277,conversion,plain
causal_forest,0.73,0.0011223478401864485,0.0011218413595261653,0.0015367689856522811,3136.576450243677,conversion,plain
causal_forest,0.74,0.0011230022732257035,0.001122552889082258,0.001516963363624673,3138.5658285370887,conversion,plain
causal_forest,0.75,0.0011237532037642048,0.0011232586363241507,0.0014976781817655342,3140.5390399541466,conversion,plain
causal_forest,0.76,0.0011238935322147204,0.001123374296940268,0.0014781240749214054,3140.8624175526406,conversion,plain
causal_forest,0.77,0.0011252543990755274,0.0011247801580824566,0.0014607534520551385,3144.793090025586,conversion,plain
causal_forest,0.78,0.0011244059334941897,0.001123956640213939,0.0014409700515563319,3142.4906015936754,conversion,plain
causal_forest,0.79,0.001124728737341603,0.0011243076468526337,0.001423174236522321,3143.471987372922,conversion,plain
causal_forest,0.8,0.0011252156555527472,0.0011247632434405023,0.0014059540543006279,3144.745798073682,conversion,plain
causal_forest,0.81,0.0011268553035342146,0.0011264354097479028,0.001390660999688769,3149.421037951537,conversion,plain
causal_forest,0.8200000000000001,0.0011274652760853846,0.001127061805138161,0.0013744656160221474,3151.1723880982768,conversion,plain
causal_forest,0.8300000000000001,0.0011281860803526325,0.0011277717167048151,0.0013587611044636326,3153.1572426258936,conversion,plain
causal_forest,0.84,0.0011298885380620549,0.0011295123732667429,0.0013446575872223128,3158.023975639205,conversion,plain
causal_forest,0.85,0.0011286910599633438,0.0011283091243496888,0.0013274224992349281,3154.6597903335332,conversion,plain
causal_forest,0.86,0.0011295208128022072,0.0011291375560898921,0.0013129506466161536,3156.976017547739,conversion,plain
causal_forest,0.87,0.0011303848951664168,0.0011300033305122214,0.0012988544028876108,3159.396651839069,conversion,plain
causal_forest,0.88,0.001131559771214857,0.0011312072297074173,0.0012854627610311563,3162.762655269103,conversion,plain
causal_forest,0.89,0.0011317217631439805,0.0011313834750424064,0.0012712173876880972,3163.255422773615,conversion,plain
causal_forest,0.9,0.001132227645071914,0.0011318967244537711,0.0012576630271708567,3164.690426041339,conversion,plain
causal_forest,0.91,0.0011339814300319491,0.0011336562498209526,0.0012457760987043434,3169.609914686898,conversion,plain
causal_forest,0.92,0.0011377316617566038,0.0011374768915396133,0.001236387925586536,3180.2921156396524,conversion,plain
causal_forest,0.93,0.001136316601169613,0.0011361362164621716,0.001221651845658249,3176.543698058482,conversion,plain
causal_forest,0.9400000000000001,0.0011370356234715253,0.0011368943657650392,0.0012094620912394033,3178.663421341057,conversion,plain
causal_forest,0.9500000000000001,0.001143818238960776,0.001143643149500052,0.001203834894210581,3197.5324672638862,conversion,plain
causal_forest,0.96,0.0011445888622805408,0.0011444325124122007,0.0011921172004293757,3199.739461238495,conversion,plain
causal_forest,0.97,0.0011481519505324024,0.0011480126791713011,0.001183518225949795,3209.749313923266,conversion,plain
causal_forest,0.98,0.0011500669839742443,0.0011499482142849986,0.001173416545188774,3215.1609113872846,conversion,plain
causal_forest,0.99,0.0011539220341641935,0.0011538342506926288,0.0011654891421137667,3226.0259505280337,conversion,plain
causal_forest,1.0,0.001150833274829165,0.0011508332748291653,0.0011508332748291653,3217.6354680938102,conversion,plain
class_transformation,0.0,0.0,0.0,0.0,0.0,conversion,plain
class_transformation,0.01,0.00034458783799536726,0.0003359799916218591,0.03359799916218591,939.372506215405,conversion,plain
class_transformation,0.02,0.0004614039502859881,0.0004487824966919063,0.022439124834595314,1254.7590605858413,conversion,plain
class_transformation,0.03,0.0005509112477999907,0.0005372081908654665,0.01790693969551555,1501.9900505881933,conversion,plain
class_transformation,0.04,0.0006235560436588001,0.0006096145758144969,0.015240364395362423,1704.4323655821165,conversion,plain
class_transformation,0.05,0.0006886169740047079,0.0006742710641778448,0.013485421283556898,1885.2066052139917,conversion,plain
class_transformation,0.06,0.0007335491974243473,0.0007187794110971935,0.011979656851619891,2009.6482935160432,conversion,plain
class_transformation,0.07,0.0007624630747156597,0.0007490688465321067,0.010700983521887239,2094.3350712583547,conversion,plain
class_transformation,0.08,0.0008073506810680546,0.0007943905612251709,0.009929882015314636,2221.0508691595574,conversion,plain
class_transformation,0.09,0.0008466146311218406,0.0008343452663261694,0.00927050295917966,2332.7609483361307,conversion,plain
class_transformation,0.1,0.0008521678431652926,0.0008405785698553838,0.008405785698553839,2350.188753872925,conversion,plain
class_transformation,0.11,0.0008635809313101018,0.0008525880519486343,0.007750800472260313,2383.7662810281217,conversion,plain
class_transformation,0.12,0.0008953432949801656,0.0008850552499833856,0.007375460416528213,2474.5419044230475,conversion,plain
class_transformation,0.13,0.0009217311562979021,0.0009116205269303024,0.007012465591771556,2548.816240413917,conversion,plain
class_transformation,0.14,0.0009384949986899853,0.0009289910767076991,0.006635650547912136,2597.3828732064367,conversion,plain
class_transformation,0.15,0.0009596201911781749,0.000950630236730184,0.00633753491153456,2657.8841902181825,conversion,plain
class_transformation,0.16,0.0009676644842852604,0.0009584915874445902,0.005990572421528688,2679.8638821849036,conversion,plain
class_transformation,0.17,0.000980580550042228,0.0009716063268603856,0.005715331334472856,2716.5316181828357,conversion,plain
class_transformation,0.18,0.0009844639972561922,0.0009756313085604668,0.005420173936447038,2727.7851369677633,conversion,plain
class_transformation,0.19,0.0009875222341854002,0.000979027403950997,0.0051527758102684045,2737.2803411998634,conversion,plain
class_transformation,0.2,0.000991635212033034,0.0009835348108056027,0.004917674054028013,2749.882681157979,conversion,plain
class_transformation,0.21,0.0009962762078454114,0.0009885768801209728,0.004707508952957013,2763.9798935140698,conversion,plain
class_transformation,0.22,0.00100427712086687,0.0009967941366041569,0.004530882439109804,2786.954668826021,conversion,plain
class_transformation,0.23,0.001003782176503256,0.0009963734140129563,0.004332058321795462,2785.778362960277,conversion,plain
class_transformation,0.24,0.0010099468078879062,0.0010028888370393425,0.004178703487663926,2803.9949514773643,conversion,plain
class_transformation,0.25,0.0010151911598144624,0.0010084681434224907,0.004033872573689962,2819.5942346215234,conversion,plain
class_transformation,0.26,0.001020071245474873,0.0010136608238992958,0.0038986954765357525,2834.112543434871,conversion,plain
class_transformation,0.27,0.0010246294968289397,0.0010185114310162103,0.0037722645593192966,2847.6744431839807,conversion,plain
class_transformation,0.28,0.0010289020018532733,0.0010230579223208872,0.003653778294003168,2860.38606005957,conversion,plain
class_transformation,0.29,0.0010329196474306577,0.0010273328375819478,0.0035425270261446474,2872.338372586444,conversion,plain
class_transformation,0.3,0.00103670902375775,0.0010313642324504156,0.003437880774834719,2883.609822064301,conversion,plain
class_transformation,0.31,0.001040293146376632,0.001035176425410528,0.0033392787916468646,2894.2684009809527,conversion,plain
class_transformation,0.32,0.0010436920373411368,0.0010387906001885906,0.003246220625589346,2904.373337298084,conversion,plain
class_transformation,0.33,0.0010469231965708021,0.001042225295241445,0.003158258470428621,2913.97646302087,conversion,plain
class_transformation,0.34,0.0010500019868608264,0.0010454968042775312,0.003074990600816268,2923.1233340220265,conversion,plain
class_transformation,0.35000000000000003,0.0010529419504542116,0.0010486195061260755,0.0029960557317887868,2931.8541523290046,conversion,plain
class_transformation,0.36,0.0010557550709604856,0.0010516061380827929,0.002921128161341092,2940.204530376166,conversion,plain
class_transformation,0.37,0.0010584519913211352,0.0010544680237205837,0.002849913577623199,2948.2061279448067,conversion,plain
class_transformation,0.38,0.0010610421961928529,0.0010572152637777193,0.002782145430993998,2955.8871858708735,conversion,plain
class_transformation,0.39,0.0010635341653459033,0.0010598568969229821,0.0027175817869820058,2963.2729755311107,conversion,plain
class_transformation,0.4,0.0010659355033130276,0.0010624010358025549,0.0026560025895063875,2970.3861792190078,conversion,plain
class_transformation,0.41000000000000003,0.0010682530494707302,0.001064854982692667,0.002597207274860163,2977.2472135001162,conversion,plain
class_transformation,0.42,0.0010704929719139412,0.0010672253282384915,0.0025410126862821228,2983.874505277907,conversion,plain
class_transformation,0.43,0.0010726608478410346,0.0010695180360969455,0.0024872512467370824,2990.2847284480995,conversion,plain
class_transformation,0.44,0.0010747617326578411,0.0010717385157770086,0.002435769354038656,2996.4930075542225,conversion,plain
class_transformation,0.45,0.0010768002196054362,0.001073891685554282,0.002386425967898404,3002.5130936915566,conversion,plain
class_transformation,0.46,0.0010787804913938727,0.0010759820270029572,0.002339091363049907,3008.3575169740543,conversion,plain
class_transformation,0.47000000000000003,0.0010807063650649005,0.0010780136324201304,0.002293646026425809,3014.037719128826,conversion,plain
class_transformation,0.48,0.0010825813310974092,0.0010799902462004215,0.0022499796795842114,3019.56416917619,conversion,plain
class_transformation,0.49,0.0010844085875995233,0.0010819153010426514,0.0022079904102911252,3024.946464660568,conversion,plain
class_transformation,0.5,0.0010861910702927972,0.0010837919497263995,0.002167583899452799,3030.1934204951353,conversion,plain
class_transformation,0.51,0.0010879314788805338,0.0010856230930782935,0.002128672731526066,3035.313147153276,conversion,plain
class_transformation,0.52,0.0010896323002989106,0.0010874114046506647,0.002091175778174355,3040.313119668077,conversion,plain
class_transformation,0.53,0.0010912958292725458,0.0010891593525548756,0.0020550176463299537,3045.2002386765225,conversion,plain
class_transformation,0.54,0.001092924186532172,0.0010908692188248649,0.002020128183009009,3049.9808845583784,conversion,plain
class_transformation,0.55,0.0010945193349988654,0.0010925431166308654,0.001986442030237937,3054.660965564336,conversion,plain
class_transformation,0.56,0.0010960830941947974,0.0010941830056167253,0.001953898224315581,3059.2459606979032,conversion,plain
class_transformation,0.5700000000000001,0.0010976171531031681,0.0010957907055952358,0.0019224398343776067,3063.7409580064204,conversion,plain
class_transformation,0.58,0.0010991230816685927,0.001097367908802963,0.0018920136358671776,3068.1506888445624,conversion,plain
class_transformation,0.59,0.0011006023411027385,0.0010989161908883445,0.0018625698150649909,3072.4795585961583,conversion,plain
class_transformation,0.6,0.0011020562931375367,0.0011004370207832192,0.001834061701305365,3076.731674274177,conversion,plain
class_transformation,0.61,0.0011034862083492702,0.0011019317695879747,0.001806445523914713,3080.9108693628714,conversion,plain
class_transformation,0.62,0.0011048932736605838,0.0011034017185834373,0.0017796801912636087,3085.0207262183667,conversion,plain
class_transformation,0.63,0.001106278599113606,0.0011048480664680137,0.0017537270896317678,3089.064596303116,conversion,plain
class_transformation,0.64,0.0011076432239954784,0.0011062719359061215,0.001728549899853315,3093.0456184947716,conversion,plain
class_transformation,0.65,0.0011089881223874073,0.0011076743794631774,0.00170411442994335,3096.966735679928,conversion,plain
class_transformation,0.66,0.0011103142081995523,0.0011090563849931751,0.0016803884621108714,3100.830709817348,conversion,plain
class_transformation,0.67,0.0011116223397464764,0.0011104188805368428,0.0016573416127415564,3104.6401356328083,conversion,plain
class_transformation,0.68,0.0011129133239113546,0.0011117627387815146,0.001634945204090462,3108.3974530885343,conversion,plain
class_transformation,0.6900000000000001,0.0011141879199414201,0.0011130887811277774,0.001613172146561996,3112.104958753213,conversion,plain
class_transformation,0.7000000000000001,0.0011154468429121803,0.001114397781402763,0.0015919968305753754,3115.7648161840502,conversion,plain
class_transformation,0.71,0.001116690766893667,0.0011156904692554116,0.0015713950271202984,3119.379065419652,conversion,plain
class_transformation,0.72,0.0011179203278481762,0.001116967533265013,0.001551343796201407,3122.949631671249,conversion,plain
class_transformation,0.73,0.0011191361262857071,0.0011182296237909123,0.0015318214024533042,3126.47833329024,conversion,plain
class_transformation,0.74,0.0011203387297004082,0.0011194773555881592,0.0015128072372812963,3129.966889081335,conversion,plain
class_transformation,0.75,0.0011215286748088138,0.001120711310211244,0.0014942817469483253,3133.4169250232007,conversion,plain
class_transformation,0.76,0.0011227064696084333,0.0011219320382256685,0.0014762263660864057,3136.8299804518347,conversion,plain
class_transformation,0.77,0.001123872595273292,0.0011231400612450556,0.00145862345616241,3140.2075137561533,conversion,plain
class_transformation,0.78,0.0011250275079012953,0.0011243358738096368,0.0014414562484738932,3143.550907630092,conversion,plain
class_transformation,0.79,0.0011261716401267548,0.0011255199451203472,0.0014247087912915785,3146.8614739209906,conversion,plain
class_transformation,0.8,0.0011273054026100643,0.0011266927206413121,0.0014083659008016403,3150.1404581100164,conversion,plain
class_transformation,0.81,0.0011284291854152992,0.001127854623582236,0.0013924131155336247,3153.389043456798,conversion,plain
class_transformation,0.8200000000000001,0.001129543359285467,0.0011290060562710617,0.0013768366539890996,3156.6083548372744,conversion,plain
class_transformation,0.8300000000000001,0.0011306482768241662,0.0011301474014262648,0.001361623375212367,3159.7994623009195,conversion,plain
class_transformation,0.84,0.0011317442735915624,0.0011312790233372382,0.0013467607420681407,3162.9633843710044,conversion,plain
class_transformation,0.85,0.0011328316691218638,0.0011324012689604265,0.0013322367870122667,3166.101091109298,conversion,plain
class_transformation,0.86,0.001133910767868753,0.0011335144689381405,0.0013180400801606285,3169.213506964588,conversion,plain
class_transformation,0.87,0.0011349818600846784,0.0011346189385463342,0.001304159699478545,3172.30151342259,conversion,plain
class_transformation,0.88,0.0011360452226393302,0.0011357149785770771,0.0012905852029284968,3175.3659514732644,conversion,plain
class_transformation,0.89,0.0011371011197821533,0.001136802876160885,0.0012773066024279606,3178.4076239099895,conversion,plain
class_transformation,0.9,0.001138149803853314,0.0011378829055336604,0.0012643143394818449,3181.427297473861,conversion,plain
class_transformation,0.91,0.001139191515947141,0.0011389553287525366,0.001251599262365425,3184.4257048551344,conversion,plain
class_transformation,0.92,0.0011402264865316993,0.0011400203963645515,0.0012391526047440776,3187.403546562784,conversion,plain
class_transformation,0.93,0.0011412549360278544,0.001141078348031747,0.0012269659656255344,3190.361492672226,conversion,plain
class_transformation,0.9400000000000001,0.0011422770753508752,0.001142129413115966,0.0012150312905489001,3193.300184460366,conversion,plain
class_transformation,0.9500000000000001,0.0011432931064173778,0.0011431738112263406,0.0012033408539224638,3196.2202359363278,conversion,plain
class_transformation,0.96,0.0011443032226201655,0.0011442117527322331,0.0011918872424294096,3199.1222352756,conversion,plain
class_transformation,0.97,0.0011453076092733181,0.0011452434392441356,0.001180663339426944,3202.0067461645854,conversion,plain
class_transformation,0.98,0.0011463064440296814,0.0011462690640648423,0.0011696623102702471,3204.8743090620455,conversion,plain
class_transformation,0.99,0.0011472998972727264,0.0011472888126130185,0.0011588775884979988,3207.7254423833656,conversion,plain
class_transformation,1.0,0.001150833274829165,0.0011508332748291653,0.0011508332748291653,3217.6354680938102,conversion,plain
response,0.0,0.0,0.0,0.0,0.0,conversion,plain
response,0.01,0.0003929828626891125,0.00038638409694910194,0.0386384096949102,1080.2982515737392,conversion,plain
response,0.02,0.0005175556343191319,0.0005082028143924891,0.025410140719624455,1420.8933964106193,conversion,plain
response,0.03,0.00060020274195254,0.0005877899379059338,0.019592997930197795,1643.4124676100826,conversion,plain
response,0.04,0.0006430001905851676,0.0006294429113807942,0.015736072784519856,1759.8707659019674,conversion,plain
response,0.05,0.000702040795287717,0.0006876975758052284,0.01375395151610457,1922.7460307502026,conversion,plain
response,0.06,0.0007489874499780622,0.000734458657553576,0.012240977625892935,2053.4861809098793,conversion,plain
response,0.07,0.0008024056626528925,0.0007876658431450446,0.01125236918778635,2202.249108834407,conversion,plain
response,0.08,0.0008265801755190141,0.000812307855581392,0.0101538481947674,2271.1461549614146,conversion,plain
response,0.09,0.0008421057566365351,0.0008287118765435834,0.00920790973937315,2317.0104524419826,conversion,plain
response,0.1,0.000858602877794874,0.0008458724236262391,0.008458724236262392,2364.9899349202274,conversion,plain
response,0.11,0.0008972666817350149,0.0008851498205192512,0.008046816550175011,2474.806315886544,conversion,plain
response,0.12,0.000929718222679121,0.0009180537674184394,0.007650448061820329,2566.8030532930284,conversion,plain
response,0.13,0.0009364655502724808,0.000925530179894491,0.007119462922265316,2587.706489510246,conversion,plain
response,0.14,0.0009369824622614057,0.0009265812665416467,0.006618437618154619,2590.645241586588,conversion,plain
response,0.15,0.000946368778286118,0.0009366313289349437,0.006244208859566291,2618.74439193313,conversion,plain
response,0.16,0.0009586111298940581,0.0009492003297948267,0.005932502061217667,2653.8862876792923,conversion,plain
response,0.17,0.0009668095517356243,0.0009578761039919891,0.005634565317599935,2678.1430409210743,conversion,plain
response,0.18,0.0009801161230769012,0.0009714735121864255,0.005397075067702364,2716.1602792452463,conversion,plain
response,0.19,0.0009925755850641383,0.0009845151498654964,0.005181658683502613,2752.623628781639,conversion,plain
response,0.2,0.0010010669709058992,0.000993312744776612,0.00496656372388306,2777.220982750335,conversion,plain
response,0.21,0.0010058587128537134,0.0009985121631244734,0.0047548198244022535,2791.7581300986512,conversion,plain
response,0.22,0.0010173926968254827,0.001010479132962762,0.004593086968012555,2825.2167964749797,conversion,plain
response,0.23,0.0010293763298494236,0.0010227183545718373,0.0044466015416166835,2859.436656477782,conversion,plain
response,0.24,0.0010373371254035842,0.0010309771967714563,0.004295738319881068,2882.5277020428566,conversion,plain
response,0.25,0.001041923080107581,0.0010359093773312288,0.004143637509324915,2896.3176744491743,conversion,plain
response,0.26,0.0010401281244147764,0.0010344618905881006,0.003978699579185002,2892.2706202093013,conversion,plain
response,0.27,0.001043559640217539,0.0010382885162960578,0.0038455130233187324,2902.9695519054417,conversion,plain
response,0.28,0.0010504473953426758,0.0010455451198433496,0.0037340897137262486,2923.2584203821784,conversion,plain
response,0.29,0.0010566144445813155,0.0010518051529009992,0.0036269143203482733,2940.7609594886558,conversion,plain
response,0.3,0.0010673671418806605,0.00106272989489573,0.0035424329829857664,2971.30564227708,conversion,plain
response,0.31,0.001074676856533432,0.001070156617754405,0.0034521181217884037,2992.0701503986606,conversion,plain
response,0.32,0.001076216497587751,0.0010719050845596156,0.003349703389248798,2996.958720211751,conversion,plain
response,0.33,0.0010843127627183213,0.0010802182086138772,0.003273388510951143,3020.2015333912946,conversion,plain
response,0.34,0.0010907137025454774,0.0010867064667218495,0.0031961954903583804,3038.34217102402,conversion,plain
response,0.35000000000000003,0.0010893574930063855,0.0010857086640620702,0.0031020247544630572,3035.552396607095,conversion,plain
response,0.36,0.0010888470019002872,0.0010853169158727062,0.003014769210757518,3034.4571007929853,conversion,plain
response,0.37,0.0010935654943981128,0.0010902393341115804,0.0029465927948961633,3048.219778550582,conversion,plain
response,0.38,0.0010965927731412402,0.0010935004865642805,0.0028776328593796852,3057.33769339383,conversion,plain
response,0.39,0.0011022617676626574,0.0010993451993094698,0.0028188338443832558,3073.679030962934,conversion,plain
response,0.4,0.0011016621041984513,0.0010988298025543612,0.0027470745063859032,3072.2380238981846,conversion,plain
response,0.41000000000000003,0.0011022286481289982,0.0010994689429545004,0.0026816315681817077,3074.0250080474607,conversion,plain
response,0.42,0.0011031428518203023,0.0011005203502134717,0.002620286548127314,3076.9646565281496,conversion,plain
response,0.43,0.0011046326037250608,0.0011021510646976808,0.002563142010924839,3081.5240005074106,conversion,plain
response,0.44,0.001106101311461295,0.0011036414941329822,0.0025082761230295052,3085.6911189932994,conversion,plain
response,0.45,0.0011031321575362767,0.0011007568594471769,0.002446126354327059,3077.6259169518316,conversion,plain
response,0.46,0.0011052718452547814,0.0011030097552090945,0.0023978472939328145,3083.9248287647015,conversion,plain
response,0.47000000000000003,0.001106718766439486,0.0011046777579565917,0.0023503782084182802,3088.588427670478,conversion,plain
response,0.48,0.0011111801917569905,0.0011092908234458623,0.0023110225488455465,3101.486180507108,conversion,plain
response,0.49,0.0011133637049086027,0.001111584970048995,0.0022685407552020306,3107.900426289446,conversion,plain
response,0.5,0.001114497570645547,0.0011128138618024246,0.002225627723604849,3111.3363068629114,conversion,plain
response,0.51,0.0011160942482120976,0.0011144727730075963,0.002185240731387444,3115.9744865618527,conversion,plain
response,0.52,0.0011190946098296223,0.0011175819692516825,0.002149196094714774,3124.6675443062254,conversion,plain
response,0.53,0.001122538123996877,0.0011212091797916453,0.0021154890184748023,3134.8089275446973,conversion,plain
response,0.54,0.0011237215567270146,0.0011224572387196028,0.002078624516147412,3138.298397966434,conversion,plain
response,0.55,0.0011256236402542466,0.0011244492399997308,0.002044453163635874,3143.8678702015673,conversion,plain
response,0.56,0.0011271666600613929,0.0011260883090012316,0.002010871980359342,3148.4505727261053,conversion,plain
response,0.5700000000000001,0.0011294503610897043,0.0011283488020282773,0.001979559301803995,3154.770725869297,conversion,plain
response,0.58,0.0011266044777536674,0.0011255657621136261,0.0019406306243338381,3146.989574477205,conversion,plain
response,0.59,0.0011284306027342019,0.0011274758981982878,0.001910976098641166,3152.3301583387606,conversion,plain
response,0.6,0.0011278999170949,0.001126998266781877,0.0018783304446364614,3150.994740064252,conversion,plain
response,0.61,0.001129209121813862,0.0011284205198816679,0.0018498697047240457,3154.971243106513,conversion,plain
response,0.62,0.0011304423317544138,0.0011296870673180345,0.001822075915029088,3158.5124058817046,conversion,plain
response,0.63,0.0011317596214285208,0.0011310819036985434,0.0017953681011087987,3162.412254025024,conversion,plain
response,0.64,0.001132614229142077,0.0011319740057277525,0.0017687093839496132,3164.906498146326,conversion,plain
response,0.65,0.0011340806918935537,0.0011334944858744744,0.0017438376705761144,3169.1576359571886,conversion,plain
response,0.66,0.0011346713287686966,0.0011340997392598861,0.0017183329382725546,3170.8498747920225,conversion,plain
response,0.67,0.0011354583671117527,0.001134918588078776,0.0016939083404160834,3173.139308944035,conversion,plain
response,0.68,0.0011367227912312656,0.0011362196522144946,0.0016709112532566094,3176.7769775802453,conversion,plain
response,0.6900000000000001,0.0011375959906297457,0.0011370952541284378,0.0016479641364180258,3179.2250887322734,conversion,plain
response,0.7000000000000001,0.0011386591497888963,0.0011381775015696447,0.0016259678593852065,3182.250963833598,conversion,plain
response,0.71,0.0011394546514639683,0.0011390057697773126,0.0016042334785595956,3184.5667338242447,conversion,plain
response,0.72,0.0011399574529842198,0.0011395156238458138,0.0015826605886747414,3185.99224399174,conversion,plain
response,0.73,0.001141810017967815,0.0011414197496505201,0.0015635886981513972,3191.3160236033827,conversion,plain
response,0.74,0.0011433599622088912,0.0011430595045415957,0.0015446750061372913,3195.900643818929,conversion,plain
response,0.75,0.001144035513096097,0.0011437490701065194,0.0015249987601420258,3197.8286125940795,conversion,plain
response,0.76,0.0011435556149476955,0.001143296617160345,0.0015043376541583487,3196.5635912577177,conversion,plain
response,0.77,0.0011450362205810112,0.0011448392858920816,0.001486804267392314,3200.8767665328173,conversion,plain
response,0.78,0.0011461803928257375,0.0011460282045548606,0.0014692669289164879,3204.2008856226166,conversion,plain
response,0.79,0.0011451552306186153,0.0011450368801602508,0.0014494137723547475,3201.4292239038878,conversion,plain
response,0.8,0.0011454300300620549,0.0011453282286753793,0.0014316602858442241,3202.243810461609,conversion,plain
response,0.81,0.0011459499095450112,0.001145864755223934,0.0014146478459554743,3203.7438946961915,conversion,plain
response,0.8200000000000001,0.001146585473059509,0.001146490038900849,0.0013981585840254253,3205.4921365835835,conversion,plain
response,0.8300000000000001,0.0011469449755451345,0.0011468734252388147,0.0013817752111311018,3206.5640533468563,conversion,plain
response,0.84,0.0011478342263940705,0.0011477668736138173,0.0013663891352545445,3209.062061740597,conversion,plain
response,0.85,0.0011484377033243779,0.0011483287046560363,0.0013509749466541605,3210.632895264496,conversion,plain
response,0.86,0.0011503486292710411,0.0011501893949144816,0.0013374295289703274,3215.8352326505074,conversion,plain
response,0.87,0.001151304420171446,0.0011512085254415949,0.0013232281901627528,3218.6846380356133,conversion,plain
response,0.88,0.0011502446451260586,0.0011501617663826156,0.0013070020072529723,3215.75798554095,conversion,plain
response,0.89,0.0011490539852152908,0.0011489824194514655,0.0012909914825297367,3212.460628227903,conversion,plain
response,0.9,0.001148884966044997,0.0011488488408046896,0.0012764987120052105,3212.087153284966,conversion,plain
response,0.91,0.0011469874408407304,0.0011469885698375743,0.0012604269998215106,3206.885988203131,conversion,plain
response,0.92,0.0011481558435825496,0.0011481669803337542,0.001248007587319298,3210.180727320789,conversion,plain
response,0.93,0.0011493218164777166,0.001149342766059346,0.0012358524366229526,3213.4681277951145,conversion,plain
response,0.9400000000000001,0.001150171386670904,0.001150199899432746,0.0012236169142901552,3215.8646024222044,conversion,plain
response,0.9500000000000001,0.001150226582310255,0.001150260016762768,0.0012108000176450189,3216.0326855473245,conversion,plain
response,0.96,0.0011509947599945955,0.0011510301301947993,0.001198989718952916,3218.185859553983,conversion,plain
response,0.97,0.0011518889342124114,0.0011519332396454293,0.0011875600408715768,3220.7108795229697,conversion,plain
response,0.98,0.0011528561690343619,0.0011529003204464488,0.0011764288984147438,3223.4147581419943,conversion,plain
response,0.99,0.0011518042502147562,0.0011518362243755577,0.0011634709337126846,3220.4396327836607,conversion,plain
response,1.0,0.001150833274829165,0.0011508332748291653,0.0011508332748291653,3217.6354680938102,conversion,plain
random,0.0,0.0,0.0,0.0,0.0,conversion,plain
random,0.01,9.412089329248263e-06,9.438352747110955e-06,0.0009438352747110955,26.388860335996966,conversion,plain
random,0.02,2.9740834162209623e-05,2.972411183141798e-05,0.0014862055915708988,83.10617930347449,conversion,plain
random,0.03,4.0453624794897826e-05,4.0445336714927414e-05,0.0013481778904975805,113.08184493732642,conversion,plain
random,0.04,5.1952815991569575e-05,5.193070230118271e-05,0.0012982675575295677,145.19398531651817,conversion,plain
random,0.05,6.389784510698022e-05,6.385198190001877e-05,0.0012770396380003754,178.52490552993666,conversion,plain
random,0.06,7.50558550819096e-05,7.504420309380525e-05,0.0012507367182300875,209.81743822562578,conversion,plain
random,0.07,9.021453930313076e-05,9.020310376681787e-05,0.001288615768097398,252.20048147751388,conversion,plain
random,0.08,9.660003754127223e-05,9.65711051911804e-05,0.001207138814889755,270.00489128391473,conversion,plain
random,0.09,0.0001109411132028762,0.00011094068269318401,0.001232674252146489,310.18105167416167,conversion,plain
random,0.1,0.00012578891655110028,0.0001258277259430738,0.001258277259430738,351.804003863307,conversion,plain
random,0.11,0.0001458619656468995,0.00014586108964925745,0.0013260099059023405,407.8156460499726,conversion,plain
random,0.12,0.00015742562909249426,0.00015744526118610669,0.0013120438432175558,440.204039764937,conversion,plain
random,0.13,0.00016145960313968674,0.00016146153159064054,0.0012420117814664657,451.4332024818405,conversion,plain
random,0.14,0.00016881890148966053,0.0001688649960431464,0.0012061785431653313,472.1326820069618,conversion,plain
random,0.15,0.00017744207473245852,0.00017748088377777288,0.001183205891851819,496.22199761018317,conversion,plain
random,0.16,0.00018251326550887544,0.0001825401296273478,0.0011408758101709238,510.36723414743506,conversion,plain
random,0.17,0.00019240522915827063,0.00019241437813412204,0.0011318492831418944,537.9748232839983,conversion,plain
random,0.18,0.00019308608372180762,0.00019306006109769504,0.0010725558949871948,539.7800999041453,conversion,plain
random,0.19,0.00019646377051431814,0.00019638786249712473,0.0010336203289322355,549.084359737236,conversion,plain
random,0.2,0.00021511476567955985,0.0002150227499908351,0.0010751137499541755,601.1859771088757,conversion,plain
random,0.21,0.0002268687313386516,0.00022677273252036685,0.0010798701548588897,634.037964762879,conversion,plain
random,0.22,0.00024318330795737914,0.00024306283575487142,0.001104831071613052,679.5837576180886,conversion,plain
random,0.23,0.00026066072148223346,0.00026055537000413984,0.0011328494348006079,728.4914489912346,conversion,plain
random,0.24,0.0002860559307680824,0.00028599582008064336,0.001191649250336014,799.6208612882322,conversion,plain
random,0.25,0.0002839464450006318,0.0002838906590934433,0.0011355626363737732,793.7350037912219,conversion,plain
random,0.26,0.00029837966121793797,0.0002983087215494358,0.0011473412367285993,834.0467241370555,conversion,plain
random,0.27,0.0003214956914653649,0.0003214307554400659,0.0011904842794076514,898.6940348884782,conversion,plain
random,0.28,0.00031973041044043544,0.000319674990967145,0.0011416963963112319,893.785061394878,conversion,plain
random,0.29,0.00032931411669502906,0.0003293002555752966,0.0011355181226734366,920.6965119675721,conversion,plain
random,0.3,0.0003460909937441109,0.00034608463474337253,0.001153615449144575,967.6242598024206,conversion,plain
random,0.31,0.00036336951467479854,0.0003633784077029423,0.001172188411944975,1015.9762309079949,conversion,plain
random,0.32,0.00037532045314071745,0.00037534520996554405,0.001172953781142325,1049.434428756444,conversion,plain
random,0.33,0.000387619310581782,0.00038762686783429685,0.001174626872225142,1083.7729370615316,conversion,plain
random,0.34,0.00040031549211241575,0.0004003167505018945,0.0011774022073585133,1119.252808429756,conversion,plain
random,0.35000000000000003,0.0003977145312983988,0.0003977339210373539,0.001136382631535297,1112.0314290389165,conversion,plain
random,0.36,0.00040983904600397326,0.0004098642831276483,0.0011385118975768007,1145.946926753688,conversion,plain
random,0.37,0.000419831121112852,0.000419821481584875,0.0011346526529320946,1173.7864371498206,conversion,plain
random,0.38,0.0004294507296769634,0.00042941123502878033,0.0011300295658652113,1200.5986014191974,conversion,plain
random,0.39,0.0004324330231669536,0.0004324582517272234,0.0011088673121210856,1209.117810252675,conversion,plain
random,0.4,0.0004426077333557058,0.0004426152762485559,0.0011065381906213898,1237.51601793831,conversion,plain
random,0.41000000000000003,0.0004463213057908065,0.0004463342829454622,0.0010886202023060053,1247.9140557043108,conversion,plain
random,0.42,0.0004654116827484157,0.00046542635230252777,0.001108157981672685,1301.2939160769788,conversion,plain
random,0.43,0.00048707961691675815,0.00048710087110092015,0.001132792723490512,1361.8940933267424,conversion,plain
random,0.44,0.0005024195797705539,0.0005023824514406792,0.0011417782987288164,1404.6201388671209,conversion,plain
random,0.45,0.000502071079247191,0.0005020536389878023,0.0011156747533062272,1403.700806211498,conversion,plain
random,0.46,0.0005018519325154181,0.0005018165778116018,0.0010909056039382647,1403.0380026018581,conversion,plain
random,0.47000000000000003,0.0005296628366916527,0.0005296540973980521,0.0011269236114852172,1480.8694246889672,conversion,plain
random,0.48,0.0005300100832037518,0.0005299953272320636,0.001104156931733466,1481.823475324017,conversion,plain
random,0.49,0.0005582794911610261,0.0005582081584495571,0.0011392003233664431,1560.704237955969,conversion,plain
random,0.5,0.0005862501574399364,0.0005861680234590157,0.0011723360469180315,1638.8777278134844,conversion,plain
random,0.51,0.0006068795926291281,0.0006067837863078467,0.0011897721300153858,1696.5177102462621,conversion,plain
random,0.52,0.0006136490217977248,0.0006135448211249977,0.0011798938867788418,1715.4210091901614,conversion,plain
random,0.53,0.0006277237649918139,0.0006276106012823972,0.0011841709458158436,1754.7477771162773,conversion,plain
random,0.54,0.0006377971475432012,0.0006377479595296839,0.001181014739869785,1783.090999512315,conversion,plain
random,0.55,0.0006376619232771374,0.0006376400440560254,0.0011593455346473188,1782.7892766970344,conversion,plain
random,0.56,0.0006598795981635445,0.0006598237128890198,0.0011782566301589638,1844.8129956932423,conversion,plain
random,0.5700000000000001,0.0006634861344631767,0.0006634912332585027,0.001164019707471057,1855.0670819096463,conversion,plain
random,0.58,0.000673072735221341,0.000673069580790546,0.0011604647944664585,1881.8473561847416,conversion,plain
random,0.59,0.0006889559938095993,0.0006889175080685668,0.001167656793336554,1926.156861324051,conversion,plain
random,0.6,0.0007129374587122159,0.000712910860519458,0.0011881847675324299,1993.2403073218418,conversion,plain
random,0.61,0.0007257261045654351,0.000725622958547164,0.0011895458336838756,2028.78229101527,conversion,plain
random,0.62,0.000734460329144821,0.000734361178247174,0.0011844535133018934,2053.213636762482,conversion,plain
random,0.63,0.0007611507568050365,0.0007610527490862953,0.001208020236644913,2127.8410801198565,conversion,plain
random,0.64,0.0007729361383488533,0.0007728519517554489,0.0012075811746178888,2160.8306832481912,conversion,plain
random,0.65,0.000785522194135796,0.00078540751588922,0.0012083192552141847,2195.9350110099563,conversion,plain
random,0.66,0.0007975426119292019,0.00079742394220953,0.0012082180942568637,2229.531953654585,conversion,plain
random,0.67,0.0008183060406309351,0.0008181856823136265,0.0012211726601695917,2287.58007652295,conversion,plain
random,0.68,0.0008277172694611085,0.0008275850640594132,0.0012170368589109015,2313.8599771348663,conversion,plain
random,0.6900000000000001,0.0008377156854575078,0.0008375743995983442,0.0012138759414468756,2341.7893401762035,conversion,plain
random,0.7000000000000001,0.0008456791958416723,0.0008455227033740689,0.0012078895762486696,2364.01214577222,conversion,plain
random,0.71,0.000859745648203678,0.0008595924247444295,0.0012106935559780697,2403.3499330065956,conversion,plain
random,0.72,0.0008534697128211005,0.0008533377152053994,0.0011851912711186101,2385.8622780216497,conversion,plain
random,0.73,0.0008604361787965997,0.0008603006178028835,0.0011784939969902515,2405.3299827262026,conversion,plain
random,0.74,0.0008722233916194499,0.0008720496494193501,0.0011784454721883108,2438.1793117052503,conversion,plain
random,0.75,0.0008876902705819834,0.0008875193542234551,0.0011833591389646067,2481.431337821734,conversion,plain
random,0.76,0.0009063340780989046,0.0009062264847382084,0.0011924032693923796,2533.7349407562824,conversion,plain
random,0.77,0.0009206147132248192,0.0009205040522642879,0.0011954598081354388,2573.653848798663,conversion,plain
random,0.78,0.0009377433676359886,0.0009376468256739545,0.0012021113149666084,2621.5836375446715,conversion,plain
random,0.79,0.0009486679204956373,0.0009485968158829359,0.0012007554631429567,2652.1989122697864,conversion,plain
random,0.8,0.0009580102618556297,0.0009579474811386152,0.001197434351423269,2678.3426055701148,conversion,plain
random,0.81,0.0009668731156461421,0.0009668131126560128,0.0011935964353777936,2703.130184310974,conversion,plain
random,0.8200000000000001,0.0009758257022485745,0.0009758029990876112,0.001190003657423916,2728.2651696030357,conversion,plain
random,0.8300000000000001,0.000981624597799885,0.0009815806722154193,0.0011826273159221917,2744.4190698991906,conversion,plain
random,0.84,0.0009969085460145664,0.0009969030128969866,0.001186789301067841,2787.2590780129167,conversion,plain
random,0.85,0.0010097970261238255,0.0010097900527509774,0.001187988297354091,2823.290184707407,conversion,plain
random,0.86,0.0010189088363925208,0.0010189144100153054,0.0011847841976922158,2848.801139421173,conversion,plain
random,0.87,0.0010342571627745348,0.001034229135900957,0.0011887691217252379,2891.6198571899317,conversion,plain
random,0.88,0.0010537633562464675,0.0010537095861777124,0.0011973972570201278,2946.0855987668174,conversion,plain
random,0.89,0.001060920551793849,0.0010608937524861134,0.001192015452231588,2966.171938663469,conversion,plain
random,0.9,0.0010763842029789306,0.0010763342328570632,0.0011959269253967368,3009.3422556612545,conversion,plain
random,0.91,0.0010944585529657107,0.0010944063437515591,0.0012026443337929222,3059.870395809172,conversion,plain
random,0.92,0.0010986694749213059,0.0010985915729025818,0.0011941212748941105,3071.5719533266406,conversion,plain
random,0.93,0.001097054773667184,0.0010970105145115235,0.0011795811983994877,3067.15144371203,conversion,plain
random,0.9400000000000001,0.0011110390117227747,0.00111100381074155,0.0011819189475973935,3106.275552520893,conversion,plain
random,0.9500000000000001,0.001116563308706239,0.0011165333146361414,0.0011752982259327805,3121.7355919908514,conversion,plain
random,0.96,0.001123898815549955,0.0011238345223980428,0.0011706609608312945,3142.149170194091,conversion,plain
random,0.97,0.0011370115588215405,0.0011369662179772251,0.0011721301216260052,3178.864314234447,conversion,plain
random,0.98,0.0011404672815671514,0.0011404431603902882,0.0011637175106023348,3188.585560112094,conversion,plain
random,0.99,0.001139208824650101,0.0011392228036716764,0.001150730104718865,3185.173542796106,conversion,plain
random,1.0,0.001150833274829165,0.0011508332748291653,0.0011508332748291653,3217.6354680938102,conversion,plain
