policy,budget,n_treated,frac_treated,inc_ht,inc_dim,inc,inc_lo,inc_hi,inc_per_100k,inc_per_100k_lo,inc_per_100k_hi,inc_per_treated,inc_per_treated_lo,inc_per_treated_hi,net,net_lo,net_hi,net_per_100k,net_per_100k_lo,net_per_100k_hi,roi,roi_lo,roi_hi,diff_vs_response_inc,diff_vs_response_inc_lo,diff_vs_response_inc_hi,diff_vs_response_net,diff_vs_response_net_lo,diff_vs_response_net_hi,diff_vs_random_inc,diff_vs_random_inc_lo,diff_vs_random_inc_hi,diff_vs_random_net,diff_vs_random_net_lo,diff_vs_random_net_hi,random_minus_k_treat_all,random_minus_k_treat_all_lo,random_minus_k_treat_all_hi
random,0.01,27959.0,0.009999935620429497,16.1094537815129,17.634135545426716,14.499544936048013,-34.258633756498575,57.127202405362745,0.5185969308129929,-1.2253089595795934,2.0432359749235403,0.0005186002695392543,-0.0012221010720143144,0.002036664375902817,-672.9727531975994,-3114.4767908458807,1452.7309161532519,-24.06983156149785,-111.39371007468318,51.958995798634014,-0.48139973046074563,-2.2221010720143144,1.0366643759028173,-1244.3196270264234,-1548.8202798584837,-956.193685690689,-62215.98135132118,-77442.9602429242,-47807.96428453445,0.0,0.0,0.0,0.0,0.0,0.0,-13.584364465090106,-61.73478587702209,28.84387648491176
response,0.01,27959.0,0.009999935620429497,1281.075263711245,1080.325175272435,1258.8191719624715,975.1633158580428,1560.355837529843,45.02346535064589,34.87810858036762,55.80835480617969,0.045023755211648184,0.03482585641845047,0.055771625270145564,61543.008598123575,47353.257576997785,76613.23437649214,2201.173589430147,1693.6568803876862,2740.1817355334506,44.02375521164818,33.82585641845047,54.77162527014556,0.0,0.0,0.0,0.0,0.0,0.0,1244.3196270264234,956.193685690689,1548.8202798584837,62215.98135132118,47807.96428453445,77442.9602429242,,,
uplift,0.01,27959.0,0.009999935620429497,1244.8827062342157,1106.9568804440853,1248.1836070645404,949.7341911010607,1527.6107518714762,44.64306918387951,33.96859961919701,54.6371800557626,0.04464335659589186,0.034046537706010696,0.05461601519084864,61011.23035322702,46093.83205505303,74989.94134357381,2182.153781091828,1648.6117280640215,2682.122342056305,43.64335659589186,33.046537706010696,53.616015190848636,-10.63556489793109,-137.93917715538126,116.2687617434213,-531.7782448965518,-6899.068857769063,5816.163087171062,1233.6840621284923,940.3227060396883,1518.429298062821,61684.203106424626,47018.48905198442,75917.34990314106,,,
expected_value,0.01,27959.0,0.009999935620429497,1244.8827062342157,1106.9568804440853,1248.1836070645404,949.7341911010607,1527.6107518714762,44.64306918387951,33.96859961919701,54.6371800557626,0.04464335659589186,0.034046537706010696,0.05461601519084864,61011.23035322702,46093.83205505303,74989.94134357381,2182.153781091828,1648.6117280640215,2682.122342056305,43.64335659589186,33.046537706010696,53.616015190848636,-10.63556489793109,-137.93917715538126,116.2687617434213,-531.7782448965518,-6899.068857769063,5816.163087171062,1233.6840621284923,940.3227060396883,1518.429298062821,61684.203106424626,47018.48905198442,75917.34990314106,,,
treat_all,0.01,2795918.0,1.0,2810.037978447825,3217.6354680938102,2808.3909401138117,2385.4512302321095,3240.166633196143,100.44611251523871,85.3190698093474,115.88918677858732,0.001004461125152387,0.0008528889083935307,0.001158599988396717,623.6470056905819,-20578.94390899353,22177.214159807125,22.305625761935147,-736.0353168080583,793.199734749271,0.004461125152387029,-0.14711109160646924,0.1585999883967169,,,,,,,,,,,,,,,
random,0.02,55918.0,0.019999871240858995,56.19220371646997,62.120846914025755,55.15228810496934,-6.512309961826692,115.89167700618778,1.9726003446799705,-0.23292206573392685,4.14503132803565,0.0009863065221390132,-0.0001163048545487163,0.002068948931896743,-38.285594751533154,-3127.8749053108086,2988.407150944052,-1.369338970296452,-111.87291277179118,106.88464936897476,-0.013693477860986857,-1.1163048545487162,1.068948931896743,-1659.674973987354,-2003.3892809983558,-1309.3400207588643,-82983.7486993677,-100164.4065499178,-65477.02851925866,0.0,0.0,0.0,0.0,0.0,0.0,-1.0155306973069003,-61.562083231230815,59.02776118064549
response,0.02,55918.0,0.019999871240858995,1665.9231874936663,1420.9258145764293,1714.8272620923233,1365.8559466710637,2048.7107509037496,61.33324589964095,48.85178845270368,73.27506568160258,0.03066682038149296,0.024470997386311637,0.03665112212275659,82945.46310461617,65502.77096014065,99651.19129518748,2966.6629387777525,2342.800145073663,3564.167164243997,29.666820381492958,23.470997386311634,35.65112212275658,0.0,0.0,0.0,0.0,0.0,0.0,1659.674973987354,1309.3400207588643,2003.3892809983558,82983.7486993677,65477.02851925866,100164.4065499178,,,
uplift,0.02,55918.0,0.019999871240858995,1623.0597979228105,1203.0558837460774,1609.8520933402933,1279.9819634956452,1938.9138538173856,57.57865907871022,45.78038281150038,69.34802286109198,0.028789514885015438,0.022935473042852476,0.034888020920660665,77696.70466701467,61208.69942478226,94144.90394086926,2778.933597731216,2189.216544433072,3367.2269337251405,27.78951488501544,21.935473042852472,33.88802092066066,-104.97516875202996,-235.89032393240277,31.255984010460804,-5248.7584376015,-11812.26119662014,1565.8529155653505,1554.699805235324,1222.6297381465836,1897.3958468776102,77734.9902617662,61140.91565732917,94860.7248438805,,,
expected_value,0.02,55918.0,0.019999871240858995,1623.0597979228105,1203.0558837460774,1609.8520933402933,1279.9819634956452,1938.9138538173856,57.57865907871022,45.78038281150038,69.34802286109198,0.028789514885015438,0.022935473042852476,0.034888020920660665,77696.70466701467,61208.69942478226,94144.90394086926,2778.933597731216,2189.216544433072,3367.2269337251405,27.78951488501544,21.935473042852472,33.88802092066066,-104.97516875202996,-235.89032393240277,31.255984010460804,-5248.7584376015,-11812.26119662014,1565.8529155653505,1554.699805235324,1222.6297381465836,1897.3958468776102,77734.9902617662,61140.91565732917,94860.7248438805,,,
treat_all,0.02,2795918.0,1.0,2810.037978447825,3217.6354680938102,2808.3909401138117,2367.101821932031,3234.1906223035544,100.44611251523871,84.66277701749588,115.67544621493028,0.001004461125152387,0.0008466282408082104,0.001156224067933218,623.6470056905819,-21437.458658998014,21849.503615177717,22.305625761935147,-766.7413228498838,781.478699131295,0.004461125152387029,-0.15337175919178958,0.15622406793321805,,,,,,,,,,,,,,,
random,0.03,83878.0,0.030000164525569063,102.83526815384093,110.24602287095823,102.51185223925238,32.54509345733916,173.33731300491377,3.6664827880950868,1.164021743747104,6.199656535167118,0.0012221542268443736,0.00038833507936532205,0.002074467704204579,931.6926119626187,-2563.1397175133156,4492.140355488073,33.323316776909,-91.67435230623057,160.6678148460746,0.22215422684437366,-0.611664920634678,1.0744677042045794,-1868.3660869379432,-2247.89339939662,-1512.4490852844547,-93418.30434689717,-112361.89110084302,-75547.73676422273,0.0,0.0,0.0,0.0,0.0,0.0,18.260124035838032,-53.64992005994247,90.18908934629987
response,0.03,83878.0,0.030000164525569063,1977.979540405063,1643.3824822694207,1970.8779391771957,1617.7912105628282,2335.6266758316533,70.49126402051833,57.86261294368533,83.53702346891622,0.023496959145153623,0.019321387702737555,0.027845404653283983,94349.99695885979,76721.42552814141,112591.26504158266,3374.562378398072,2744.051346575308,4026.987380945459,22.496959145153625,18.321387702737553,26.84540465328398,0.0,0.0,0.0,0.0,0.0,0.0,1868.3660869379432,1512.4490852844547,2247.89339939662,93418.30434689717,75547.73676422273,112361.89110084302,,,
uplift,0.03,83878.0,0.030000164525569063,1936.364593464089,1433.219489215225,1931.7706324611602,1591.5301839541387,2315.0511595603357,69.09253534836,56.92334982478523,82.80111074646452,0.023030718811382724,0.018990218273768962,0.027648121339399187,92394.63162305801,75364.82544770693,111587.46672801679,3304.6259447901552,2695.5306073964593,3991.085100779665,22.030718811382723,17.99021827376896,26.64812133939919,-39.10730671603551,-167.9661645931335,96.8357769438514,-1955.3653358017764,-8394.848229656673,4844.887597192562,1829.2587802219077,1479.9926613675802,2207.4530993332087,91462.9390110954,74000.249318379,110355.42996666045,,,
expected_value,0.03,83878.0,0.030000164525569063,1936.364593464089,1433.219489215225,1931.7706324611602,1591.5301839541387,2315.0511595603357,69.09253534836,56.92334982478523,82.80111074646452,0.023030718811382724,0.018990218273768962,0.027648121339399187,92394.63162305801,75364.82544770693,111587.46672801679,3304.6259447901552,2695.5306073964593,3991.085100779665,22.030718811382723,17.99021827376896,26.64812133939919,-39.10730671603551,-167.9661645931335,96.8357769438514,-1955.3653358017764,-8394.848229656673,4844.887597192562,1829.2587802219077,1479.9926613675802,2207.4530993332087,91462.9390110954,74000.249318379,110355.42996666045,,,
treat_all,0.03,2795918.0,1.0,2810.037978447825,3217.6354680938102,2808.3909401138117,2360.9329847447807,3246.157737438023,100.44611251523871,84.44213974604337,116.10346717743595,0.001004461125152387,0.0008441485539625663,0.0011609094523466546,623.6470056905819,-21794.004172592435,22496.90812190118,22.305625761935147,-779.4936823108702,804.6340458447343,0.004461125152387029,-0.1558514460374338,0.16090945234665469,,,,,,,,,,,,,,,
random,0.04,111837.0,0.04000010014599856,162.38698117683026,183.31125007372611,161.74474260649205,70.5056194690998,251.6489823958856,5.7850317000173845,2.521734166348934,9.000585224455282,0.0014462543040898097,0.0006333967232201848,0.002249900414524755,2495.3871303246024,-2040.3952765450108,6988.393542248806,89.2510842708764,-72.97765086619172,249.94987486216706,0.44625430408980965,-0.3666032767798153,1.2499004145247548,-1959.3576109780731,-2316.405395715001,-1547.5873107198195,-97967.88054890366,-115834.61228575004,-77390.83553599098,0.0,0.0,0.0,0.0,0.0,0.0,49.40910500193958,-38.012773988869135,138.1899551445503
response,0.04,111837.0,0.04000010014599856,2124.243142522605,1759.856303950635,2121.102353584565,1705.0266483138482,2477.0994130980125,75.86425473080989,60.98271295201963,88.5969979483666,0.0189660161984367,0.01523273360486152,0.022144551769515398,100463.26767922826,79654.74491569241,118263.32315490065,3593.2122358105016,2848.9657034180686,4229.85663939002,17.966016198436698,14.232733604861519,21.144551769515395,0.0,0.0,0.0,0.0,0.0,0.0,1959.3576109780731,1547.5873107198195,2316.405395715001,97967.88054890366,77390.83553599098,115834.61228575004,,,
uplift,0.04,111837.0,0.04000010014599856,2041.6684932323792,1576.958499618734,2038.148796521799,1636.3030061605255,2377.682422927518,72.89730230006026,58.52471374913447,85.04120732179979,0.018224279947797233,0.014650483806184868,0.021252093302160956,96315.58982608996,76236.32530802628,113287.93509324857,3444.864614273021,2726.7010444521725,4051.9047802277664,17.224279947797232,13.650483806184866,20.252093302160958,-82.9535570627661,-210.43763706057777,42.29516919268076,-4147.677853138302,-10528.518103028893,2131.376425862042,1876.404053915307,1487.4535755156394,2217.184233493235,93820.20269576536,74394.55127578197,110882.35542466173,,,
expected_value,0.04,111837.0,0.04000010014599856,2041.6684932323792,1576.958499618734,2038.148796521799,1636.3030061605255,2377.682422927518,72.89730230006026,58.52471374913447,85.04120732179979,0.018224279947797233,0.014650483806184868,0.021252093302160956,96315.58982608996,76236.32530802628,113287.93509324857,3444.864614273021,2726.7010444521725,4051.9047802277664,17.224279947797232,13.650483806184866,20.252093302160958,-82.9535570627661,-210.43763706057777,42.29516919268076,-4147.677853138302,-10528.518103028893,2131.376425862042,1876.404053915307,1487.4535755156394,2217.184233493235,93820.20269576536,74394.55127578197,110882.35542466173,,,
treat_all,0.04,2795918.0,1.0,2810.037978447825,3217.6354680938102,2808.3909401138117,2338.7266037494296,3209.360657436499,100.44611251523871,83.64789681776895,114.78736706285731,0.001004461125152387,0.000836746208018222,0.0011478561430099316,623.6470056905819,-22805.642762055282,20670.047233999278,22.305625761935147,-815.67638114048,739.293757327621,0.004461125152387029,-0.16325379198177803,0.14785614300993166,,,,,,,,,,,,,,,
random,0.05,139796.0,0.05000003576642806,165.4517607406982,189.93663494789038,165.46017294878519,61.59136666553142,264.9456856806745,5.917919372055446,2.20290318476906,9.47616080588467,0.001183583027760345,0.00044046306054244317,0.0018918275848299744,1283.208647439259,-3921.9250056150863,6238.795534033724,45.895789770632014,-140.27324855790073,223.13943162974465,0.18358302776034494,-0.5595369394575568,0.8918275848299746,-2103.7648845158255,-2489.931769729409,-1719.488024714997,-105188.24422579129,-124498.57870986054,-85976.46998574986,0.0,0.0,0.0,0.0,0.0,0.0,25.040625943094597,-77.29281167493164,116.64457945610638
response,0.05,139796.0,0.05000003576642806,2264.820622864262,1922.7417762626594,2269.225057464611,1879.0082483494514,2657.550552759412,81.16207476272947,67.2054133329179,95.0510906528522,0.01623240334104417,0.013451108358439557,0.01902998963634671,106471.45287323055,86944.79491747257,125876.5626379706,3808.1035593043343,3109.7047523379647,4502.155021641215,15.23240334104417,12.451108358439557,18.029989636346706,0.0,0.0,0.0,0.0,0.0,0.0,2103.7648845158255,1719.488024714997,2489.931769729409,105188.24422579129,85976.46998574986,124498.57870986054,,,
uplift,0.05,139796.0,0.05000003576642806,2236.9719439986548,1821.7141608955205,2227.1686151231834,1860.2080378702517,2606.362224715194,79.65786604339553,66.53299695735896,93.22026700050553,0.01593156181237792,0.013333742204593354,0.01866737404328095,104368.63075615917,86034.83564351258,123340.2846966049,3732.893123337636,3077.1587594311623,4411.441419119048,14.931561812377916,12.333742204593353,17.66737404328095,-42.056442341427555,-149.67520847394917,79.35335266746773,-2102.8221170713805,-7506.372923697471,3974.1596442786567,2061.708442174398,1679.7969122584022,2427.598827942591,103085.42210871991,84001.57811292012,121358.13787476948,,,
expected_value,0.05,139796.0,0.05000003576642806,2236.9719439986548,1821.7141608955205,2227.1686151231834,1860.2080378702517,2606.362224715194,79.65786604339553,66.53299695735896,93.22026700050553,0.01593156181237792,0.013333742204593354,0.01866737404328095,104368.63075615917,86034.83564351258,123340.2846966049,3732.893123337636,3077.1587594311623,4411.441419119048,14.931561812377916,12.333742204593353,17.66737404328095,-42.056442341427555,-149.67520847394917,79.35335266746773,-2102.8221170713805,-7506.372923697471,3974.1596442786567,2061.708442174398,1679.7969122584022,2427.598827942591,103085.42210871991,84001.57811292012,121358.13787476948,,,
treat_all,0.05,2795918.0,1.0,2810.037978447825,3217.6354680938102,2808.3909401138117,2357.162624547027,3235.694225383136,100.44611251523871,84.30728742928179,115.72922472630228,0.001004461125152387,0.0008426070662130064,0.001156824728806991,623.6470056905819,-22014.984039588315,21932.26300345949,22.305625761935147,-787.3973428258024,784.4387068383082,0.004461125152387029,-0.15739293378699365,0.15682472880699083,,,,,,,,,,,,,,,
random,0.06,167755.0,0.05999997138685755,207.67487740932978,234.92302431523964,208.37980806821162,92.62464599447472,315.7293625018986,7.453001413782937,3.3128527372574847,11.29251152937599,0.0012421674946690806,0.0005519377087047057,0.0018697456197845571,2031.2404034105803,-3759.637700276264,7343.334375094927,72.65021375485905,-134.46881132695106,262.64484062461514,0.24216749466908052,-0.4480622912952944,0.8697456197845569,-2159.173339161829,-2563.735450178341,-1770.3027383271985,-107958.66695809146,-128219.11500891707,-88558.73191635993,0.0,0.0,0.0,0.0,0.0,0.0,39.87635166138293,-72.4195847784565,145.56447298711515
response,0.06,167755.0,0.05999997138685755,2358.4801035422815,2053.0780542286893,2367.553147230041,1979.5715412951445,2782.15564163621,84.67891931129743,70.80220311522528,99.50776959968819,0.014113159948913838,0.011816407367125597,0.016564302808576053,109989.90736150205,90610.03331475722,130713.10322542477,3933.9461086305837,3240.7972377858446,4675.140802606685,13.113159948913838,10.816407367125596,15.564302808576048,0.0,0.0,0.0,0.0,0.0,0.0,2159.173339161829,1770.3027383271985,2563.735450178341,107958.66695809146,88558.73191635993,128219.11500891707,,,
uplift,0.06,167755.0,0.05999997138685755,2294.671606754693,1946.3011726473708,2300.042655694281,1918.466948668488,2687.1817616361736,82.26431017269752,68.61671009909762,96.11089315338195,0.013710724900564998,0.011421311614822625,0.016069440359454196,106614.38278471406,87562.3536834244,125997.9618318087,3813.2156517005883,3131.79262351129,4506.49703717379,12.710724900564998,10.421311614822626,15.069440359454195,-67.51049153575968,-172.7576590053257,39.24985612783737,-3375.5245767879824,-8643.452358706414,1957.038245818286,2091.6628476260694,1687.3503005614048,2479.284430354461,104583.14238130348,84431.99502807025,123942.59651772305,,,
expected_value,0.06,167755.0,0.05999997138685755,2294.671606754693,1946.3011726473708,2300.042655694281,1918.466948668488,2687.1817616361736,82.26431017269752,68.61671009909762,96.11089315338195,0.013710724900564998,0.011421311614822625,0.016069440359454196,106614.38278471406,87562.3536834244,125997.9618318087,3813.2156517005883,3131.79262351129,4506.49703717379,12.710724900564998,10.421311614822626,15.069440359454195,-67.51049153575968,-172.7576590053257,39.24985612783737,-3375.5245767879824,-8643.452358706414,1957.038245818286,2091.6628476260694,1687.3503005614048,2479.284430354461,104583.14238130348,84431.99502807025,123942.59651772305,,,
treat_all,0.06,2795918.0,1.0,2810.037978447825,3217.6354680938102,2808.3909401138117,2379.207308671473,3249.2358637865373,100.44611251523871,85.09574703805595,116.21356076203013,0.001004461125152387,0.0008508545731966616,0.0011624348421721152,623.6470056905819,-20852.43956642635,22695.842067298006,22.305625761935147,-745.8172795635046,811.7492024908458,0.004461125152387029,-0.14914542680333848,0.16243484217211512,,,,,,,,,,,,,,,
random,0.07,195714.0,0.06999990700728705,240.35599938912557,270.1046833223733,242.2622017092531,119.05831378750804,342.23174978851534,8.664853608340914,4.258290614657083,12.240407257598948,0.0012378378741901607,0.0006080742252047831,0.001747599651503652,2327.410085462654,-3836.8555606246005,7326.972368978292,83.24314538061037,-137.23061837380783,262.0596301099779,0.23783787419016053,-0.39192577479521695,0.7475996515036518,-2223.475907664849,-2624.294638364071,-1828.4547452361087,-111173.79538324244,-131150.75191820358,-91387.87851180544,0.0,0.0,0.0,0.0,0.0,0.0,45.67483590128626,-64.8456274215388,143.00296018745857
response,0.07,195714.0,0.06999990700728705,2465.18101056414,2202.2572160701448,2465.738109374102,2060.6704789825367,2871.9753913888844,88.19064469609273,73.70282243551266,102.72030121730623,0.012598680264948352,0.010534845568075248,0.014675851851489858,113501.2054687051,93225.60394912683,133810.49581944422,4059.5326997682014,3334.346856707773,4785.923471984665,11.598680264948351,9.534845568075248,13.675851851489854,0.0,0.0,0.0,0.0,0.0,0.0,2223.475907664849,1828.4547452361087,2624.294638364071,111173.79538324244,91387.87851180544,131150.75191820358,,,
uplift,0.07,195714.0,0.06999990700728705,2323.8085300481453,2038.6596314887265,2339.9017352525034,1967.0624514401613,2753.049003883211,83.68992707413105,70.35479765286969,98.46672913451721,0.011955719750516076,0.010059560745323005,0.014059947045518374,107209.38676262517,88589.08757200807,127833.30269416053,3834.4968186701176,3168.515227270902,4572.140624086992,10.955719750516076,9.059560745323006,13.059947045518374,-125.83637412159851,-225.39672109304792,-16.038492524150197,-6291.818706079925,-11269.496054652382,-809.5608762075028,2097.6395335432503,1731.2129984947946,2503.5272168942097,104881.97667716251,86565.92502424803,125110.10459471049,,,
expected_value,0.07,195714.0,0.06999990700728705,2323.8085300481453,2038.6596314887265,2339.9017352525034,1967.0624514401613,2753.049003883211,83.68992707413105,70.35479765286969,98.46672913451721,0.011955719750516076,0.010059560745323005,0.014059947045518374,107209.38676262517,88589.08757200807,127833.30269416053,3834.4968186701176,3168.515227270902,4572.140624086992,10.955719750516076,9.059560745323006,13.059947045518374,-125.83637412159851,-225.39672109304792,-16.038492524150197,-6291.818706079925,-11269.496054652382,-809.5608762075028,2097.6395335432503,1731.2129984947946,2503.5272168942097,104881.97667716251,86565.92502424803,125110.10459471049,,,
treat_all,0.07,2795918.0,1.0,2810.037978447825,3217.6354680938102,2808.3909401138117,2346.784910450453,3271.308155922347,100.44611251523871,83.93611366465159,117.0030078107565,0.001004461125152387,0.0008398725822209571,0.0011702981386129672,623.6470056905819,-22371.0339699714,23821.57299592699,22.305625761935147,-800.1319770455142,852.0125767610848,0.004461125152387029,-0.1601274177790431,0.17029813861296714,,,,,,,,,,,,,,,
random,0.08,223673.0,0.07999984262771655,283.1324744655117,315.4741476698294,285.27976586684764,165.1666340811665,403.3550972365173,10.203438221966726,5.907420535264857,14.42657106669499,0.0012754322867169826,0.0007388108189377883,0.0017994105372317723,3080.33829334238,-2919.5407959416743,8972.38425185741,110.17269795975348,-104.42154583724108,320.9101358429471,0.2754322867169824,-0.26118918106221173,0.7994105372317724,-2202.593527047154,-2617.5972352031863,-1797.1411625187093,-110129.6763523577,-130935.66176015932,-89842.16312593546,0.0,0.0,0.0,0.0,0.0,0.0,60.60849065774269,-48.238193543078154,181.64184196210132
response,0.08,223673.0,0.07999984262771655,2494.211257153018,2270.853422657745,2487.873292914002,2073.7213670973842,2911.699187296938,88.9823411456989,74.16960608635102,104.14107950579873,0.011122814523496363,0.009253922693880907,0.013012437081243694,113210.01464570008,92481.35085486919,134398.04061484686,4049.1178441463617,3307.7275819558795,4806.9378506396415,10.12281452349636,8.253922693880906,12.01243708124369,0.0,0.0,0.0,0.0,0.0,0.0,2202.593527047154,1797.1411625187093,2617.5972352031863,110129.6763523577,89842.16312593546,130935.66176015932,,,
uplift,0.08,223673.0,0.07999984262771655,2377.868533102459,2145.5059357554264,2392.051174961377,1975.6904341379504,2801.325883002467,85.55512625768628,70.66338977530637,100.19342065834789,0.010694411819760887,0.008837774612420963,0.012536448322807398,108418.90874806885,87577.90170689752,128893.56915012335,3877.757099745731,3132.3487207742687,4610.062568005333,9.694411819760887,7.837774612420962,11.536448322807395,-95.82211795262492,-195.85559559006603,1.4726358238439963,-4791.105897631234,-9785.646628207396,65.74102789021548,2106.771409094529,1707.7644964353474,2499.51788389331,105338.57045472646,85401.20982176738,125014.8716946655,,,
expected_value,0.08,223673.0,0.07999984262771655,2377.868533102459,2145.5059357554264,2392.051174961377,1975.6904341379504,2801.325883002467,85.55512625768628,70.66338977530637,100.19342065834789,0.010694411819760887,0.008837774612420963,0.012536448322807398,108418.90874806885,87577.90170689752,128893.56915012335,3877.757099745731,3132.3487207742687,4610.062568005333,9.694411819760887,7.837774612420962,11.536448322807395,-95.82211795262492,-195.85559559006603,1.4726358238439963,-4791.105897631234,-9785.646628207396,65.74102789021548,2106.771409094529,1707.7644964353474,2499.51788389331,105338.57045472646,85401.20982176738,125014.8716946655,,,
treat_all,0.08,2795918.0,1.0,2810.037978447825,3217.6354680938102,2808.3909401138117,2356.1328574743243,3257.7163211382494,100.44611251523871,84.2704563393606,116.51687642978978,0.001004461125152387,0.0008428612485637514,0.0011641254429474582,623.6470056905819,-21963.26962628379,22960.715238468427,22.305625761935147,-785.5477029828409,821.2227697117165,0.004461125152387029,-0.1571387514362487,0.16412544294745812,,,,,,,,,,,,,,,
random,0.09,251633.0,0.09000013591242662,310.1940457846256,342.64739556380243,310.32824937993144,190.0893538146377,434.65907575182274,11.099333005471957,6.798817197594411,15.5462025621575,0.001233257360441323,0.0007540368379326091,0.001724630672446949,2934.7624689965705,-3100.121010640215,9131.440037591137,104.96597071146473,-110.88025509475654,326.59899316042663,0.23325736044132292,-0.24596316206739102,0.7246306724469489,-2183.188822026241,-2546.8349148920597,-1787.115319247656,-109159.44110131206,-127323.46351332353,-89314.60221238282,0.0,0.0,0.0,0.0,0.0,0.0,57.573064769688386,-63.08839692971213,174.81426198771794
response,0.09,251633.0,0.09000013591242662,2493.679325849224,2316.7046373063768,2493.5170714061724,2083.115831248311,2875.4936793632323,89.18419894310821,74.50561251253832,102.84613781102422,0.009909340473650802,0.008267751403641001,0.01143012863783786,112094.20357030863,91548.18031241556,131196.1127181616,4009.2092675932777,3274.351404884391,4692.416326879458,8.909340473650804,7.267751403641,10.430128637837859,0.0,0.0,0.0,0.0,0.0,0.0,2183.188822026241,1787.115319247656,2546.8349148920597,109159.44110131206,89314.60221238282,127323.46351332353,,,
uplift,0.09,251633.0,0.09000013591242662,2412.6350358920927,2206.4276287795565,2408.7585794632796,2002.4805046537629,2786.5268907548984,86.15269043882115,71.62157490504953,99.66411356681056,0.009572506704062185,0.007952970651250547,0.011078125502281447,107856.27897316398,87523.02648268815,126749.6357877449,3857.633842378925,3130.3860300154774,4533.381729641031,8.572506704062183,6.9529706512505465,10.078125502281447,-84.75849194289276,-180.3903026405373,9.186010640986044,-4237.924597144651,-9008.689520509792,451.50075967984924,2098.430330083348,1695.5934751633233,2447.965026604339,104921.5165041674,84796.34554269498,122398.96116827619,,,
expected_value,0.09,251633.0,0.09000013591242662,2412.6350358920927,2206.4276287795565,2408.7585794632796,2002.4805046537629,2786.5268907548984,86.15269043882115,71.62157490504953,99.66411356681056,0.009572506704062185,0.007952970651250547,0.011078125502281447,107856.27897316398,87523.02648268815,126749.6357877449,3857.633842378925,3130.3860300154774,4533.381729641031,8.572506704062183,6.9529706512505465,10.078125502281447,-84.75849194289276,-180.3903026405373,9.186010640986044,-4237.924597144651,-9008.689520509792,451.50075967984924,2098.430330083348,1695.5934751633233,2447.965026604339,104921.5165041674,84796.34554269498,122398.96116827619,,,
treat_all,0.09,2795918.0,1.0,2810.037978447825,3217.6354680938102,2808.3909401138117,2389.517367575153,3218.604391871026,100.44611251523871,85.46450101809685,115.11798242548694,0.001004461125152387,0.000854401873362857,0.001151467682845609,623.6470056905819,-20359.810371242354,21169.543343551282,22.305625761935147,-728.1976928952264,757.1589489946159,0.004461125152387029,-0.14559812663714294,0.15146768284560896,,,,,,,,,,,,,,,
random,0.1,279592.0,0.10000007153285612,344.7200120867915,387.9141810166701,342.9352955145894,202.11217603801896,470.0381360488491,12.26557057519532,7.228830603687911,16.811585176991926,0.0012265561801288643,0.0007248088522921934,0.0016809833486836605,3167.1647757294722,-3836.8436980990523,9511.52509736749,113.27817109548536,-137.23019409364124,340.1932781064212,0.22655618012886436,-0.2751911477078066,0.6809833486836603,-2160.1171966773886,-2556.5711769557006,-1722.227837387066,-108005.85983386943,-127775.39884778502,-86114.1106193533,0.0,0.0,0.0,0.0,0.0,0.0,62.09620150320825,-69.08308140374342,182.85880393797805
response,0.1,279592.0,0.10000007153285612,2506.2917155640753,2364.9853998284857,2503.052492191978,2044.452849197608,2914.990725272502,89.52524688463605,73.12277574655651,104.25880606199831,0.008952518284471581,0.007322856736894836,0.010426016209991708,111173.0246095989,88227.50245988039,131760.2337636251,3976.261986567521,3155.5826193715407,4712.592921667412,7.952518284471579,6.322856736894835,9.426016209991706,0.0,0.0,0.0,0.0,0.0,0.0,2160.1171966773886,1722.227837387066,2556.5711769557006,108005.85983386943,86114.1106193533,127775.39884778502,,,
uplift,0.1,279592.0,0.10000007153285612,2418.7687851060587,2263.1499037366734,2426.878902181067,1999.5839560371508,2829.278810054542,86.80078965767477,71.51797570734016,101.1931970127358,0.00868007275666352,0.0071590376058474495,0.01012170704443899,107364.34510905335,85994.70280185754,127462.75925272712,3840.0391252194577,3075.7233510373885,4558.887608747006,7.68007275666352,6.159037605847451,9.121707044438988,-76.17359001091108,-170.20220968196227,11.885660328056213,-3808.6795005455497,-8507.564314042515,592.7933060792128,2083.9436066664775,1653.2037752303104,2458.940625965729,104197.18033332388,82647.92706987473,122923.98413492893,,,
expected_value,0.1,279592.0,0.10000007153285612,2418.7687851060587,2263.1499037366734,2426.878902181067,1999.5839560371508,2829.278810054542,86.80078965767477,71.51797570734016,101.1931970127358,0.00868007275666352,0.0071590376058474495,0.01012170704443899,107364.34510905335,85994.70280185754,127462.75925272712,3840.0391252194577,3075.7233510373885,4558.887608747006,7.68007275666352,6.159037605847451,9.121707044438988,-76.17359001091108,-170.20220968196227,11.885660328056213,-3808.6795005455497,-8507.564314042515,592.7933060792128,2083.9436066664775,1653.2037752303104,2458.940625965729,104197.18033332388,82647.92706987473,122923.98413492893,,,
treat_all,0.1,2795918.0,1.0,2810.037978447825,3217.6354680938102,2808.3909401138117,2341.7585963971237,3238.1879706358154,100.44611251523871,83.75634036467177,115.81841708647448,0.001004461125152387,0.000837387540503322,0.001158006438613137,623.6470056905819,-22737.328930143813,22089.383720400605,22.305625761935147,-813.233039386127,790.0583536570315,0.004461125152387029,-0.16261245949667805,0.1580064386131371,,,,,,,,,,,,,,,
random,0.11,307551.0,0.11000000715328562,297.9484116935685,351.67241079968056,297.14444696668835,147.84887821071126,447.0094964910116,10.627795484942274,5.288026265817211,15.987932996998179,0.000966163163074379,0.0004793458526931754,0.001454060099636372,-520.3276516655842,-8001.406435302927,6977.173732728119,-18.61026151931438,-286.1817276223025,249.5485823521333,-0.03383683692562106,-0.5206541473068246,0.4540600996363718,-2275.560759245481,-2667.8329518680252,-1845.9372509812563,-113778.03796227407,-133395.53662648826,-92340.07254906282,0.0,0.0,0.0,0.0,0.0,0.0,-11.77855644583093,-156.90345499585564,128.16169576141021
response,0.11,307551.0,0.11000000715328562,2567.056414431164,2474.8059022182765,2572.7052062121697,2136.688457469535,2981.668070932554,92.01647566960726,76.42171399409908,106.64361654857383,0.008365133607798933,0.006946253690440043,0.009709671855934108,113257.71031060848,91487.26099618027,133699.95780917225,4050.8237477139346,3272.1725385429854,4781.969922192719,7.365133607798932,5.9462536904400425,8.70967185593411,0.0,0.0,0.0,0.0,0.0,0.0,2275.560759245481,1845.9372509812563,2667.8329518680252,113778.03796227407,92340.07254906282,133395.53662648826,,,
uplift,0.11,307551.0,0.11000000715328562,2460.7462338841938,2341.86661590697,2470.331546912266,2042.4975004722476,2865.990988822567,88.35493554933535,73.05283990704476,102.5062605134545,0.008032266345784165,0.006646456999203859,0.009310605337415763,108139.02734561329,86764.05002361236,127923.9664772267,3867.746741700339,3103.240153095061,4575.383343761394,7.032266345784164,5.64645699920386,8.310605337415764,-102.37365929990392,-204.36902254920932,0.08593866168192132,-5118.682964995198,-10224.396127460475,-11.711202076742191,2173.1870999455773,1737.4392160762916,2559.239294739195,108659.35499727888,86876.64580381458,127992.84048184412,,,
expected_value,0.11,307551.0,0.11000000715328562,2460.7462338841938,2341.86661590697,2470.331546912266,2042.4975004722476,2865.990988822567,88.35493554933535,73.05283990704476,102.5062605134545,0.008032266345784165,0.006646456999203859,0.009310605337415763,108139.02734561329,86764.05002361236,127923.9664772267,3867.746741700339,3103.240153095061,4575.383343761394,7.032266345784164,5.64645699920386,8.310605337415764,-102.37365929990392,-204.36902254920932,0.08593866168192132,-5118.682964995198,-10224.396127460475,-11.711202076742191,2173.1870999455773,1737.4392160762916,2559.239294739195,108659.35499727888,86876.64580381458,127992.84048184412,,,
treat_all,0.11,2795918.0,1.0,2810.037978447825,3217.6354680938102,2808.3909401138117,2341.413049440523,3241.325205608465,100.44611251523871,83.74398138430823,115.93062477542134,0.001004461125152387,0.0008382853841299177,0.0011605404538982593,623.6470056905819,-22583.99136520458,22419.03653042325,22.305625761935147,-807.748702401307,801.8488571704625,0.004461125152387029,-0.16171461587008237,0.16054045389825944,,,,,,,,,,,,,,,
random,0.12,335510.0,0.1199999427737151,326.0781935005506,381.8323558019969,325.940848949431,175.42978036742238,479.3896163477462,11.657739924755695,6.274496618549699,17.146054224327973,0.0009714787903473249,0.0005235136783396246,0.001428180902398994,-478.45755252845083,-7996.532159609354,7191.882309068104,-17.112717630790705,-286.00739219137876,257.2279412009975,-0.028521209652675083,-0.47648632166037524,0.4281809023989942,-2304.6200229078495,-2736.0360093667396,-1904.039839331481,-115231.00114539245,-136738.32296833696,-95187.03446657406,0.0,0.0,0.0,0.0,0.0,0.0,-11.066063864226408,-147.60210217763225,131.37491115996065
response,0.12,335510.0,0.1199999427737151,2624.146838820593,2566.8060968714726,2630.5608718572803,2205.891286001422,3085.977532647457,94.08576617258733,78.896851982119,110.37439340665416,0.007840484253397157,0.006577378367799582,0.009197379324110355,114752.543592864,93540.28021537099,137533.81900003896,4104.288594760791,3345.601702745609,4919.093442656006,6.840484253397157,5.5773783677995805,8.197379324110356,0.0,0.0,0.0,0.0,0.0,0.0,2304.6200229078495,1904.039839331481,2736.0360093667396,115231.00114539245,95187.03446657406,136738.32296833696,,,
uplift,0.12,335510.0,0.1199999427737151,2501.53199538228,2414.7427876870875,2510.746648030035,2080.0639001994073,2940.2535462129667,89.8004393558765,74.39645584024306,105.16236692967986,0.007483373515036914,0.006192306469513053,0.008746445094066479,108761.83240150174,87169.45270200995,130196.64231064834,3890.0222539252486,3117.739958826044,4656.668840454131,6.483373515036913,5.192306469513054,7.746445094066479,-119.81422382724531,-216.57922692820765,-23.344972419084876,-5990.711191362265,-10823.850096410373,-1164.2924240162947,2184.805799080604,1779.8111273612926,2599.0894273951503,109240.28995403019,89013.27011806463,129930.64136975749,,,
expected_value,0.12,335510.0,0.1199999427737151,2501.53199538228,2414.7427876870875,2510.746648030035,2080.0639001994073,2940.2535462129667,89.8004393558765,74.39645584024306,105.16236692967986,0.007483373515036914,0.006192306469513053,0.008746445094066479,108761.83240150174,87169.45270200995,130196.64231064834,3890.0222539252486,3117.739958826044,4656.668840454131,6.483373515036913,5.192306469513054,7.746445094066479,-119.81422382724531,-216.57922692820765,-23.344972419084876,-5990.711191362265,-10823.850096410373,-1164.2924240162947,2184.805799080604,1779.8111273612926,2599.0894273951503,109240.28995403019,89013.27011806463,129930.64136975749,,,
treat_all,0.12,2795918.0,1.0,2810.037978447825,3217.6354680938102,2808.3909401138117,2363.3028018330283,3263.1615333053787,100.44611251523871,84.5268996384382,116.71163221901998,0.001004461125152387,0.0008457705888609471,0.0011683007093393695,623.6470056905819,-21547.852408348594,23503.91166526892,22.305625761935147,-770.6897129439631,840.650965631643,0.004461125152387029,-0.15422941113905284,0.1683007093393695,,,,,,,,,,,,,,,
random,0.13,363469.0,0.12999987839414462,387.920819176171,457.0533401238524,388.57518409159906,237.66927556805084,546.9269338913755,13.89794636651,8.500581045940933,19.561622833408396,0.0010690737974671817,0.0006530275945990133,0.0015045133103412556,1255.309204579953,-6314.024971597457,9170.139194568772,44.89792635477696,-225.8301198961292,327.98312377433,0.06907379746718169,-0.34697240540098667,0.5045133103412555,-2238.6759658058695,-2641.47921315029,-1862.1453954658095,-111933.79829029349,-132119.3331575145,-93077.1666731042,0.0,0.0,0.0,0.0,0.0,0.0,23.48436187680352,-126.38314945907459,173.68182060899207
response,0.13,363469.0,0.12999987839414462,2616.806544831863,2587.712533201222,2627.2511498974686,2232.142353106221,3035.172744304271,93.96738924022337,79.83575888513974,108.55728759943142,0.007228267472322175,0.006141012092999695,0.00833031134062966,113189.10749487345,93439.76640531105,133540.98971521354,4048.370070040446,3342.0066827893756,4776.284201296802,6.228267472322175,5.141012092999694,7.33031134062966,0.0,0.0,0.0,0.0,0.0,0.0,2238.6759658058695,1862.1453954658095,2641.47921315029,111933.79829029349,93077.1666731042,132119.3331575145,,,
uplift,0.13,363469.0,0.12999987839414462,2510.570979702619,2446.8460776790894,2513.0700908373915,2102.584618805034,2918.006711955887,89.88354060589015,75.20194150204097,104.36667713273019,0.006914124975822949,0.005772475757321226,0.008018748098757559,107480.05454186958,86916.13536878304,127737.26161582777,3844.1776383237843,3108.6797026516174,4568.705577768295,5.91412497582295,4.772475757321225,7.018748098757558,-114.18105906007713,-213.4435958023237,-20.003972843015525,-5709.052953003862,-10671.604790116173,-1018.2386421507778,2124.4949067457924,1752.513861898126,2512.3174203955596,106224.74533728963,87607.4080949063,125630.114769778,,,
expected_value,0.13,363469.0,0.12999987839414462,2510.570979702619,2446.8460776790894,2513.0700908373915,2102.584618805034,2918.006711955887,89.88354060589015,75.20194150204097,104.36667713273019,0.006914124975822949,0.005772475757321226,0.008018748098757559,107480.05454186958,86916.13536878304,127737.26161582777,3844.1776383237843,3108.6797026516174,4568.705577768295,5.91412497582295,4.772475757321225,7.018748098757558,-114.18105906007713,-213.4435958023237,-20.003972843015525,-5709.052953003862,-10671.604790116173,-1018.2386421507778,2124.4949067457924,1752.513861898126,2512.3174203955596,106224.74533728963,87607.4080949063,125630.114769778,,,
treat_all,0.13,2795918.0,1.0,2810.037978447825,3217.6354680938102,2808.3909401138117,2365.567717964716,3218.671805239442,100.44611251523871,84.60790759831711,115.12039356087847,0.001004461125152387,0.0008460968610872874,0.001150626979676441,623.6470056905819,-21514.574101764218,21067.5927619721,22.305625761935147,-769.4994667856574,753.5125408532045,0.004461125152387029,-0.15390313891271276,0.15062697967644093,,,,,,,,,,,,,,,
random,0.14,391429.0,0.14000017167885467,456.5180719467902,529.491372803376,457.4975858444505,288.4397744311321,616.4946177894839,16.363054490312322,10.316460440940403,22.049810394635458,0.0011687881731922021,0.0007351211061148112,0.0015748012712824653,3303.429292222525,-5196.313604527758,11268.045005170334,118.15186612134279,-185.85357669744815,403.0177210193695,0.16878817319220216,-0.2648788938851888,0.574801271282465,-2149.3578795507533,-2558.7080080060528,-1758.3951082974704,-107467.89397753766,-127941.99500711828,-87851.92791487352,0.0,0.0,0.0,0.0,0.0,0.0,64.3228542285168,-88.0141140364761,208.4605590906798
response,0.14,391429.0,0.14000017167885467,2600.78683970693,2590.2393894749252,2606.8554653952037,2173.3032501036164,3048.7602711362415,93.23790845780184,77.73129434066436,109.04326490033833,0.006659842437313546,0.005548652346817948,0.007783504858178154,110771.32326976019,89081.0975051808,132859.084894756,3961.894564495818,3186.1126651490067,4751.8949015942535,5.659842437313546,4.548652346817947,6.783504858178153,0.0,0.0,0.0,0.0,0.0,0.0,2149.3578795507533,1758.3951082974704,2558.7080080060528,107467.89397753766,87851.92791487352,127941.99500711828,,,
uplift,0.14,391429.0,0.14000017167885467,2541.411062301493,2509.4404964674445,2546.3435572071407,2114.9100352405544,2967.0682898583486,91.07361364700756,75.64277762225339,106.12143452913669,0.006505250140401301,0.005406746405499933,0.007592981076976737,107745.72786035704,86188.10926202772,128821.92449291742,3853.679823956105,3082.6408092808056,4607.500094527716,5.505250140401301,4.406746405499932,6.592981076976737,-60.51190818806299,-147.90738804631926,38.694508211978906,-3025.5954094031476,-7408.158152315953,1912.7896432734437,2088.8459713626903,1698.4498783405784,2483.000963455926,104442.29856813452,84920.14016702893,124231.02734909345,,,
expected_value,0.14,391429.0,0.14000017167885467,2541.411062301493,2509.4404964674445,2546.3435572071407,2114.9100352405544,2967.0682898583486,91.07361364700756,75.64277762225339,106.12143452913669,0.006505250140401301,0.005406746405499933,0.007592981076976737,107745.72786035704,86188.10926202772,128821.92449291742,3853.679823956105,3082.6408092808056,4607.500094527716,5.505250140401301,4.406746405499932,6.592981076976737,-60.51190818806299,-147.90738804631926,38.694508211978906,-3025.5954094031476,-7408.158152315953,1912.7896432734437,2088.8459713626903,1698.4498783405784,2483.000963455926,104442.29856813452,84920.14016702893,124231.02734909345,,,
treat_all,0.14,2795918.0,1.0,2810.037978447825,3217.6354680938102,2808.3909401138117,2342.0227453826906,3253.7809979066333,100.44611251523871,83.76578803036035,116.37612397454551,0.001004461125152387,0.0008375946467734672,0.0011638791392782602,623.6470056905819,-22704.761765168372,22886.755725701438,22.305625761935147,-812.0682282230155,818.5775021192123,0.004461125152387029,-0.16240535322653282,0.16387913927826034,,,,,,,,,,,,,,,
random,0.15,419388.0,0.15000010729928417,485.42281010831306,559.9352751219088,485.03882540762675,313.4462487734995,653.1538720162374,17.348106253746597,11.210852706463477,23.36098097355636,0.0011565395896106392,0.0007484392775137771,0.0015547003842764616,3282.5412703813345,-5253.607867986558,11650.463563776975,117.40477619090885,-187.90278784952056,416.6954668833984,0.15653958961063905,-0.2515607224862229,0.5547003842764616,-2127.580786741283,-2520.8870227079537,-1719.3527541682543,-106379.03933706414,-126057.10488539767,-85957.5802084127,0.0,0.0,0.0,0.0,0.0,0.0,63.78018439055501,-95.90788477815586,220.30503575813154
response,0.15,419388.0,0.15000010729928417,2599.60552999631,2618.7396647099376,2612.6196121489097,2203.7990053216313,3042.122654960039,93.44407139797768,78.82201857571043,108.80586107890286,0.0062296003036541574,0.005263792952272964,0.00723677181752688,109661.58060744547,89189.08526608157,131085.02899800194,3922.2030334024635,3189.97500163029,4688.443258994075,5.2296003036541565,4.263792952272963,6.236771817526879,0.0,0.0,0.0,0.0,0.0,0.0,2127.580786741283,1719.3527541682543,2520.8870227079537,106379.03933706414,85957.5802084127,126057.10488539767,,,
uplift,0.15,419388.0,0.15000010729928417,2514.6749468533435,2510.3202888782243,2524.253601382933,2103.223606396429,2938.601299554574,90.28353483124087,75.22479580575786,105.1032719684402,0.006018898016593067,0.005024615625002475,0.007010735510941885,105243.28006914665,84231.24287429315,125939.55395638393,3764.1762050656225,3012.650688406926,4504.407996099454,5.018898016593067,4.0246156250024745,6.010735510941886,-88.36601076597663,-170.77775203597832,-1.3206191021524152,-4418.300538298819,-8526.756351798911,-67.22415166016657,2039.2147759753063,1632.3437662449649,2425.366554872504,101960.73879876532,81671.80456224823,121286.94524362519,,,
expected_value,0.15,419388.0,0.15000010729928417,2514.6749468533435,2510.3202888782243,2524.253601382933,2103.223606396429,2938.601299554574,90.28353483124087,75.22479580575786,105.1032719684402,0.006018898016593067,0.005024615625002475,0.007010735510941885,105243.28006914665,84231.24287429315,125939.55395638393,3764.1762050656225,3012.650688406926,4504.407996099454,5.018898016593067,4.0246156250024745,6.010735510941886,-88.36601076597663,-170.77775203597832,-1.3206191021524152,-4418.300538298819,-8526.756351798911,-67.22415166016657,2039.2147759753063,1632.3437662449649,2425.366554872504,101960.73879876532,81671.80456224823,121286.94524362519,,,
treat_all,0.15,2795918.0,1.0,2810.037978447825,3217.6354680938102,2808.3909401138117,2345.5118421378966,3248.1100447219605,100.44611251523871,83.89058055843901,116.17329423545185,0.001004461125152387,0.0008399172407165031,0.0011616253621522627,623.6470056905819,-22351.98289310517,22596.655986098005,22.305625761935147,-799.4505880753717,808.2016706533598,0.004461125152387029,-0.1600827592834969,0.16162536215226272,,,,,,,,,,,,,,,
random,0.16,447347.0,0.16000004291971368,509.56155100804256,586.653112411312,508.7350230526839,333.4033095460068,686.3469135772636,18.195634602040688,11.924645484810599,24.548177506538586,0.0011372268575684736,0.0007456022109052175,0.0015351783543806614,3069.401152634193,-5671.194671089607,11956.374289967218,109.78151550346587,-202.83837620021788,427.63680086351667,0.13722685756847336,-0.25439778909478256,0.5351783543806612,-2118.6048141410492,-2491.434358876069,-1706.9215181780585,-105930.24070705248,-124530.76044380345,-85299.6521589029,0.0,0.0,0.0,0.0,0.0,0.0,59.39247263447402,-98.32290387256654,220.08124665948648
response,0.16,447347.0,0.16000004291971368,2618.2128177605955,2653.8845082020603,2627.3398371937333,2191.6875684332786,3018.1376043519613,93.9705612680248,78.38883573957744,107.94800149188787,0.005873158503787291,0.004902611528151217,0.006745212831716485,108999.64185968667,87232.12717166393,128508.86146759808,3898.5278488026715,3119.9816007359273,4596.3029483553555,4.87315850378729,3.902611528151216,5.745212831716484,0.0,0.0,0.0,0.0,0.0,0.0,2118.6048141410492,1706.9215181780585,2491.434358876069,105930.24070705248,85299.6521589029,124530.76044380345,,,
uplift,0.16,447347.0,0.16000004291971368,2554.147752008176,2568.817358197069,2558.384892708953,2109.719739713355,2954.215605239655,91.50428920694215,75.45713929068575,105.66173990938414,0.005719016541317932,0.004715279590105954,0.00661675627345579,105551.89463544765,83114.88823566775,125387.03526198273,3775.2142457485393,2972.7226705385406,4484.646375966059,4.719016541317933,3.715279590105953,5.616756273455787,-68.9549444847803,-154.15547392520153,12.693102331188168,-3447.7472242390213,-7733.942450282748,625.8213665594109,2049.649869656269,1657.0729938754557,2426.0916507301076,102482.49348281346,82895.39854047776,121298.73628650536,,,
expected_value,0.16,447347.0,0.16000004291971368,2554.147752008176,2568.817358197069,2558.384892708953,2109.719739713355,2954.215605239655,91.50428920694215,75.45713929068575,105.66173990938414,0.005719016541317932,0.004715279590105954,0.00661675627345579,105551.89463544765,83114.88823566775,125387.03526198273,3775.2142457485393,2972.7226705385406,4484.646375966059,4.719016541317933,3.715279590105953,5.616756273455787,-68.9549444847803,-154.15547392520153,12.693102331188168,-3447.7472242390213,-7733.942450282748,625.8213665594109,2049.649869656269,1657.0729938754557,2426.0916507301076,102482.49348281346,82895.39854047776,121298.73628650536,,,
treat_all,0.16,2795918.0,1.0,2810.037978447825,3217.6354680938102,2808.3909401138117,2348.576543451061,3215.4376023783193,100.44611251523871,84.00019397747218,115.00471767692468,0.001004461125152387,0.0008394787229954274,0.0011504465172564385,623.6470056905819,-22454.199077446978,21024.510118915954,22.305625761935147,-803.1064958788842,751.9716285998356,0.004461125152387029,-0.16052127700457272,0.15044651725643837,,,,,,,,,,,,,,,
random,0.17,475306.0,0.16999997854014318,581.0978229486931,658.0421355812151,579.0731089558601,415.75158526312913,751.4037196124009,20.711376691156897,14.869949163857065,26.87502707920622,0.0012183164297439127,0.0008757968621170339,0.0015819097762173975,5188.355447793001,-2948.041986843544,13820.289730620043,185.5689418571289,-105.44093163116885,494.3023983757765,0.21831642974391238,-0.1242031378829663,0.5819097762173977,-2054.788819862484,-2437.246442150338,-1681.4071232538984,-102739.4409931242,-121907.54710751692,-84096.33116269491,0.0,0.0,0.0,0.0,0.0,0.0,101.64664913651211,-59.503911409960395,266.24847430262014
response,0.17,475306.0,0.16999997854014318,2622.1983870045196,2678.1571479602294,2633.861928818344,2229.5553732515036,3067.8177295508003,94.20383318889697,79.74323185628133,109.72488211567008,0.005541402651803983,0.004686885871192449,0.006459010327860041,107927.7964409172,87687.57684440687,129650.65397754,3860.1917667441317,3136.2714086896276,4637.140788018103,4.541402651803982,3.686885871192448,5.45901032786004,0.0,0.0,0.0,0.0,0.0,0.0,2054.788819862484,1681.4071232538984,2437.246442150338,102739.4409931242,84096.33116269491,121907.54710751692,,,
uplift,0.17,475306.0,0.16999997854014318,2585.130597455537,2615.6764583364293,2583.4084363265047,2181.7153105885423,3010.4398448497127,92.39929197946809,78.0321636968088,107.67268013045135,0.005435253155496679,0.004594533235626482,0.0063382121504747275,105405.12181632523,85343.25302942713,126790.89599248565,3769.964706272689,3052.4233196190703,4534.857459785503,4.435253155496679,3.5945332356264825,5.338212150474726,-50.45349249183937,-127.72991071643995,38.52844617521298,-2522.674624591964,-6397.514952130479,1928.3580511679281,2004.3353273706446,1625.6507612394819,2377.9156799574107,100216.76636853223,81225.3743119741,118907.64774787055,,,
expected_value,0.17,468006.0,0.16738902929198926,2587.8283706095613,2613.7826298145233,2586.987168427899,2181.5403079416365,3017.8711602034737,92.52729044370754,78.02590447722845,107.9384717364198,0.005527679492202876,0.004666096638402947,0.006436889176369796,105949.05842139496,85700.5141470818,127441.10801017369,3789.4193757254316,3065.2012736811957,4558.113221137876,4.527679492202876,3.666096638402946,5.436889176369796,-46.87476039044486,-127.38104702552651,41.388104129442944,-1978.7380195222358,-6018.588757155222,2482.08988695613,2007.914059472039,1629.7440017702693,2387.400297364244,100760.70297360196,81865.40883851347,119779.9979475096,,,
treat_all,0.17,2795918.0,1.0,2810.037978447825,3217.6354680938102,2808.3909401138117,2371.501871077553,3244.1078400812985,100.44611251523871,84.82015105870605,116.03014967110259,0.001004461125152387,0.0008485339368969894,0.0011596416080173614,623.6470056905819,-21163.743943121186,22329.942004064913,22.305625761935147,-756.9515251563596,798.6622642032032,0.004461125152387029,-0.15146606310301072,0.15964160801736138,,,,,,,,,,,,,,,
random,0.18,503265.0,0.17999991416057268,609.261015266658,690.5018825569504,608.6911193484726,426.8323719277582,777.8692231293295,21.770707129052877,15.266269322911407,27.821603606734158,0.0012094843061776054,0.0008480475364747913,0.001547528489711678,5271.305967423632,-3828.461452835819,13765.813810789947,188.53578564978056,-136.9303911214785,492.3539893083398,0.20948430617760552,-0.15195246352520872,0.5475284897116779,-2045.8980966869585,-2434.8978430775373,-1647.9756187073822,-102294.90483434792,-121747.34079686555,-82376.04507478875,0.0,0.0,0.0,0.0,0.0,0.0,103.18075012798653,-56.59794002017555,258.447904869378
response,0.18,503265.0,0.17999991416057268,2645.0045475155025,2716.1634732348025,2654.589216035431,2248.552934868214,3108.0403116004336,94.94517421596167,80.42270677710196,111.16350020281115,0.005274734416332212,0.004463142797998656,0.00618188353073515,107566.21080177155,87237.4054934107,130294.99433002167,3847.25913999522,3120.1703874509444,4660.186540879299,4.274734416332212,3.4631427979986555,5.181883530735151,0.0,0.0,0.0,0.0,0.0,0.0,2045.8980966869585,1647.9756187073822,2434.8978430775373,102294.90483434792,82376.04507478875,121747.34079686555,,,
uplift,0.18,503265.0,0.17999991416057268,2572.66682472131,2631.831550214837,2580.359079649883,2169.1340771692035,3015.2839026704924,92.29022738327387,77.58217791684889,107.84593477600174,0.005127237299732513,0.004302750215379138,0.006002632665727599,103854.70398249415,83243.79635846017,125647.85013352461,3714.5117983608297,2977.3332536383455,4493.974792305233,4.127237299732513,3.3027502153791377,5.002632665727599,-74.23013638554812,-150.98041950722495,-3.609930863453198,-3711.506819277405,-7557.948475361258,-174.00574690099512,1971.6679603014104,1574.7097501151575,2355.8223995680264,98583.39801507052,78716.30750575788,117763.41747840133,,,
expected_value,0.18,468006.0,0.16738902929198926,2587.8283706095613,2613.7826298145233,2586.987168427899,2184.015465266573,3027.1942315215542,92.52729044370754,78.11443201362032,108.27192469598731,0.005527679492202876,0.004670963390932829,0.006453016831197504,105949.05842139496,85822.12826332865,127904.51697133573,3789.4193757254316,3069.550976220642,4574.687704408202,4.527679492202876,3.6709633909328296,5.453016831197502,-67.60204760753186,-147.5712163789082,9.375759389009357,-1617.1523803765886,-5628.25024243713,2238.1587181479067,1978.2960490794267,1579.8265482573747,2359.376607039823,100677.75245397133,80759.27889279187,119681.09235596134,,,
treat_all,0.18,2795918.0,1.0,2810.037978447825,3217.6354680938102,2808.3909401138117,2373.9212367119585,3247.1177928630204,100.44611251523871,84.90668312561236,116.13780493072476,0.001004461125152387,0.0008496139108995206,0.0011610862447137304,623.6470056905819,-21009.83816440207,22528.32147462492,22.305625761935147,-751.4468651942606,805.7575892649542,0.004461125152387029,-0.15038608910047954,0.16108624471373037,,,,,,,,,,,,,,,
random,0.19,531224.0,0.18999984978100215,629.6275135622097,715.7481926691618,628.3213619968728,432.22722134064924,808.6443198282726,22.472810790476434,15.4592238163154,28.922318888761133,0.0011827804504255697,0.0008130502720674107,0.0015200359753724491,4854.868099843643,-4969.235182967539,13829.75146775284,173.6412906188108,-177.73179266943947,494.64081091623,0.18278045042556973,-0.18694972793258932,0.520035975372449,-2046.3388685257614,-2446.8218574771013,-1654.8392294305984,-102316.94342628807,-122326.12287385509,-82701.11745734912,0.0,0.0,0.0,0.0,0.0,0.0,94.72708337524864,-89.19352247579535,256.05858297550446
response,0.19,531224.0,0.18999984978100215,2655.1664685715923,2752.6582345498177,2674.6602305226343,2252.4204720503826,3099.6769722528134,95.66304271164726,80.56103476748541,110.86437342771903,0.0050349009655486845,0.0042350849311451385,0.0058308289242610485,107171.81152613171,86087.82610251912,128381.87004321285,3833.1528866773533,3079.054038870923,4591.760918711237,4.034900965548684,3.235084931145138,4.830828924261049,0.0,0.0,0.0,0.0,0.0,0.0,2046.3388685257614,1654.8392294305984,2446.8218574771013,102316.94342628807,82701.11745734912,122326.12287385509,,,
uplift,0.19,531224.0,0.18999984978100215,2573.5117266636016,2642.533585094113,2572.4220584859186,2153.9390243516727,2997.485786496829,92.00634848682682,77.03870515342985,107.20935973432799,0.004842443222606506,0.004063268990629797,0.005633703385402208,102059.90292429594,81207.04121758364,123352.87307484145,3650.3181754363304,2904.485797422658,4411.891660443599,3.8424432226065064,3.063268990629797,4.6337033854022085,-102.2381720367157,-174.74201236788247,-34.56399566991137,-5111.9086018357775,-8743.447143815518,-1708.5185334955797,1944.1006964890457,1578.5570836484007,2343.2198172769395,97205.03482445229,78943.97043242006,117136.502603154,,,
expected_value,0.19,468006.0,0.16738902929198926,2587.8283706095613,2613.7826298145233,2586.987168427899,2165.826737720221,3018.4473782431564,92.52729044370754,77.46388619838712,107.9590809974812,0.005527679492202876,0.004626875226782611,0.006452868413435486,105949.05842139496,84857.51765696575,127534.78391215781,3789.4193757254316,3035.0503003652384,4561.463673546857,4.527679492202876,3.6268752267826114,5.452868413435485,-87.67306209473509,-169.50570848613097,-2.504887249454808,-1222.753104736752,-5319.110424306555,3031.179875343087,1958.6658064310263,1593.5900880805095,2340.462908952307,101094.19032155132,82851.62690402547,120238.22169761534,,,
treat_all,0.19,2795918.0,1.0,2810.037978447825,3217.6354680938102,2808.3909401138117,2356.8483478008,3256.1076839003263,100.44611251523871,84.29604687264792,116.45934122174994,0.001004461125152387,0.0008431635430132068,0.0011652396193380836,623.6470056905819,-21919.62033246853,23087.6620702184,22.305625761935147,-783.9865236558628,825.7632044365535,0.004461125152387029,-0.15683645698679324,0.16523961933808365,,,,,,,,,,,,,,,
random,0.2,559184.0,0.20000014306571223,642.5312199127441,730.2481490847875,641.2808554841006,449.6523050052052,826.0829792062538,22.936325581941265,16.082456817589257,29.546037444812534,0.0011468154587472113,0.0008035289161988687,0.0014762631546736702,4104.84277420503,-5497.230999739741,13327.215548421127,146.81556376850213,-196.61631706436813,476.6668961114427,0.14681545874721127,-0.1964710838011314,0.47626315467367,-2039.301846170158,-2406.0403723266577,-1684.7855521355586,-101965.0923085079,-120293.13736633287,-84223.67840603724,0.0,0.0,0.0,0.0,0.0,0.0,79.60266746133823,-95.17966007388571,238.92476989855376
response,0.2,559184.0,0.20000014306571223,2665.541074652084,2777.219898953891,2680.5827016542585,2267.018877044408,3075.5181254794575,95.8748683492956,81.08316756944974,110.00029777266204,0.0047937399883656515,0.00405194987587246,0.005496359890663215,106069.93508271292,85368.77064501333,125779.81502397286,3793.7427021362187,3053.335993581118,4498.694705065487,3.793739988365651,3.0519498758724595,4.496359890663216,0.0,0.0,0.0,0.0,0.0,0.0,2039.301846170158,1684.7855521355586,2406.0403723266577,101965.0923085079,84223.67840603724,120293.13736633287,,,
uplift,0.2,559184.0,0.20000014306571223,2608.5003206011665,2698.294113962376,2609.4865557043113,2207.27675519656,2996.0768737566477,93.33201316005373,78.94640526641196,107.15896795816785,0.0046665973198523406,0.003937002460860735,0.005355189239421616,102515.12778521556,82330.61676885666,121811.9661878324,3666.599942674126,2944.67208154376,4356.778925127002,3.6665973198523405,2.9370024608607355,4.355189239421615,-71.09614594994719,-142.32014337116613,-3.2677776904015436,-3554.807297497362,-7112.854293400449,-181.0563845200683,1968.2057002202107,1613.3818745792598,2328.4592529786146,98410.28501101054,80648.93388349435,116450.84264893073,,,
expected_value,0.2,468006.0,0.16738902929198926,2587.8283706095613,2613.7826298145233,2586.987168427899,2188.95688688743,2981.4128578552636,92.52729044370754,78.29116901452151,106.63448848840572,0.005527679492202876,0.004686241999172497,0.006378897283883016,105949.05842139496,86092.69184437148,125689.77039276318,3789.4193757254316,3079.2280690768284,4495.474130241416,4.527679492202876,3.6862419991724966,5.378897283883015,-93.5955332263593,-174.1307148588959,-4.636017541976208,-120.8766613179614,-4145.357196253517,4329.434122901195,1945.7063129437986,1590.107323844751,2304.8205278062114,101844.21564718994,83992.04119223754,119650.60014031055,,,
treat_all,0.2,2795918.0,1.0,2810.037978447825,3217.6354680938102,2808.3909401138117,2401.6696691245875,3238.22341115698,100.44611251523871,85.89914543719048,115.819684667325,0.001004461125152387,0.0008588213720282998,0.001157982679748774,623.6470056905819,-19741.425037860074,22089.415557848977,22.305625761935147,-706.0802583573651,790.0594923688384,0.004461125152387029,-0.14117862797170022,0.1579826797487739,,,,,,,,,,,,,,,
random,0.21,587143.0,0.21000007868614173,662.9227155895693,753.5119059890455,659.7660015009175,453.58260423305694,849.5949521952341,23.597473227073095,16.22302958216432,30.386976735198747,0.0011236887802476014,0.0007730577760644326,0.0014453847152688488,3631.1500750458727,-6670.26633637603,13060.39289404872,129.87326792294598,-238.57160104037496,467.1236028398801,0.12368878024760144,-0.22694222393556737,0.44538471526884876,-2018.9238195432613,-2403.4519055202727,-1637.9555344124321,-100946.19097716306,-120167.61795180917,-81795.59297062161,0.0,0.0,0.0,0.0,0.0,0.0,70.00390407701707,-117.64639005300566,239.18094373835382
response,0.21,587143.0,0.21000007868614173,2663.588760725666,2791.807328703807,2678.6898210441786,2255.613561385528,3114.657358592779,95.80716677113487,80.67524016747015,111.40016833801204,0.004562244327266405,0.0038384349289401517,0.005304504080675055,104577.34105220894,83367.48742078595,126375.04167963895,3740.3579451260357,2981.757241120303,4519.983836422919,3.562244327266405,2.838434928940151,4.304504080675055,0.0,0.0,0.0,0.0,0.0,0.0,2018.9238195432613,1637.9555344124321,2403.4519055202727,100946.19097716306,81795.59297062161,120167.61795180917,,,
uplift,0.21,587143.0,0.21000007868614173,2621.1690628470487,2727.5191487402585,2622.4770225367774,2196.7033758035955,3055.5352123890193,93.79663575744273,78.56823325303516,109.28558034924556,0.004466504791059039,0.003736290887756435,0.005205279250660539,101766.70112683889,80423.73004017977,123436.1638410983,3639.8313944414285,2876.4695545498753,4414.870673642728,3.4665047910590396,2.736290887756435,4.205279250660539,-56.2127985074012,-119.36633424588712,13.478514887006746,-2810.639925370051,-5953.169333461484,686.0594943503402,1962.71102103586,1560.105941656825,2344.1498844584507,98135.55105179301,77955.62841596727,117215.85672292253,,,
expected_value,0.21,468006.0,0.16738902929198926,2587.8283706095613,2613.7826298145233,2586.987168427899,2174.5347748770514,2987.773138732049,92.52729044370754,77.77534158287372,106.86197301680699,0.005527679492202876,0.00464715709461842,0.0063822872615841315,105949.05842139496,85266.93499385257,125947.98443660245,3789.4193757254316,3049.6936960902485,4504.709524263675,4.527679492202876,3.6471570946184197,5.38228726158413,-91.70265261627947,-175.4403133848088,-14.049777166815117,1371.7173691860226,-2840.096919240455,5271.132391659239,1927.2211669269818,1530.517229699086,2301.9315851822053,102317.90834634908,82473.61904880339,121070.83701727394,,,
treat_all,0.21,2795918.0,1.0,2810.037978447825,3217.6354680938102,2808.3909401138117,2383.6125648681914,3262.5470155486432,100.44611251523871,85.2533073168881,116.68965311388399,0.001004461125152387,0.0008521480760627386,0.001166957208696205,623.6470056905819,-20680.77996549591,23338.76435668983,22.305625761935147,-739.6776287965495,834.7442363005579,0.004461125152387029,-0.14785192393726154,0.16695720869620506,,,,,,,,,,,,,,,
random,0.22,615102.0,0.22000001430657123,654.0269542011134,748.419192209385,650.9902349108802,447.3044389760195,852.4120285593,23.283595402686352,15.998482036169143,30.487733494304916,0.001058345176752604,0.0007260564632120048,0.0013857241916268585,1794.4117455440064,-8438.013724169141,11863.686427965,64.17969860146137,-301.79761080865535,424.32168711546626,0.05834517675260384,-0.27394353678799527,0.3857241916268584,-2044.981605842895,-2395.077729210291,-1687.6285067756437,-102249.08029214476,-119769.91670611459,-84436.69783878219,0.0,0.0,0.0,0.0,0.0,0.0,33.14422808584163,-150.23383526344847,219.49797094363961
response,0.22,615102.0,0.22000001430657123,2677.1249203039915,2825.2194013309995,2695.9718407537753,2288.1717491507434,3101.541566009098,96.42528288575613,81.83973024783786,110.93106328615852,0.004382967118874228,0.003719474637373987,0.005039436100686896,104043.49203768876,83640.99745753716,124282.30833833973,3721.2640727549506,2991.539718172606,4445.134239929059,3.3829671188742276,2.7194746373739864,4.039436100686895,0.0,0.0,0.0,0.0,0.0,0.0,2044.981605842895,1687.6285067756437,2395.077729210291,102249.08029214476,84436.69783878219,119769.91670611459,,,
uplift,0.22,615102.0,0.22000001430657123,2623.9654039069737,2749.4192262586457,2629.043231483376,2220.072249049647,3027.42908078188,94.03148559733783,79.40405437676094,108.28032441516098,0.004274158158294683,0.003606239293713898,0.0049280297455874585,100697.0615741688,80222.59912613167,120712.33028909402,3601.574208334035,2869.275820182554,4317.4488768659885,3.2741581582946826,2.606239293713898,3.9280297455874584,-66.92860927039919,-130.1264765111155,-4.763670811776679,-3346.430463519966,-6503.596264837964,-245.8479103246916,1978.0529965724959,1625.312960676926,2320.5142897151554,98902.6498286248,81185.72678384627,115923.17073575778,,,
expected_value,0.22,468006.0,0.16738902929198926,2587.8283706095613,2613.7826298145233,2586.987168427899,2163.4597701107814,3004.6207404614806,92.52729044370754,77.37922822167107,107.46455155199405,0.005527679492202876,0.004627000615477694,0.00641740647372533,105949.05842139496,84815.01850553908,126838.43827307403,3789.4193757254316,3033.5302575232563,4536.557877343828,4.527679492202876,3.6270006154776944,5.417406473725331,-108.98467232587609,-191.18104694591295,-20.63650791273092,1905.566383706202,-2200.1490691617673,6314.373354363446,1935.996933517019,1569.0362093308981,2274.986962516916,104154.64667585096,85774.35972769014,121087.2843211769,,,
treat_all,0.22,2795918.0,1.0,2810.037978447825,3217.6354680938102,2808.3909401138117,2371.7510998508583,3207.2163533927446,100.44611251523871,84.82906508169619,114.71067296654425,0.001004461125152387,0.0008485961212156218,0.0011472075934119833,623.6470056905819,-21174.723120777744,20577.206419637223,22.305625761935147,-757.3442111241369,735.9731730199964,0.004461125152387029,-0.15140387878437822,0.14720759341198333,,,,,,,,,,,,,,,
random,0.23,643061.0,0.2299999499270007,676.1720203897003,777.136373097812,673.2250646945549,472.3731279225592,871.0157908603533,24.07885584250164,16.895099495856435,31.15312362023326,0.0010469070036816957,0.0007350692690394602,0.0013580206539167432,1508.2032347277418,-8512.429950678574,11481.477043017658,53.943042490078106,-304.4592134203712,410.6514226460739,0.04690700368169557,-0.2649307309605397,0.3580206539167429,-2041.6368714672521,-2439.302251594629,-1648.4995352837745,-102081.8435733626,-122005.04644766077,-82427.04617003017,0.0,0.0,0.0,0.0,0.0,0.0,27.295148468378216,-154.18517435796775,213.37398296185077
response,0.23,643061.0,0.2299999499270007,2698.3319122949542,2859.5406426227023,2714.861936161807,2297.1937270154167,3146.468047430153,97.10091412415554,82.16241417006567,112.53792305175449,0.004221779794081443,0.0035751544267313413,0.004895696682678809,103590.04680809034,82731.04510077082,125197.57362150765,3705.045956572773,2958.993972669113,4477.870009832464,3.2217797940814425,2.5751544267313404,3.8956966826788095,0.0,0.0,0.0,0.0,0.0,0.0,2041.6368714672521,1648.4995352837745,2439.302251594629,102081.8435733626,82427.04617003017,122005.04644766077,,,
uplift,0.23,643061.0,0.2299999499270007,2641.9808739152213,2787.466930435987,2652.654877846531,2238.2529163075174,3091.7897088348427,94.87598984829064,80.05431190426606,110.58227418811434,0.004125043934940124,0.003480851271410656,0.0048143993437553025,100479.69389232654,79746.36831537588,122517.62419174214,3593.7997427795285,2852.2427451511767,4382.0177913566185,3.1250439349401233,2.4808512714106556,3.8143993437553023,-62.2070583152763,-123.48704706647939,-0.6244592534077147,-3110.352915763797,-6179.077353323958,-53.52796267036988,1979.4298131519758,1595.733943013731,2372.695161767986,98971.4906575988,79838.99590068655,118598.98683839932,,,
expected_value,0.23,468006.0,0.16738902929198926,2587.8283706095613,2613.7826298145233,2586.987168427899,2184.979065410527,3031.866207427931,92.52729044370754,78.14889654884468,108.43902458612631,0.005527679492202876,0.0046782825447740164,0.006485189641703611,105949.05842139496,85896.21452052634,128229.16912139655,3789.4193757254316,3072.2007770087084,4586.299352176872,4.527679492202876,3.6782825447740173,5.4851896417036095,-127.8747677339079,-208.97594829937364,-39.7822716448591,2359.011613304625,-1740.1160926274833,6770.372667757063,1913.7621037333442,1540.1375997898913,2322.8495329674397,104440.85518666722,85757.23776132963,124864.87652307042,,,
treat_all,0.23,2795918.0,1.0,2810.037978447825,3217.6354680938102,2808.3909401138117,2378.2806291903257,3257.8432755619297,100.44611251523871,85.06260302306167,116.52141713605083,0.001004461125152387,0.0008499308826446536,0.0011656753721432582,623.6470056905819,-20996.20479048372,23151.576278096465,22.305625761935147,-750.9592481068372,828.0491873544383,0.004461125152387029,-0.15006911735534645,0.16567537214325817,,,,,,,,,,,,,,,
random,0.24,671020.0,0.2399998855474302,696.6884793790033,805.3263125643882,694.0820081419619,477.2244475509071,910.3468538737258,24.824834209800212,17.068613870324775,32.55985525590256,0.0010343685853506034,0.000711125582013642,0.001356572620701812,1153.1004070980925,-9692.920122454649,11964.14894368628,41.24228275285944,-346.6811302210812,427.9148724564269,0.03436858535060334,-0.2888744179863581,0.3565726207018116,-2030.3633956434373,-2400.9314229128436,-1655.1998186943833,-101518.16978217187,-120111.0848956422,-82802.20343471915,0.0,0.0,0.0,0.0,0.0,0.0,20.068182514647106,-175.73244184936942,194.63443369147555
response,0.24,671020.0,0.2399998855474302,2708.5424276596355,2882.574245109662,2724.4454037853993,2282.767771767298,3155.7692201660416,97.44368052945042,81.64644927953174,112.87059277725747,0.004060155291623796,0.0034014784192738785,0.004697475142908881,102671.27018926997,80600.1235883649,124181.23409780808,3672.1845987353695,2882.7785217007404,4441.519175376678,3.0601552916237957,2.4014784192738787,3.6974751429088815,0.0,0.0,0.0,0.0,0.0,0.0,2030.3633956434373,1655.1998186943833,2400.9314229128436,101518.16978217187,82802.20343471915,120111.0848956422,,,
uplift,0.24,671020.0,0.2399998855474302,2651.4180144336146,2814.406547010713,2663.8717222455084,2219.9264217468917,3087.4500828625123,95.27717630651216,79.39883865502821,110.42706126798112,0.0039698842392857266,0.003305083263284995,0.004602082309978807,99642.58611227543,77399.5998373446,120768.84164312562,3563.859387588457,2768.307219215463,4319.470086144358,2.969884239285727,2.3050832632849945,3.6020823099788064,-60.57368153989091,-115.61130978030641,2.21964200774589,-3028.684076994541,-5745.8851037087525,108.724838295665,1969.7897141035464,1594.7136064564725,2331.1104310783903,98489.48570517733,79868.62656396722,116535.81405391952,,,
expected_value,0.24,468006.0,0.16738902929198926,2587.8283706095613,2613.7826298145233,2586.987168427899,2156.2638913724804,2990.271393947417,92.52729044370754,77.12185734247144,106.95132668223522,0.005527679492202876,0.004605843161239387,0.0063856626747153976,105949.05842139496,84368.80750766322,126091.28594737084,3789.4193757254316,3017.5708839695308,4509.834907439018,4.527679492202876,3.6058431612393873,5.385662674715398,-137.45823535750014,-223.16458631288586,-55.6741574291984,3277.7882321249926,-1014.2909711424725,7374.722527867787,1892.9051602859372,1519.6329144019853,2272.1973743504,104795.95801429686,86108.69490686219,123764.82621752002,,,
treat_all,0.24,2795918.0,1.0,2810.037978447825,3217.6354680938102,2808.3909401138117,2356.1338668055537,3247.804548779044,100.44611251523871,84.2704924395334,116.16236773678786,0.001004461125152387,0.0008420890283727786,0.001162300446654888,623.6470056905819,-22091.455409722326,22675.96421597022,22.305625761935147,-790.1324505841133,811.0382427514047,0.004461125152387029,-0.1579109716272214,0.16230044665488794,,,,,,,,,,,,,,,
random,0.25,698980.0,0.25000017883214026,776.8126065372312,888.381009106658,774.8472574625665,551.8335636708173,994.2801783948088,27.71351868912345,19.737115454416664,35.56185046896257,0.0011085399545946472,0.0007900440316444978,0.00142060428301143,3793.3628731283243,-7332.550566459132,14719.189788926375,135.6750402954709,-262.25914230886355,526.4528426415359,0.10853995459464717,-0.20995596835550218,0.42060428301142994,-1950.2667603269015,-2320.291528957237,-1539.3807160630397,-97513.33801634508,-116017.28017374987,-76978.03330315197,0.0,0.0,0.0,0.0,0.0,0.0,72.7495224341136,-114.24119810921945,260.33022455353637
response,0.25,698980.0,0.25000017883214026,2707.8094900718684,2895.314349030517,2725.114017789468,2265.2364295221023,3183.654986984038,97.46759446412477,81.019415788378,113.8679670499649,0.003898700989712822,0.0032445927201182763,0.004559129649738725,101306.7008894734,78350.98742164746,124267.58809920191,3623.3788290455373,2802.334954803662,4444.607749554954,2.8987009897128213,2.244592720118276,3.5591296497387246,0.0,0.0,0.0,0.0,0.0,0.0,1950.2667603269015,1539.3807160630397,2320.291528957237,97513.33801634508,76978.03330315197,116017.28017374987,,,
uplift,0.25,698980.0,0.25000017883214026,2651.9115586109383,2825.9673794703845,2661.2516875095994,2204.631646005981,3097.1639036904794,95.18346702262367,78.85179915884447,110.77448994178226,0.003807335957408795,0.0031556099006761346,0.004435229693502973,98113.58437547996,75298.42230029906,119942.71143452397,3509.1724569704816,2693.1556040019436,4289.922359472773,2.8073359574087946,2.1556099006761347,3.4352296935029716,-63.86233027986873,-123.73010864403425,-1.4229544501376543,-3193.1165139934456,-6189.542035613407,-63.01474581147965,1886.4044300470327,1489.4061135308705,2258.2904992047684,94320.22150235163,74456.33858861001,112943.38483826995,,,
expected_value,0.25,468006.0,0.16738902929198926,2587.8283706095613,2613.7826298145233,2586.987168427899,2144.8561743724676,3020.7467630750093,92.52729044370754,76.71384405309696,108.0413217796448,0.005527679492202876,0.004588332902969775,0.006449774387200101,105949.05842139496,83894.86197570045,127640.85409249476,3789.4193757254316,3000.6195451976937,4565.257425020861,4.527679492202876,3.588332902969774,5.449774387200101,-138.12684936156893,-219.87705807818006,-40.39865202335252,4642.35753192156,533.3790417062227,9491.442398832363,1812.1399109653325,1423.2932874095968,2175.42222226526,102155.69554826664,82714.99187047983,120351.316113263,,,
treat_all,0.25,2795918.0,1.0,2810.037978447825,3217.6354680938102,2808.3909401138117,2337.601873800685,3272.3459296450665,100.44611251523871,83.60766924497375,117.04012526994948,0.001004461125152387,0.000836594900269587,0.0011696262753996035,623.6470056905819,-22829.00281585858,23728.76648225331,22.305625761935147,-816.5118868242411,848.6932192665633,0.004461125152387029,-0.16340509973041292,0.1696262753996034,,,,,,,,,,,,,,,
random,0.26,726939.0,0.26000011445256976,789.5031826793984,912.4373997691794,788.9319555853748,573.5974868466656,1027.5688728464404,28.217278031236063,20.515533246921606,36.75246816417506,0.0010852794465359195,0.0007887341903639904,0.0014144767538400633,3099.6477792687365,-7686.9216388379955,15055.15864232202,110.86332929895427,-274.9337297745497,538.4692484658713,0.08527944653591943,-0.21126580963600952,0.4144767538400634,-1923.4844442317249,-2269.068565109835,-1567.1830731842235,-96174.22221158625,-113419.82648279087,-78403.77740921116,0.0,0.0,0.0,0.0,0.0,0.0,58.75031115578372,-128.78346570754726,254.17419531539812
response,0.26,726939.0,0.26000011445256976,2694.029465582368,2892.261057503473,2712.4163998171,2274.838345458086,3145.3372644057786,97.01344602442202,81.3628420239108,112.49747898206522,0.003731284743034972,0.0031294887809395406,0.004330514865894501,99273.86999085499,77389.01477290431,120970.69322028891,3550.6717289582525,2767.9286292696825,4326.689596057141,2.7312847430349723,2.1294887809395395,3.330514865894501,0.0,0.0,0.0,0.0,0.0,0.0,1923.4844442317249,1567.1830731842235,2269.068565109835,96174.22221158625,78403.77740921116,113419.82648279087,,,
uplift,0.26,726939.0,0.26000011445256976,2659.468896454988,2849.131370126792,2671.893298519518,2246.637767270792,3087.5312716210838,95.56407943721946,80.35420807301188,110.4299650998736,0.003675539898835415,0.0030898335177886337,0.004248990308758471,97247.71492597589,75976.5696135396,118088.17608105419,3478.2033995981246,2717.410511092943,4223.592254173914,2.675539898835415,2.089833517788634,3.24899030875847,-40.52310129758189,-100.32524380316389,26.24346811653542,-2026.1550648791017,-5005.339582593027,1304.2058968961594,1882.961342934143,1533.6755203470163,2245.836818499828,94148.06714670715,76606.8385173508,112401.4221749914,,,
expected_value,0.26,468006.0,0.16738902929198926,2587.8283706095613,2613.7826298145233,2586.987168427899,2160.400285566413,3003.5159334662035,92.52729044370754,77.26980138782372,107.42503655208068,0.005527679492202876,0.004614672614533393,0.006414585181309286,105949.05842139496,84590.54052832065,126750.96667331016,3789.4193757254316,3025.5014821007144,4533.429330663853,4.527679492202876,3.614672614533393,5.414585181309285,-125.4292313892006,-218.94149836743284,-24.987627977558457,6675.188430539973,1984.6037637227228,11726.658027999954,1798.0552128425243,1456.5693941739796,2148.932726239175,102849.41064212623,85639.928458699,120412.59643281465,,,
treat_all,0.26,2795918.0,1.0,2810.037978447825,3217.6354680938102,2808.3909401138117,2375.7248439891764,3250.5889601315216,100.44611251523871,84.97119171553587,116.26195618510707,0.001004461125152387,0.000850649072496852,0.00116330678464451,623.6470056905819,-20855.644050541192,22834.15727901664,22.305625761935147,-745.9318925140577,816.6962435599555,0.004461125152387029,-0.149350927503148,0.16330678464450996,,,,,,,,,,,,,,,
random,0.27,754898.0,0.27000005007299926,860.4389030406827,984.3262578905463,858.256837127287,632.4262665269454,1081.731019628838,30.696781419458187,22.61962856303173,38.689654690475116,0.0011369176195026175,0.0008371069425946817,0.001433840981672765,5167.9418563643485,-6153.358216341216,16358.757348807294,184.83882060791296,-220.08364395312077,585.0943178164486,0.13691761950261752,-0.16289305740531837,0.4338409816727648,-1854.6839857809346,-2251.389033997143,-1490.241489510115,-92734.19928904672,-112603.05126649802,-74452.13197550573,0.0,0.0,0.0,0.0,0.0,0.0,99.99128329655775,-95.12808307214786,298.70968205319747
response,0.27,754898.0,0.27000005007299926,2690.1462590437504,2902.972630876421,2712.9408229082214,2276.924065671527,3155.5062584231455,97.032202765182,81.43744078587164,112.86118757499847,0.0035937846211120195,0.0030158435776024045,0.004176968578814694,97902.14114541106,76095.91239438731,119972.33042115727,3501.6098878941034,2721.6789760782444,4290.981724827312,2.5937846211120195,2.0158435776024044,3.176968578814694,0.0,0.0,0.0,0.0,0.0,0.0,1854.6839857809346,1490.241489510115,2251.389033997143,92734.19928904672,74452.13197550573,112603.05126649802,,,
uplift,0.27,754898.0,0.27000005007299926,2669.352022996918,2870.6218999934426,2681.5472945543543,2255.37323593243,3131.565398835228,95.90936839186107,80.66664458444167,112.00490854292678,0.0035521981705533123,0.0029856295767601805,0.0041475463780997,96332.46472771771,74998.18554662148,118816.08244176139,3445.4681692280574,2682.4172077514963,4249.626864656309,2.552198170553312,1.9856295767601804,3.1475463780997,-31.39352835386717,-93.14910080663516,34.9128432300821,-1569.6764176933502,-4637.556331312239,1765.8072109357,1823.2904574270674,1474.8315753825452,2219.1308919218636,91164.52287135337,73808.23220722603,110938.31084609318,,,
expected_value,0.27,468006.0,0.16738902929198926,2587.8283706095613,2613.7826298145233,2586.987168427899,2145.4075722633356,3026.7012747858316,92.52729044370754,76.73356558609142,108.25429339436391,0.005527679492202876,0.004580702748236284,0.006463679593247792,105949.05842139496,83835.00361316677,127927.44248929161,3789.4193757254316,2998.478625380529,4575.507668296839,4.527679492202876,3.580702748236284,5.46367959324779,-125.95365448032226,-218.99424481930728,-16.88834882730711,8046.917275983898,3375.6995269371246,13541.867558634653,1728.7303313006123,1368.972162601028,2128.0732624101856,100781.11656503062,82830.47813005139,120726.28312050928,,,
treat_all,0.27,2795918.0,1.0,2810.037978447825,3217.6354680938102,2808.3909401138117,2376.7824034738246,3247.9300116293216,100.44611251523871,85.00901684075944,116.1668550947961,0.001004461125152387,0.000850081451056325,0.0011624057934848894,623.6470056905819,-20958.526984065844,22700.781617221393,22.305625761935147,-749.6116475542502,811.9258725478142,0.004461125152387029,-0.14991854894367498,0.16240579348488932,,,,,,,,,,,,,,,
random,0.28,782857.0,0.27999998569342877,839.1406285770324,964.7771354109647,836.9101890354951,588.8444155081303,1076.8564978370161,29.93328806622709,21.06086142398061,38.515310457496106,0.0010690460569880516,0.0007523472580921463,0.0013758415719868939,2702.659451774758,-9690.985191775031,14718.689891850812,96.66447484421067,-346.61192466213356,526.4349631087468,0.06904605698805166,-0.24765274190785364,0.37584157198689383,-1886.5516578420975,-2263.075956578178,-1518.8663783553993,-94327.58289210487,-113191.25282890892,-75962.71516881193,0.0,0.0,0.0,0.0,0.0,0.0,50.56072580362775,-145.7448233979876,249.48708486273003
response,0.28,782857.0,0.27999998569342877,2695.358676610713,2923.2380637975302,2723.4618468775925,2274.994699898924,3154.420059742681,97.40850221206748,81.36843426377038,112.82233812803814,0.0034788752567551833,0.002907915082270847,0.004036293838485847,97030.24234387962,74632.45124494619,118663.57173713407,3470.4251821362295,2669.3361981626854,4244.172101511349,2.4788752567551833,1.907915082270847,3.0362938384858476,0.0,0.0,0.0,0.0,0.0,0.0,1886.5516578420975,1518.8663783553993,2263.075956578178,94327.58289210487,75962.71516881193,113191.25282890892,,,
uplift,0.28,782857.0,0.27999998569342877,2673.9448132420985,2888.2168771484494,2688.944875118599,2240.04822226229,3125.9479960679505,96.17395342490728,80.11852358553756,111.80399411098432,0.003434784226389493,0.002864439759989171,0.003993311988994989,95304.39375592995,72901.4286131145,117238.62247449388,3408.6977427782203,2607.4237017364067,4193.206756224391,2.4347842263894925,1.8644397599891709,2.993311988994989,-34.51697175899335,-96.05609852649278,34.32049642565283,-1725.848587949673,-4806.60988525347,1718.8098406845543,1852.0346860831041,1473.6139167402866,2228.189372094013,92601.7343041552,73671.47243722704,111341.06405964158,,,
expected_value,0.28,468006.0,0.16738902929198926,2587.8283706095613,2613.7826298145233,2586.987168427899,2139.6992827303166,3005.7084886261164,92.52729044370754,76.52940045918074,107.5034564184685,0.005527679492202876,0.004576044996928372,0.0064254668015146545,105949.05842139496,83605.60392615132,126921.70818130582,3789.4193757254316,2990.2738179786147,4539.536144525905,4.527679492202876,3.576044996928372,5.425466801514654,-136.47467844969333,-232.69932127986633,-33.69022227876515,8918.816077515337,4093.2724166491425,14055.326504127648,1750.0769793924042,1380.1098456992968,2109.7064742118782,103246.3989696202,84786.35714373828,121194.71746059389,,,
treat_all,0.28,2795918.0,1.0,2810.037978447825,3217.6354680938102,2808.3909401138117,2364.888565730885,3251.273310614917,100.44611251523871,84.58361674880612,116.28643295743713,0.001004461125152387,0.0008462358679109951,0.0011629204813526904,623.6470056905819,-21485.44296345573,22765.611243741238,22.305625761935147,-768.4575500231313,814.2445967206919,0.004461125152387029,-0.15376413208900488,0.16292048135269052,,,,,,,,,,,,,,,
random,0.29,810816.0,0.28999992131385827,909.4111270925114,1037.8886904067554,906.9370445996947,668.1395040863742,1145.8025997988693,32.43789855781517,23.89696350488012,40.981266253118626,0.0011185485296290338,0.000824988878749762,0.001413890444618952,4806.052229984729,-7086.8772956812845,16772.483910055093,171.8953213214668,-253.47228694408363,599.8918391045478,0.11854852962903369,-0.1750111212502379,0.413890444618952,-1823.1976571504265,-2191.7975794648223,-1480.1160202561023,-91159.88285752133,-109597.81212264085,-74047.05237374491,0.0,0.0,0.0,0.0,0.0,0.0,92.50367196668935,-108.2367810107182,299.15297884756353
response,0.29,810816.0,0.28999992131385827,2708.365902836793,2940.650567992149,2730.134701750121,2306.8273375070103,3148.038796556473,97.64716639579991,82.50697400664147,112.59410313737645,0.0033671445824331554,0.0028451544599872383,0.003884421587320332,95965.93508750606,74839.2068753505,116880.60732782364,3432.3587132207044,2676.731108542901,4180.401833237729,2.367144582433155,1.8451544599872383,2.8844215873203325,0.0,0.0,0.0,0.0,0.0,0.0,1823.1976571504265,1480.1160202561023,2191.7975794648223,91159.88285752133,74047.05237374491,109597.81212264085,,,
uplift,0.29,810816.0,0.28999992131385827,2689.2731847367404,2914.9451214520827,2704.797565636595,2280.360955428284,3110.097102327426,96.74094753982753,81.5603660560962,111.23706426037623,0.003335895647886321,0.002812370786849498,0.0038385094642424088,94699.07828182976,73544.9652714142,114995.4201163713,3387.0477704220853,2630.4407093274626,4112.9754204655255,2.335895647886321,1.812370786849498,2.8385094642424087,-25.337136113525958,-79.61844729872533,36.95685750487618,-1266.8568056763033,-4009.6847341888692,1871.5020700694768,1797.8605210369005,1459.435622087321,2160.2942138541252,89893.02605184502,73026.25286646024,107972.79572822475,,,
expected_value,0.29,468006.0,0.16738902929198926,2587.8283706095613,2613.7826298145233,2586.987168427899,2186.1886173293847,2982.488428968224,92.52729044370754,78.19215790053157,106.6729578252375,0.005527679492202876,0.0046754849518680815,0.006372362324410842,105949.05842139496,85930.15836646922,125684.32666293274,3789.4193757254316,3073.414827132599,4495.279427470074,4.527679492202876,3.6754849518680803,5.372362324410843,-143.147533322222,-236.3556502501492,-41.728133176543906,9983.1233338889,5342.779003364208,15008.667729692548,1680.0501238282045,1348.3402525639897,2029.4837760188555,101143.00619141024,84525.90637819949,118679.12880094275,,,
treat_all,0.29,2795918.0,1.0,2810.037978447825,3217.6354680938102,2808.3909401138117,2386.0121385475677,3239.924990905319,100.44611251523871,85.33913149625874,115.88054409697708,0.001004461125152387,0.0008531347688879718,0.001158919913029729,623.6470056905819,-20537.331822621614,22228.447689072593,22.305625761935147,-734.5470011145397,795.0321750878455,0.004461125152387029,-0.14686523111202815,0.15891991302972902,,,,,,,,,,,,,,,
random,0.3,838775.0,0.29999985693428777,894.6573593048189,1025.8178208257914,891.4520803498069,651.8165741086548,1112.4150209427362,31.884056698007843,23.313150604154153,39.787111815966576,0.0010628023967688676,0.0007768559294960176,0.0013261951641990804,2633.8540174903465,-9360.976673781957,13680.64979713681,94.2035502289533,-334.8086987451691,489.3079767409778,0.0628023967688676,-0.2231440705039825,0.32619516419908035,-1858.775301185274,-2201.945599153857,-1507.3149126866692,-92938.76505926371,-110150.78120769287,-75395.40139162466,0.0,0.0,0.0,0.0,0.0,0.0,48.93479831566344,-152.93783586623385,239.872011084124
response,0.3,838775.0,0.29999985693428777,2730.7813941418526,2971.192882201649,2750.227381535081,2326.734725527133,3170.0850004087547,98.36580978179907,83.21899016806404,113.38261710138691,0.003278861889702341,0.002772746973231869,0.0037818822066802782,95572.61907675405,74378.59377635662,116559.26627043773,3418.291204418515,2660.256623275669,4168.908611427007,2.2788618897023407,1.772746973231869,2.7818822066802773,0.0,0.0,0.0,0.0,0.0,0.0,1858.775301185274,1507.3149126866692,2201.945599153857,92938.76505926371,75395.40139162466,110150.78120769287,,,
uplift,0.3,838775.0,0.29999985693428777,2683.272518804446,2917.2982481483646,2697.4349847969843,2276.8411788511053,3108.93459923441,96.47761432191446,81.43447622037218,111.19548567713396,0.003215922011024392,0.00271375049604134,0.0037055146684511282,92932.99923984922,71891.97644255527,113496.62496172049,3323.881431424284,2571.319203301215,4059.368871394672,2.215922011024392,1.71375049604134,2.7055146684511278,-52.79239673809661,-109.9041956287191,7.516186589764479,-2639.619836904836,-5541.639775578178,359.3742937321199,1805.9829044471774,1447.2839862143792,2139.930920423542,90299.14522235887,72401.93056071895,106953.19762020257,,,
expected_value,0.3,468006.0,0.16738902929198926,2587.8283706095613,2613.7826298145233,2586.987168427899,2178.967821972463,2994.2831913189734,92.52729044370754,77.93389584288461,107.09481434430387,0.005527679492202876,0.004659347864873379,0.006396418656558733,105949.05842139496,85565.63609862313,126308.22456594868,3789.4193757254316,3060.3771676645424,4517.594026933146,4.527679492202876,3.6593478648733786,5.396418656558732,-163.24021310718172,-260.8718833807093,-55.220022610568606,10376.439344640909,5564.19708096456,15766.856639860816,1695.5350880780923,1344.10805213259,2043.0422121346132,103315.20440390462,85697.1088566295,120584.64185673065,,,
treat_all,0.3,2795918.0,1.0,2810.037978447825,3217.6354680938102,2808.3909401138117,2389.4210493659634,3244.8903525107326,100.44611251523871,85.46105605979729,116.05813734561359,0.001004461125152387,0.0008546468391867256,0.001161405747778184,623.6470056905819,-20318.91253170184,22547.845125536616,22.305625761935147,-726.7349232596179,806.4558805206955,0.004461125152387029,-0.1453531608132744,0.1614057477781838,,,,,,,,,,,,,,,
random,0.31,866735.0,0.31000015021899785,909.9253304012773,1047.8693780036826,905.9376671230942,655.597489071077,1159.434921566012,32.402154395196646,23.448380427146898,41.468845708851696,0.0010452302804468427,0.0007558384917845422,0.0013370191650970864,1960.1333561547144,-10589.013046446149,14612.7960783006,70.10696866484334,-378.731173319323,522.6475196447321,0.0452302804468428,-0.24416150821545785,0.33701916509708646,-1855.297856409124,-2202.3171086429647,-1476.2134456904491,-92764.89282045621,-110113.50427800544,-73817.36978452247,0.0,0.0,0.0,0.0,0.0,0.0,35.336475687812595,-175.95956069283423,254.33934659940576
response,0.31,866735.0,0.31000015021899785,2746.120512597539,2992.0606021445024,2761.2355235322184,2328.8268090945803,3181.5393609253047,98.75953170057986,83.29381652446818,113.79229866273991,0.003185789801418217,0.0026844465679221586,0.003672848801341467,94725.02617661093,73084.35593334882,115757.61723502347,3387.9758339340046,2613.9663585752096,4140.236488874976,2.1857898014182173,1.6844465679221583,2.6728488013414666,0.0,0.0,0.0,0.0,0.0,0.0,1855.297856409124,1476.2134456904491,2202.3171086429647,92764.89282045621,73817.36978452247,110113.50427800544,,,
uplift,0.31,866735.0,0.31000015021899785,2679.75264285754,2925.308762017554,2696.890801976346,2268.275204813724,3114.595240558182,96.4581508462103,81.12810192622688,111.39794659779659,0.0031115517453158647,0.002617634134520087,0.0035944903752399746,91507.79009881732,70087.0900939294,112405.18952790913,3272.906791215526,2506.7648655622015,4020.332124472503,2.111551745315865,1.6176341345200869,2.5944903752399746,-64.34472155587218,-119.83358213270192,-3.9266891784736506,-3217.236077793612,-5998.060448959047,-195.95253810686202,1790.9531348532519,1416.019958676132,2140.418692883226,89547.6567426626,70823.42135244867,107106.84646856411,,,
expected_value,0.31,468006.0,0.16738902929198926,2587.8283706095613,2613.7826298145233,2586.987168427899,2142.446324350823,2995.370894212728,92.52729044370754,76.6276523256699,107.13371759160063,0.005527679492202876,0.004575942007619459,0.00639016047887152,105949.05842139496,83712.42246754115,126331.1722106364,3789.4193757254316,2994.094335654377,4518.414782215945,4.527679492202876,3.5759420076194584,5.390160478871518,-174.24835510431922,-270.71184922861846,-71.29989668297644,11224.03224478403,6395.799970911467,16352.970730737896,1681.0495013048048,1316.694454291328,2027.327661183823,103988.92506524024,85786.39623673692,121255.07332825864,,,
treat_all,0.31,2795918.0,1.0,2810.037978447825,3217.6354680938102,2808.3909401138117,2370.6216205566375,3238.0937663675086,100.44611251523871,84.78866764177766,115.81504773628942,0.001004461125152387,0.0008480658115828471,0.0011575072062037775,623.6470056905819,-21235.291472168155,22031.611704678875,22.305625761935147,-759.5105247066672,787.9920550130181,0.004461125152387029,-0.15193418841715306,0.15750720620377734,,,,,,,,,,,,,,,
random,0.32,894694.0,0.32000008583942735,949.3946071955256,1089.3844477467353,945.3777370063166,688.6740061658741,1189.5642311458962,33.812784817234146,24.631409296190878,42.54646349234478,0.0010566492420942988,0.000769494113019553,0.0013327317648304774,2534.1868503158257,-10314.789691706295,14864.562807294811,90.63881166457048,-368.92318343049743,531.6523162444253,0.05664924209429874,-0.2305058869804469,0.33273176483047723,-1811.0564884900832,-2156.5187803235863,-1441.7554311813537,-90552.82442450416,-107760.56151617928,-72046.46655906769,0.0,0.0,0.0,0.0,0.0,0.0,46.69263616989679,-174.09881326517663,250.63298401712296
response,0.32,894694.0,0.32000008583942735,2743.7727555427355,2996.956885944737,2756.4342254964,2317.2618656927125,3185.29262889251,98.587806419802,82.88017980830313,113.92653965146724,0.003080868124181452,0.002592658997343279,0.0035590113857501076,93087.01127481999,71190.52352149485,114501.112788584,3329.3898917929637,2546.230737864803,4095.2958129882204,2.0808681241814515,1.592658997343279,2.5590113857501082,0.0,0.0,0.0,0.0,0.0,0.0,1811.0564884900832,1441.7554311813537,2156.5187803235863,90552.82442450416,72046.46655906769,107760.56151617928,,,
uplift,0.32,894694.0,0.32000008583942735,2685.649601211212,2943.9398209248743,2706.432587047613,2256.516577560502,3129.4391919978784,96.7994264154962,80.70753783052658,111.92886171904465,0.0030249812640384456,0.0025225147084430646,0.0034945054463719097,90586.92935238066,68137.35582646888,111695.39084989391,3239.9708915776732,2437.029835154997,3994.945161120387,2.0249812640384457,1.5225147084430648,2.49450544637191,-50.00163844878671,-108.2486391047533,10.901033083876278,-2500.0819224393344,-5380.507497770263,532.0116541938153,1761.0548500412965,1384.2987412159314,2092.891686480941,88052.74250206482,69183.33314342522,104641.68057404707,,,
expected_value,0.32,468006.0,0.16738902929198926,2587.8283706095613,2613.7826298145233,2586.987168427899,2156.7013739416284,2998.815090525449,92.52729044370754,77.13750453130702,107.2569041912334,0.005527679492202876,0.004608282368286383,0.006409578161790295,105949.05842139496,84428.3019614881,126534.15905987012,3789.4193757254316,3019.698788072043,4525.6748967555595,4.527679492202876,3.608282368286382,5.409578161790295,-169.44705706850073,-272.1380004313823,-68.65139900344822,12862.047146574972,7697.527188065739,17941.695504727377,1641.6094314215825,1273.4156123675525,1976.8132864623517,103414.87157107913,84984.96311837761,120190.60557311759,,,
treat_all,0.32,2795918.0,1.0,2810.037978447825,3217.6354680938102,2808.3909401138117,2357.9814638550833,3233.771688933431,100.44611251523871,84.33657438648356,115.66046246468713,0.001004461125152387,0.0008436552192812648,0.001156521346792985,623.6470056905819,-21848.704240789077,21882.66011692311,22.305625761935147,-781.4501083647331,782.66458876559,0.004461125152387029,-0.1563447807187351,0.15652134679298466,,,,,,,,,,,,,,,
random,0.33,922653.0,0.33000002145985685,976.7843053559261,1119.365182441765,974.5410551003963,725.6252561686728,1244.1291990584145,34.85585253574663,25.95302352102861,44.49805749161508,0.001056237886941674,0.0007859220676577649,0.001349951015139672,2594.4027550198152,-9857.58449316744,16126.212751373703,92.79251948804705,-352.57058658971545,576.7770282023187,0.05623788694167396,-0.21407793234223524,0.34995101513967164,-1796.2364057825423,-2106.657811110661,-1458.636208154301,-89811.82028912712,-105331.91513825612,-72814.66450113014,0.0,0.0,0.0,0.0,0.0,0.0,47.77204486283836,-156.6213070099586,251.89575975679514
response,0.33,922653.0,0.33000002145985685,2757.9263816867287,3020.20108886472,2770.7774608829386,2355.2704998863783,3204.5969016246954,99.10081271635788,84.23961288873201,114.61698453333379,0.0030030547355104666,0.0025549007521961007,0.003475937802211911,92406.22304414693,71670.33499431892,114157.48258123476,3305.0405285186093,2563.391880388442,4083.005387898886,2.0030547355104664,1.554900752196101,2.475937802211911,0.0,0.0,0.0,0.0,0.0,0.0,1796.2364057825423,1458.636208154301,2106.657811110661,89811.82028912712,72814.66450113014,105331.91513825612,,,
uplift,0.33,922653.0,0.33000002145985685,2681.406520902353,2950.9453002951495,2705.4158599704874,2286.7696799271394,3150.204631601203,96.76306171963869,81.78958323982103,112.67156732068689,0.0029322138008227227,0.002479603632366458,0.0034136410721719397,89138.14299852439,68277.33274635697,111368.81658006014,3188.1529786826504,2442.0363095898006,3983.2647659931417,1.9322138008227228,1.479603632366458,2.4136410721719392,-65.3616009124512,-122.94826057636983,-7.434126742187963,-3268.0800456225406,-6142.588137515789,-394.7475871094434,1730.874804870091,1396.2026488031186,2060.3890604285816,86543.74024350458,69832.31252865234,103052.32528928574,,,
expected_value,0.33,468006.0,0.16738902929198926,2587.8283706095613,2613.7826298145233,2586.987168427899,2182.2143598317557,3013.1029258302174,92.52729044370754,78.05001290566302,107.76792902475027,0.005527679492202876,0.004668877990951977,0.006438355301848272,105949.05842139496,85747.84238626754,127260.07012859917,3789.4193757254316,3066.8940357430924,4551.638142770967,4.527679492202876,3.668877990951977,5.438355301848272,-183.79029245503943,-293.5103783036586,-82.94081750156879,13542.835377248033,8034.172980139013,18638.88267985284,1612.4461133275029,1278.8223825759894,1928.818393919971,103354.65566637515,86705.38275298984,119174.51219599851,,,
treat_all,0.33,2795918.0,1.0,2810.037978447825,3217.6354680938102,2808.3909401138117,2389.001119914314,3233.9966201374677,100.44611251523871,85.4460366832759,115.66850745041407,0.001004461125152387,0.000855087549398809,0.0011567237374024203,623.6470056905819,-20243.325254284293,21908.604756873385,22.305625761935147,-724.0314363398459,783.5925358638339,0.004461125152387029,-0.144912450601191,0.15672373740242024,,,,,,,,,,,,,,,
random,0.34,950612.0,0.33999995708028635,997.0784197100697,1147.271083158224,996.1457986411241,726.0506504218188,1238.842877295576,35.628577041283904,25.968238353979583,44.30898464459887,0.0010478994570246578,0.0007637687906767242,0.00130582326219505,2276.6899320562006,-11228.259978909064,14506.825114778794,81.42906666276338,-401.59475273985373,518.8573168018088,0.04789945702465781,-0.2362312093232758,0.30582326219504996,-1785.064358006247,-2158.544169705926,-1442.676587239358,-89253.21790031233,-107845.02848529631,-72045.62356975037,0.0,0.0,0.0,0.0,0.0,0.0,41.292879002428094,-184.95957867714725,242.7719823949616
response,0.34,950612.0,0.33999995708028635,2771.971655630241,3038.3430339751885,2781.210156647371,2344.534176541714,3213.8486265654146,99.47395297885599,83.85561295222944,114.94788568782828,0.002925704868702868,0.002465977151505598,0.0033784055522200307,91529.90783236854,69691.42007708568,113128.10875768709,3273.697863541368,2492.6131623704873,4046.1883630953084,1.925704868702868,1.4659771515055982,2.378405552220031,0.0,0.0,0.0,0.0,0.0,0.0,1785.064358006247,1442.676587239358,2158.544169705926,89253.21790031233,72045.62356975037,107845.02848529631,,,
uplift,0.34,950612.0,0.33999995708028635,2686.7560261629387,2965.784054863578,2712.82948160724,2270.762188092095,3126.736985472583,97.02822048455069,81.21705243473146,111.83221344376275,0.002853771550966367,0.0023880586670065357,0.003289776454926344,88110.87408036197,65994.00440460476,108830.55177362915,3151.411238826102,2360.369810724233,3892.4801004045594,1.8537715509663664,1.3880586670065358,2.289776454926343,-68.38067504013134,-127.94350739164652,-8.136549823155468,-3419.033752006566,-6392.982199023793,-409.3797900176868,1716.6836829661156,1366.412476896134,2079.113225317622,85834.18414830577,68377.95509480669,103988.91708725058,,,
expected_value,0.34,468006.0,0.16738902929198926,2587.8283706095613,2613.7826298145233,2586.987168427899,2173.842140452239,3002.2584143992503,92.52729044370754,77.75056852354895,107.38005958684232,0.005527679492202876,0.004636181512661897,0.006416741211029188,105949.05842139496,85247.39577261196,126723.93321996252,3789.4193757254316,3048.994847939459,4532.462440599565,4.527679492202876,3.6361815126618966,5.416741211029188,-194.22298821947197,-306.0100989538707,-86.04244937007752,14419.150589026423,8851.024882521511,19837.60165843619,1590.841369786775,1253.6070793667327,1958.6853809419836,103672.36848933875,86744.27041711581,122025.72029709916,,,
treat_all,0.34,2795918.0,1.0,2810.037978447825,3217.6354680938102,2808.3909401138117,2354.463599289098,3245.042815140166,100.44611251523871,84.21075293657032,116.06359038928058,0.001004461125152387,0.0008421837253174827,0.0011601723320621479,623.6470056905819,-22072.79222131027,22400.537661488615,22.305625761935147,-789.464934998461,801.1872187055777,0.004461125152387029,-0.15781627468251744,0.1601723320621479,,,,,,,,,,,,,,,
random,0.35,978571.0,0.34999989270071585,972.8639210258343,1126.6082745588647,971.7049058557096,718.5097802702719,1227.1683024416939,34.7544136078279,25.698528364217832,43.89142680299257,0.0009929835503562946,0.000733265200611866,0.0012534105823303868,-343.30470721452,-13068.35598648641,12390.91040611906,-12.278783112184264,-467.40841421266316,443.1786055999876,-0.007016449643705363,-0.2667347993881341,0.2534105823303866,-1800.2138414246738,-2135.1525225567725,-1450.3708779770704,-90010.69207123367,-106758.19899812498,-72565.35639885355,0.0,0.0,0.0,0.0,0.0,0.0,-11.231923184124412,-232.02958346236764,186.1034576681984
response,0.35,978571.0,0.34999989270071585,2756.895737632136,3035.5544968587315,2771.9187472803833,2344.9574639068464,3207.3505114453837,99.14163245418439,83.87075242932184,114.71547132088223,0.0028326189385137956,0.002395037262950214,0.0032763013838733993,89667.38736401916,68295.91723348126,111456.08057226919,3207.0821592056404,2442.7010103115067,3986.385887292445,1.8326189385137952,1.3950372629502141,2.2763013838733994,0.0,0.0,0.0,0.0,0.0,0.0,1800.2138414246738,1450.3708779770704,2135.1525225567725,90010.69207123367,72565.35639885355,106758.19899812498,,,
uplift,0.35,978571.0,0.34999989270071585,2693.834922422092,2981.1766533272903,2719.946827461564,2292.806388112192,3141.2232669832956,97.28278252300548,82.00549472882224,112.3503359892277,0.0027795089241982075,0.0023397759330076235,0.0032100669316636947,87068.7913730782,65674.1637841807,108161.57584916479,3114.1396626466944,2348.9302541841607,3868.553221130405,1.7795089241982074,1.3397759330076233,2.210066931663694,-51.97191981881906,-112.66576047558839,8.36362423999312,-2598.5959909409576,-5642.112223589354,433.601211999643,1748.2419216058547,1404.9449706473679,2091.1599795855905,87412.09608029271,70133.16050257382,104603.42355342496,,,
expected_value,0.35,468006.0,0.16738902929198926,2587.8283706095613,2613.7826298145233,2586.987168427899,2186.88251646669,3006.6232828471902,92.52729044370754,78.21697619410477,107.53617534016341,0.005527679492202876,0.004665677306444876,0.006422440463802767,105949.05842139496,85942.2983233345,126916.7828923595,3789.4193757254316,3073.849030026435,4539.359984533148,4.527679492202876,3.665677306444875,5.422440463802766,-184.9315788524841,-286.1718189220707,-70.82160250018534,16281.671057375803,11226.249106112058,21974.547591289578,1615.2822625721897,1276.7549765248827,1963.838933245226,106292.36312860949,89479.10757624413,123687.59416226127,,,
treat_all,0.35,2795918.0,1.0,2810.037978447825,3217.6354680938102,2808.3909401138117,2354.358991371165,3239.418348953972,100.44611251523871,84.20701148499938,115.86242332407359,0.001004461125152387,0.0008422542059973765,0.0011572858630616392,623.6470056905819,-22047.396681441754,22013.342447698597,22.305625761935147,-788.5566272487875,787.3386289475799,0.004461125152387029,-0.15774579400262348,0.1572858630616392,,,,,,,,,,,,,,,
random,0.36,1006530.0,0.35999982832114535,1007.7216818958908,1165.0509767492038,1006.1895272058395,741.4558914728631,1270.3192902104956,35.987805336416855,26.519228799731007,45.43478350260972,0.0009996617360693068,0.0007367497509936842,0.0012613550799818515,-17.023639708029805,-13246.595426356847,13160.625760524776,-0.6088747848838845,-473.7834023156919,470.7085744476331,-0.0003382639306931697,-0.2632502490063159,0.26135507998185137,-1757.563184834578,-2099.9803927485736,-1421.8116556441985,-87878.15924172889,-104949.34298577896,-71161.35720162997,0.0,0.0,0.0,0.0,0.0,0.0,-4.831211235132741,-213.89619806676745,196.3535945963707
response,0.36,1006530.0,0.35999982832114535,2752.229606547352,3034.3878108251943,2763.7527120404175,2346.3200365959055,3195.2846475244482,98.84956254226401,83.91948678737735,114.28391846700971,0.0027458224911730573,0.0023283046901905694,0.00317445945829182,87861.13560202086,66883.20432979526,109421.0461262224,3142.478985507474,2392.173315876763,3913.5999741845935,1.745822491173057,1.328304690190569,2.1744594582918197,0.0,0.0,0.0,0.0,0.0,0.0,1757.563184834578,1421.8116556441985,2099.9803927485736,87878.15924172889,71161.35720162997,104949.34298577896,,,
uplift,0.36,1006530.0,0.35999982832114535,2673.1280163125098,2969.1138521984335,2701.0153490701805,2288.732039219108,3119.71520387798,96.60567116310924,81.85976982225904,111.5810693975281,0.0026834921453609733,0.002275226140308158,0.003096455000389686,84724.26745350903,64139.79571095541,105610.165193899,3030.2844165497354,2294.05138888034,3777.2983754852244,1.6834921453609735,1.2752261403081575,2.0964550003896862,-62.73736297023697,-119.43862983455476,-2.835237027694635,-3136.8681485118286,-5976.864265930152,-153.763101384738,1694.825821864341,1366.0802627894325,2048.248692747978,84741.29109321706,68312.74582934452,102359.08213739889,,,
expected_value,0.36,468006.0,0.16738902929198926,2587.8283706095613,2613.7826298145233,2586.987168427899,2169.0765257257867,2999.8594258825774,92.52729044370754,77.58011950728837,107.2942563366514,0.005527679492202876,0.00462966407047172,0.006400367245017913,105949.05842139496,85027.13191377584,126588.57071762091,3789.4193757254316,3041.116796478861,4527.621007397961,4.527679492202876,3.62966407047172,5.400367245017912,-176.7655436125183,-277.2213582699392,-71.33439360512513,18087.9228193741,13063.302505090498,23404.017116511528,1580.7976412220596,1224.8371037253448,1910.1360410775058,105966.08206110299,88197.83792125864,122462.87455387528,,,
treat_all,0.36,2795918.0,1.0,2810.037978447825,3217.6354680938102,2808.3909401138117,2390.929953688215,3252.4553908467506,100.44611251523871,85.51502417768386,116.32871174500649,0.001004461125152387,0.0008551821807352162,0.001163323312353008,623.6470056905819,-20253.531162151496,22821.586679342174,22.305625761935147,-724.3964652093337,816.2466381110667,0.004461125152387029,-0.14481781926478388,0.16332331235300807,,,,,,,,,,,,,,,
random,0.37,1034490.0,0.3700001216058554,1062.091938867153,1228.236510436027,1062.581296319088,797.9751117325857,1331.134550966459,38.00473748940735,28.540719424982623,47.60992815119968,0.0010271547296920105,0.0007711709327483792,0.0012890675955186707,1404.564815954407,-11839.131913370717,14924.661072034782,50.23626644109044,-423.44345983575755,533.8018165065921,0.027154729692010694,-0.22882906725162086,0.2890675955186707,-1706.957088973347,-2046.4876331129365,-1359.5596437849392,-85347.85444866733,-102316.81665564682,-67939.85718924696,0.0,0.0,0.0,0.0,0.0,0.0,23.476648476977743,-176.7639915941811,227.96577733054892
response,0.37,1034490.0,0.3700001216058554,2758.1451599763463,3048.237283894749,2769.538385292435,2361.3702489618795,3194.4058884369324,99.05649540839306,84.45777912520609,114.25248839332671,0.00267720169870413,0.002282498336228134,0.0030882279212429368,86752.41926462174,66339.59119809397,107926.19317184661,3102.8241623903755,2372.7302159109804,3860.134423536263,1.6772016987041294,1.2824983362281335,2.088227921242937,0.0,0.0,0.0,0.0,0.0,0.0,1706.957088973347,1359.5596437849392,2046.4876331129365,85347.85444866733,67939.85718924696,102316.81665564682,,,
uplift,0.37,1034490.0,0.3700001216058554,2680.210095032602,2985.307036389653,2710.3362800004297,2309.5877896522393,3133.384959467195,96.93904756864936,82.60570551969835,112.06998772736522,0.002619973397519966,0.002230938859825421,0.0030274597541843466,83792.31400002149,63746.545358501055,104919.86297335976,2996.951770403191,2279.986228440929,3752.6087307767884,1.6199733975199662,1.2309388598254207,2.0274597541843464,-59.2021052920054,-114.95450655508166,2.992735939238045,-2960.10526460025,-5753.4000810059115,67.77690141068776,1647.7549836813416,1313.68770973034,1993.3578828945756,82387.74918406708,65714.23315580712,99670.59121303505,,,
expected_value,0.37,468006.0,0.16738902929198926,2587.8283706095613,2613.7826298145233,2586.987168427899,2185.9198383229214,2988.8942931331253,92.52729044370754,78.1825446355337,106.90207270503375,0.005527679492202876,0.004671488878513134,0.00639411254317506,105949.05842139496,85902.86316614607,126088.00840665627,3789.4193757254316,3072.4385753139427,4509.717681514847,4.527679492202876,3.671488878513134,5.394112543175059,-182.55121686453595,-281.78124877494434,-68.8101408715886,19196.63915677322,14194.547561252784,24886.87701682614,1524.405872108811,1197.2668022434525,1864.3603573465975,104544.49360544056,88230.3066829949,121527.97286732987,,,
treat_all,0.37,2795918.0,1.0,2810.037978447825,3217.6354680938102,2808.3909401138117,2401.0034309644043,3244.440778252061,100.44611251523871,85.87531647796553,116.04205768023459,0.001004461125152387,0.0008584533185335586,0.001161554787165553,623.6470056905819,-19798.8028760022,22562.643912603053,22.305625761935147,-708.1324586773361,806.9851802736365,0.004461125152387029,-0.14154668146644134,0.16155478716555277,,,,,,,,,,,,,,,
random,0.38,1062449.0,0.3800000572262849,1062.7062984061504,1237.7872808424493,1062.54498110048,791.2757295388739,1343.6328011734415,38.00343862375363,28.30110645372553,48.05694591806489,0.0010000903394896885,0.000744233284705273,0.0012633817898800729,4.799055023999244,-13596.676023056307,14005.600058672077,0.17164505625698767,-486.3045347916608,500.9302868922506,9.033948968843199e-05,-0.25576671529472694,0.26338178988007277,-1708.3581699521983,-2069.4774328400244,-1369.4723398143726,-85417.90849760993,-103520.57163279374,-68505.44199071861,0.0,0.0,0.0,0.0,0.0,0.0,-4.643576142768325,-219.1057308982431,221.5170504282026
response,0.38,1062449.0,0.3800000572262849,2758.7735506288536,3057.1534038293066,2770.9031510526784,2363.485121552604,3197.3088928044244,99.10530820477132,84.53342056357174,114.35631849018552,0.0026080340336831964,0.0022252519311135423,0.0030102054554182996,85422.70755263392,65064.9848276302,106753.90361006533,3055.265124107142,2327.142098860918,3818.205813262954,1.6080340336831964,1.2252519311135424,2.0102054554182995,0.0,0.0,0.0,0.0,0.0,0.0,1708.3581699521983,1369.4723398143726,2069.4774328400244,85417.90849760993,68505.44199071861,103520.57163279374,,,
uplift,0.38,1062449.0,0.3800000572262849,2688.468293243208,2997.5783243079063,2716.2792163013028,2299.9486582728114,3136.722528925993,97.15160517230129,82.26094822068498,112.18936066529825,0.0025566208037292168,0.002165265218454705,0.0029542424584542075,82691.51081506512,61898.70741142539,103747.68644629966,2957.5799724836397,2213.895665446032,3710.6841633517033,1.5566208037292166,1.165265218454705,1.9542424584542075,-54.6239347513756,-112.81791391391641,8.466535215949111,-2731.1967375687964,-5619.241478573931,420.43537309032115,1653.7342352008227,1314.071990573868,2010.788816464941,82686.71176004113,65756.12091574163,100495.00707324705,,,
expected_value,0.38,468006.0,0.16738902929198926,2587.8283706095613,2613.7826298145233,2586.987168427899,2161.211973623903,2989.390176591509,92.52729044370754,77.29883257033657,106.91980868507261,0.005527679492202876,0.004621108480449169,0.006384110202180839,105949.05842139496,84622.17354042229,126040.28007957546,3789.4193757254316,3026.6328819522705,4508.010609738034,4.527679492202876,3.621108480449168,5.384110202180838,-183.9159826247792,-290.3733890232249,-71.9317273030269,20526.350868761045,15097.30336180578,26144.003129927005,1524.442187327419,1209.5251873471796,1869.2853499314826,105944.25936637097,90258.38209759892,123227.73076252436,,,
treat_all,0.38,2795918.0,1.0,2810.037978447825,3217.6354680938102,2808.3909401138117,2405.3020605341326,3244.4441165458716,100.44611251523871,86.02906310321448,116.04217707907998,0.001004461125152387,0.0008607966288614596,0.001160700921464548,623.6470056905819,-19448.633223293364,22459.93207729357,22.305625761935147,-695.6081409860146,803.3115448054475,0.004461125152387029,-0.13920337113854034,0.1607009214645481,,,,,,,,,,,,,,,
random,0.39,1090408.0,0.3899999928467144,1060.5900733901926,1239.3610215084757,1060.76085511491,780.2021214166066,1334.8769789714622,37.93962681004629,27.905043045490128,47.74378143319876,0.000972810961690404,0.0007159029523663107,0.0012233473352140688,-1482.3572442544973,-15480.307736066856,12208.6193035809,-53.0186237312574,-553.6753129407534,436.6587039956429,-0.027189038309595993,-0.28409704763368937,0.22334733521406858,-1721.1541321503091,-2071.314072603899,-1381.2997424053938,-86057.70660751546,-103601.22050583425,-69173.75462026967,0.0,0.0,0.0,0.0,0.0,0.0,-34.51161152947657,-244.98563124367746,172.66130119717093
response,0.39,1090408.0,0.3899999928467144,2768.209781056221,3073.679156832355,2781.914987265219,2303.6691511758195,3241.673206425735,99.49916225244156,82.39401696243665,115.94307152161596,0.0025512606173700297,0.0021160698810407616,0.0029731756030936373,84575.34936326096,60750.72880879098,107568.32657128674,3024.9581483885063,2172.8365713440444,3847.3348135133706,1.5512606173700296,1.1160698810407614,1.9731756030936372,0.0,0.0,0.0,0.0,0.0,0.0,1721.1541321503091,1381.2997424053938,2071.314072603899,86057.70660751546,69173.75462026967,103601.22050583425,,,
uplift,0.39,1090408.0,0.3899999928467144,2696.7251563723594,3010.184931754478,2722.771250795937,2268.5668679036726,3168.4348214485058,97.38380205699656,81.13853367315036,113.32359609432413,0.0024970206113637617,0.002081928853344045,0.0029060803702532978,81618.16253979685,58919.76150642333,103898.5555063771,2919.190138616256,2107.3494110493707,3716.0802107349746,1.4970206113637619,1.0819288533440448,1.9060803702532974,-59.14373646928243,-115.51287342227852,6.043470321648724,-2957.186823464115,-5738.128787553771,313.5567867761222,1662.0103956810267,1334.3304050859938,2003.9487203689544,83100.51978405134,66686.11775429969,100130.86476844772,,,
expected_value,0.39,468006.0,0.16738902929198926,2587.8283706095613,2613.7826298145233,2586.987168427899,2161.658846833863,3022.898152724819,92.52729044370754,77.31481562885116,108.11826930277708,0.005527679492202876,0.004617354247122796,0.006455061596650865,105949.05842139496,84706.84109169315,127729.96138624096,3789.4193757254316,3029.661137833554,4568.44447463198,4.527679492202876,3.617354247122795,5.455061596650864,-194.92781883732005,-301.2844664359002,-85.41149665229298,21373.709058134,16112.880725694904,26810.44173852339,1526.226313312989,1206.3867176898618,1870.0551096079291,107431.41566564946,91446.45588449312,124583.18548039644,,,
treat_all,0.39,2795918.0,1.0,2810.037978447825,3217.6354680938102,2808.3909401138117,2343.8047413330814,3251.0550211769346,100.44611251523871,83.8295236603177,116.27862552395796,0.001004461125152387,0.0008386076655808113,0.0011630554791474995,623.6470056905819,-22553.58918334593,22789.211058846715,22.305625761935147,-806.661324951087,815.0886778098184,0.004461125152387029,-0.16139233441918877,0.16305547914749938,,,,,,,,,,,,,,,
random,0.4,1118367.0,0.3999999284671439,1046.9602014797645,1230.6433282613348,1046.5192469135231,770.1635287145147,1327.5717597625517,37.43025535489679,27.545998441818202,47.48249983592336,0.0009357565512157665,0.000688535517459463,0.0011864144173797074,-3592.387654323851,-17419.47856427427,10429.772121899488,-128.48687459088038,-623.0325268578789,373.03569424781017,-0.06424344878423364,-0.31146448254053705,0.18641441737970743,-1728.20318890291,-2054.33059075702,-1383.913024680233,-86410.15944514552,-102779.27828785103,-69254.47695961419,0.0,0.0,0.0,0.0,0.0,0.0,-76.83712913200156,-289.3016885512055,138.78507667951573
response,0.4,1118367.0,0.3999999284671439,2764.1569851419526,3072.1338068737928,2774.722435816433,2304.5445793840686,3216.9347149275955,99.24191037850298,82.42532790246597,115.05826404521144,0.0024810482031537347,0.0020623893039629277,0.0028734294457757477,82817.77179082166,59392.395219203434,104860.73699637975,2962.0958765894297,2124.253830734787,3750.4940057748386,1.4810482031537349,1.0623893039629277,1.873429445775748,0.0,0.0,0.0,0.0,0.0,0.0,1728.20318890291,1383.913024680233,2054.33059075702,86410.15944514552,69254.47695961419,102779.27828785103,,,
uplift,0.4,1118367.0,0.3999999284671439,2693.81825136331,3011.2796865340915,2718.3643322046314,2236.0394648237766,3164.225380341613,97.226182320248,79.9751446510154,113.17303942181468,0.0024306549926854347,0.0020003459157570637,0.0028287832186775453,79999.86661023158,55909.95785595838,102282.18026708062,2861.3094736766807,1999.6994853196118,3658.2682420257183,1.4306549926854346,1.0003459157570633,1.828783218677545,-56.35810361180165,-116.4918169062766,4.807486143786363,-2817.9051805900817,-5814.2072106327,212.00389886499244,1671.8450852911083,1321.6635453017273,2004.9427281194078,83592.25426455543,66018.47717620686,100314.53140597038,,,
expected_value,0.4,468006.0,0.16738902929198926,2587.8283706095613,2613.7826298145233,2586.987168427899,2130.0329584251076,3012.1756398310604,92.52729044370754,76.18367056634378,107.73476331677325,0.005527679492202876,0.00455086238617947,0.0064351093787866085,105949.05842139496,83099.12792125538,127194.77199155303,3789.4193757254316,2972.1589803869565,4549.3026616500565,4.527679492202876,3.550862386179469,5.435109378786608,-187.73526738853388,-292.1726461478518,-75.28282884100179,23131.286630573304,17862.030321202936,28734.007307949923,1540.467921514376,1210.7487117668768,1863.800097304473,109541.44607571882,93116.9757946913,125640.42111522365,,,
treat_all,0.4,2795918.0,1.0,2810.037978447825,3217.6354680938102,2808.3909401138117,2340.0491446999395,3252.244483222194,100.44611251523871,83.69519938352768,116.32116833262613,0.001004461125152387,0.0008371115035652029,0.0011632124984766842,623.6470056905819,-22766.811515003043,22816.419161109712,22.305625761935147,-814.2875261364262,816.0618144419727,0.004461125152387029,-0.1628884964347973,0.16321249847668437,,,,,,,,,,,,,,,
random,0.41,1146326.0,0.4099998640875734,1046.5181285757503,1240.8899469771566,1046.4195024802314,735.9913055596817,1322.0300196973765,37.426687852799375,26.323780080806433,47.28429158857222,0.0009128463477930636,0.0006414702513493777,0.001153178450045754,-4995.324875988437,-20562.782143342432,8780.48473486882,-178.66492779789812,-735.4572681796258,314.04657557442033,-0.08715365220693655,-0.3585297486506223,0.15317845004575378,-1725.6523116924125,-2044.6770804719602,-1373.1711258262571,-86282.61558462062,-102254.1522939266,-68743.64455939783,0.0,0.0,0.0,0.0,0.0,0.0,-105.0207829664314,-341.34414281103085,104.22154524813145
response,0.41,1146326.0,0.4099998640875734,2763.585868715907,3074.1351318210222,2772.071814172644,2313.3507206180707,3211.3650741490414,99.14710711017433,82.74029211937085,114.85905788900251,0.0024182229262641203,0.0020166167787147417,0.0028021217697711495,81287.2907086322,58266.841904520625,103265.87120745206,2907.3560350708494,2083.9968090809753,3693.451353274741,1.4182229262641202,1.0166167787147413,1.802121769771149,0.0,0.0,0.0,0.0,0.0,0.0,1725.6523116924125,1373.1711258262571,2044.6770804719602,86282.61558462062,68743.64455939783,102254.1522939266,,,
uplift,0.41,1146326.0,0.4099998640875734,2689.106081176391,3014.0612107063284,2716.2368689545706,2266.334194567446,3147.237064589816,97.15009055897099,81.05867892289567,112.56542804867009,0.0023695151893567542,0.001977726150539941,0.002744032774202668,78495.54344772852,56020.24847837228,100014.91697949078,2807.5052075106823,2003.6441869315297,3577.176332764079,1.3695151893567539,0.9777261505399412,1.7440327742026673,-55.834945218073244,-113.2180929480558,4.861563553915121,-2791.7472609036777,-5644.636573919341,278.16122690732396,1669.8173664743392,1315.407507841907,1991.5985154889922,83490.86832371695,65675.23151105714,99576.48916627867,,,
expected_value,0.41,468006.0,0.16738902929198926,2587.8283706095613,2613.7826298145233,2586.987168427899,2151.7187808245253,3021.9441255446595,92.52729044370754,76.95929497304732,108.08414715827357,0.005527679492202876,0.004597997162050427,0.006455643774060716,105949.05842139496,84196.42007400304,127750.953777233,3789.4193757254316,3011.4052012256093,4569.195297474139,4.527679492202876,3.5979971620504276,5.455643774060716,-185.08464574474465,-290.51789867518744,-72.87887402418365,24661.76771276277,19394.756316240633,30205.884567357927,1540.5676659476678,1220.9085274559689,1853.9458430246796,110944.3832973834,95005.08012279845,126612.36965123398,,,
treat_all,0.41,2795918.0,1.0,2810.037978447825,3217.6354680938102,2808.3909401138117,2356.103124519232,3249.836827937817,100.44611251523871,84.26939289776138,116.23505510311166,0.001004461125152387,0.0008429950353590277,0.0011630472333679716,623.6470056905819,-21940.82127403842,22779.681396890843,22.305625761935147,-784.7448056072609,814.747835841067,0.004461125152387029,-0.15700496464097238,0.16304723336797156,,,,,,,,,,,,,,,
random,0.42,1174286.0,0.42000015737228347,1038.9687336008915,1236.1198273374928,1038.8909877087933,742.4180978091902,1310.2017427648784,37.15741977085141,26.553643483435142,46.861236372628895,0.000884700139241031,0.0006322652496068863,0.0011145276668709052,-6769.75061456034,-21576.676677783686,6731.732138243911,-242.12979831884695,-771.720654103006,240.77001322084234,-0.11529986075896911,-0.36773475039311376,0.11452766687090522,-1730.1428181801678,-2066.300065705209,-1427.0610540551077,-86507.14090900839,-103403.96813096025,-71292.3414527554,0.0,0.0,0.0,0.0,0.0,0.0,-140.63320713900748,-363.9525181681735,70.90296969593376
response,0.42,1174286.0,0.42000015737228347,2761.825320933597,3076.9620787432173,2769.033805888961,2334.1365533909634,3183.6657332202126,99.03844840545972,83.48372711184531,113.86835140444794,0.002358057411813614,0.0019874074831564676,0.00271128909286258,79737.39029444805,57983.67766954816,100471.38666101066,2851.921633411568,2073.8690358425447,3593.5026227883172,1.3580574118136135,0.9874074831564673,1.7112890928625804,0.0,0.0,0.0,0.0,0.0,0.0,1730.1428181801678,1427.0610540551077,2066.300065705209,86507.14090900839,71292.3414527554,103403.96813096025,,,
uplift,0.42,1174286.0,0.42000015737228347,2692.648915474455,3019.0745567210624,2715.990592630906,2292.21579850555,3130.1159209015636,97.14128213455852,81.98437144814511,111.95306589469233,0.002312886803241209,0.0019522830616428633,0.0026670379165665385,77085.2296315453,55904.7549252775,97881.80519671539,2757.0633198665087,1999.5133950737288,3500.882543648111,1.3128868032412084,0.9522830616428634,1.6670379165665385,-53.04321325805495,-115.50012064451204,9.570914489887349,-2652.160662902752,-5763.670381055498,442.9294744943605,1677.0996049221128,1364.3607226999768,1998.4258695468588,83854.98024610564,68123.21120395686,99940.11972734294,,,
expected_value,0.42,468006.0,0.16738902929198926,2587.8283706095613,2613.7826298145233,2586.987168427899,2177.387826032048,2981.543190008622,92.52729044370754,77.87738503175157,106.63915000399233,0.005527679492202876,0.0046571027692922685,0.006369885003762572,105949.05842139496,85492.62130160238,125697.85071356148,3789.4193757254316,3057.765689179811,4495.763134453925,4.527679492202876,3.657102769292268,5.369885003762572,-182.0466374610619,-293.6054997933926,-67.17473432011485,26211.66812694691,20618.77876033037,31950.19898326005,1548.0961807191059,1240.3726858729358,1867.3735015897382,112718.8090359553,97333.7455436468,128703.25507948692,,,
treat_all,0.42,2795918.0,1.0,2810.037978447825,3217.6354680938102,2808.3909401138117,2372.499995470235,3235.2460526296395,100.44611251523871,84.85585040298875,115.7131951877573,0.001004461125152387,0.0008487548549341329,0.0011573261009893711,623.6470056905819,-21133.633863805055,21989.959883118416,22.305625761935147,-755.8745951707116,786.5023181337372,0.004461125152387029,-0.15124514506586706,0.15732610098937108,,,,,,,,,,,,,,,
random,0.43,1202245.0,0.43000009299271297,1051.9800462721953,1250.8617439915006,1050.9284958979474,782.1051798945,1335.5459658480322,37.587958441483174,27.97310864962778,47.76770870419061,0.0008741383793635636,0.0006500053959014306,0.0011116417502517546,-7565.825205102628,-21056.166005274998,6706.374603850193,-270.6025428894062,-753.103846581874,239.863064791249,-0.12586162063643647,-0.3499946040985693,0.11164175025175456,-1716.9165067904319,-2049.4355582340254,-1397.1637624941295,-85845.82533952157,-102478.98541170126,-69870.57937470645,0.0,0.0,0.0,0.0,0.0,0.0,-156.67960835099166,-366.3380952029399,53.94064418371944
response,0.43,1202245.0,0.43000009299271297,2761.252795673332,3081.4813056075077,2767.8450026883793,2350.7836993733017,3224.087680749146,98.99592916131229,84.07913606097539,115.31410008266143,0.0023022304128429557,0.001956646012849167,0.00268248064143274,78280.00013441895,57467.41246866508,101110.26028745728,2799.795993102049,2055.404073676878,3616.352850386073,1.3022304128429556,0.9566460128491668,1.6824806414327398,0.0,0.0,0.0,0.0,0.0,0.0,1716.9165067904319,1397.1637624941295,2049.4355582340254,85845.82533952157,69870.57937470645,102478.98541170126,,,
uplift,0.43,1202245.0,0.43000009299271297,2693.047674780369,3023.8810844032673,2716.2766057587905,2301.0959270913168,3158.946392122168,97.15151180252033,82.30198192834399,112.98422886945069,0.0022593369951705274,0.0019134721347026909,0.002626567350280075,75701.58028793952,54936.97242323916,97788.6574022063,2707.575125162452,1964.8992718398451,3497.550979757142,1.259336995170527,0.913472134702691,1.626567350280075,-51.568396929588744,-112.27356053556227,13.381064584530861,-2578.4198464794317,-5600.711371955247,674.7745823319806,1665.3481098608431,1346.4290781648024,1985.5450966534675,83267.40549304214,67254.94640824011,99357.11358267337,,,
expected_value,0.43,468006.0,0.16738902929198926,2587.8283706095613,2613.7826298145233,2586.987168427899,2180.870676996678,3007.414900693142,92.52729044370754,78.00195417021091,107.56448868289921,0.005527679492202876,0.004670003319703584,0.006426801971845923,105949.05842139496,85693.75759983389,126966.6412846571,3789.4193757254316,3064.95961612014,4541.143241134293,4.527679492202876,3.670003319703583,5.426801971845923,-180.8578342604801,-286.11834901794634,-63.33825837259986,27669.05828697601,22390.113844757638,33499.460831370016,1536.0586725299518,1232.0522862533862,1857.3816194835435,113514.88362649758,98361.19431266931,129546.24269916299,,,
treat_all,0.43,2795918.0,1.0,2810.037978447825,3217.6354680938102,2808.3909401138117,2387.2911642337517,3262.5491932514656,100.44611251523871,85.38487767644658,116.68973100253534,0.001004461125152387,0.0008545227602923856,0.001166481590534929,623.6470056905819,-20321.084288312428,23281.728412573284,22.305625761935147,-726.8125992361875,832.7042643086558,0.004461125152387029,-0.14547723970761456,0.16648159053492884,,,,,,,,,,,,,,,
random,0.44,1230204.0,0.44000002861314247,1077.7155849459914,1285.0814155342966,1077.229417340729,791.3968693601332,1364.1959281116854,38.528648456096676,28.305439192427436,48.79241551832655,0.0008756510443314516,0.0006430583443539467,0.001108944768753472,-7648.7291329635555,-21931.00399619093,6701.056405584266,-273.56772026087873,-784.3936766454142,239.67285183557837,-0.12434895566854856,-0.3569416556460534,0.10894476875347188,-1689.8812524545606,-2020.7027019612892,-1391.1538443740146,-84494.06262272803,-101103.51453870548,-69601.32721870074,0.0,0.0,0.0,0.0,0.0,0.0,-158.4625963093481,-379.9006430845878,45.20405843592811
response,0.44,1230204.0,0.44000002861314247,2764.7947728652407,3085.930147590104,2767.1106697952896,2332.0185658905466,3211.836968514569,98.96966469672178,83.40797426428624,114.87593586487763,0.0022493104150167692,0.0018960404566970414,0.0026113797434331927,76845.33348976448,55103.86079452732,99061.74092572845,2748.483091770377,1970.8682727650569,3543.0846300116264,1.2493104150167693,0.8960404566970411,1.6113797434331927,0.0,0.0,0.0,0.0,0.0,0.0,1689.8812524545606,1391.1538443740146,2020.7027019612892,84494.06262272803,69601.32721870074,101103.51453870548,,,
uplift,0.44,1230204.0,0.44000002861314247,2695.4127155877995,3029.789363936637,2717.746552658253,2315.511988944187,3163.057820834059,97.20408655254744,82.81759296746854,113.1312799886856,0.0022091836416222458,0.0018831202320607873,0.0025688876344052754,74377.12763291266,54294.860697209355,96565.11979170293,2660.2041845616595,1941.9332289863062,3453.789409836159,1.2091836416222457,0.8831202320607873,1.5688876344052753,-49.364117137036374,-114.63764756094088,15.02251510122099,-2468.205856851826,-5706.441554254241,739.4606993680237,1640.5171353175242,1335.9302137342536,1972.1327390986567,82025.8567658762,66849.31818671268,98596.44731835045,,,
expected_value,0.44,468006.0,0.16738902929198926,2587.8283706095613,2613.7826298145233,2586.987168427899,2173.8801881159866,3002.9141904233584,92.52729044370754,77.7519293525771,107.40351435283002,0.005527679492202876,0.00465168048173273,0.006415121535482876,105949.05842139496,85294.73190579932,126780.5309330073,3789.4193757254316,3050.687892341597,4534.486738631366,4.527679492202876,3.6516804817327295,5.415121535482876,-180.12350136739042,-291.7746532997934,-70.88649819563801,29103.72493163048,23529.786063299056,34569.43884021811,1509.7577510871702,1208.4164264410679,1820.0991342789007,113597.78755435851,98530.7463220534,129095.03382838861,,,
treat_all,0.44,2795918.0,1.0,2810.037978447825,3217.6354680938102,2808.3909401138117,2377.270289069178,3259.3561740443292,100.44611251523871,85.02646676580565,116.57552811077898,0.001004461125152387,0.000849864462778282,0.0011656728597192567,623.6470056905819,-20998.209296541114,23152.256417252767,22.305625761935147,-751.0309421285286,828.0735135026408,0.004461125152387029,-0.15013553722171802,0.16567285971925658,,,,,,,,,,,,,,,
random,0.45,1258163.0,0.44999996423357197,1083.9844040210537,1290.755729670877,1083.2605536408003,780.0207124294866,1376.9761963766623,38.744360658674545,27.89855469400342,49.24952006377377,0.0008609858608469652,0.0006207911604943936,0.0010953112287147633,-8745.122317959991,-23823.686878525677,5991.056068833119,-312.7817882341324,-852.0881827909716,214.27867587079163,-0.13901413915303487,-0.3792088395056064,0.0953112287147634,-1670.4460807005619,-1989.8313329884784,-1367.6662104843138,-83522.3040350281,-99510.5406145291,-68450.12105011607,0.0,0.0,0.0,0.0,0.0,0.0,-180.51536941041513,-411.8119553036016,41.87048915906877
response,0.45,1258163.0,0.44999996423357197,2754.2047437116607,3077.4015121696916,2753.706634341362,2318.946577483907,3167.95746260265,98.49025022698672,82.94043593137948,113.30652267350654,0.0021886724012241355,0.0018423190931463641,0.002518362867604292,74777.1817170681,53011.79887419533,95501.30688013251,2674.512690181475,1896.0426906009166,3415.740621868471,1.1886724012241354,0.8423190931463641,1.5183628676042917,0.0,0.0,0.0,0.0,0.0,0.0,1670.4460807005619,1367.6662104843138,1989.8313329884784,83522.3040350281,68450.12105011607,99510.5406145291,,,
uplift,0.45,1258163.0,0.44999996423357197,2682.455288119748,3017.129220056265,2701.5370485638964,2274.799632390005,3120.0861774904656,96.62433049051855,81.36145739574641,111.59433779855009,0.002147207514895841,0.0018079023894242248,0.0024802051167808047,72168.70242819484,50814.00161950025,93104.38012452329,2581.2167033580686,1817.435333207206,3330.011113506308,1.1472075148958416,0.8079023894242247,1.4802051167808046,-52.16958577746573,-106.55706572825953,5.837854581394161,-2608.4792888732627,-5307.41167886967,302.4328042334984,1618.2764949230962,1320.8035832496598,1940.8300407911456,80913.82474615483,66082.43139564857,97046.56488954125,,,
expected_value,0.45,468006.0,0.16738902929198926,2587.8283706095613,2613.7826298145233,2586.987168427899,2175.2988082809675,2982.0701860934773,92.52729044370754,77.80266832864797,106.65799877154758,0.005527679492202876,0.004660512185229912,0.006372847016734781,105949.05842139496,85427.37291404838,125706.82180467388,3789.4193757254316,3055.4319874205316,4496.083998338788,4.527679492202876,3.6605121852299107,5.372847016734782,-166.71946591346295,-284.921716748376,-47.79131658998097,31171.87670432686,25277.269943244482,37091.890420500946,1503.726614787099,1207.4898068270688,1827.2553170716224,114694.18073935495,99860.86909135344,130840.98210358112,,,
treat_all,0.45,2795918.0,1.0,2810.037978447825,3217.6354680938102,2808.3909401138117,2370.9841810309313,3225.1427871598926,100.44611251523871,84.80163513489778,115.35183747019379,0.001004461125152387,0.0008477977123261077,0.0011542440432905493,623.6470056905819,-21282.753448453434,21549.803138853928,22.305625761935147,-761.2080700669129,770.7594836062405,0.004461125152387029,-0.15220228767389232,0.1542440432905494,,,,,,,,,,,,,,,
random,0.46,1286122.0,0.4599998998540014,1143.4032874478285,1351.3226715699523,1142.7979627994025,834.9868901605487,1445.4806431833997,40.87380112004009,29.864498535384396,51.69967943206488,0.0008885610873613876,0.0006482245928551189,0.0011229294020317058,-7166.201860029883,-22656.321741972566,7911.9721591699845,-256.30944326800295,-810.3357016183081,282.98298301917237,-0.11143891263861257,-0.3517754071448811,0.12292940203170576,-1611.4763637338117,-1915.360500802708,-1280.8443749088487,-80573.8181866906,-95811.5791533323,-64027.784530731384,0.0,0.0,0.0,0.0,0.0,0.0,-149.06186965295092,-366.03649884940626,85.57042812448307
response,0.46,1286122.0,0.4599998998540014,2756.5638897422214,3083.8887397521353,2754.274326533214,2317.38792506802,3181.2833791904286,98.51055454892506,82.88468850188096,113.78314311043559,0.0021415342607724727,0.0017998856878730745,0.002472426695873912,73407.6163266607,51493.42500340101,94728.92770952142,2625.5282281762447,1841.73588078767,3388.115377830159,1.1415342607724726,0.7998856878730746,1.472426695873912,0.0,0.0,0.0,0.0,0.0,0.0,1611.4763637338117,1280.8443749088487,1915.360500802708,80573.8181866906,64027.784530731384,95811.5791533323,,,
uplift,0.46,1286122.0,0.4599998998540014,2685.272298232136,3023.4562155929557,2703.754753022155,2257.7415213595064,3135.5759024370295,96.70364985747634,80.75134969478741,112.1483499314726,0.0021022537154501324,0.0017557856297229922,0.0024364319623565124,70881.63765110774,48592.73731797532,92447.93263151514,2535.182993603809,1737.9886433713477,3306.532331474498,1.1022537154501322,0.7557856297229921,1.4364319623565123,-50.51957351105921,-107.77659529872194,5.684613872696535,-2525.978675552964,-5362.334720053456,314.8490411484916,1560.9567902227525,1229.9162876710416,1865.3185950264592,78047.83951113763,61502.53206898361,93335.87350132296,,,
expected_value,0.46,468006.0,0.16738902929198926,2587.8283706095613,2613.7826298145233,2586.987168427899,2144.1271357505007,2991.3764520599884,92.52729044370754,76.68776894567368,106.99085066371718,0.005527679492202876,0.004583974537966137,0.006385655808192675,105949.05842139496,83819.15053752503,126146.47885299941,3789.4193757254316,2997.9116174911073,4511.808960527434,4.527679492202876,3.583974537966137,5.385655808192674,-167.28715810531503,-277.98727037480046,-51.123543908435195,32541.44209473426,27023.571481259987,38370.70507191218,1444.1892056284967,1115.213741163974,1748.0227910140372,113115.26028142485,96659.5258081987,128314.60498155715,,,
treat_all,0.46,2795918.0,1.0,2810.037978447825,3217.6354680938102,2808.3909401138117,2374.509351496835,3245.8310632364633,100.44611251523871,84.92771789075483,116.09178320810778,0.001004461125152387,0.0008492250831045361,0.0011606967391174165,623.6470056905819,-21083.867818593826,22469.216268829125,22.305625761935147,-754.0946414949875,803.6436071740704,0.004461125152387029,-0.1507749168954641,0.16069673911741647,,,,,,,,,,,,,,,
random,0.47,1314081.0,0.4699998354744309,1140.3537187982615,1353.8629939782609,1140.2879932317533,827.0434363046794,1444.6522181016499,40.78402847407375,29.580389564525117,51.67004962597794,0.0008677455904405842,0.0006292292272912002,0.001098959105368585,-8689.650338412343,-24366.59318476603,6500.834044350613,-310.79775366846746,-871.506002134756,232.51161315713168,-0.13225440955941595,-0.3707707727087997,0.09895910536858495,-1613.5358757749632,-1928.3998945674214,-1291.6038133887384,-80676.79378874815,-96441.15722837106,-64566.97066943692,0.0,0.0,0.0,0.0,0.0,0.0,-179.6557486217382,-401.08737956984476,49.70543180074408
response,0.47,1314081.0,0.4699998354744309,2753.4196874716645,3088.946975679155,2753.8238690067164,2321.775415315196,3184.214964298582,98.49444329221087,83.04161335615694,113.88799543829906,0.0020956271866092854,0.0017691552090261361,0.0024217226721022405,71987.14345033582,50470.5682657598,93408.39446492911,2574.7229872383887,1805.1519488683073,3340.8846205406994,1.0956271866092853,0.7691552090261359,1.4217226721022402,0.0,0.0,0.0,0.0,0.0,0.0,1613.5358757749632,1291.6038133887384,1928.3998945674214,80676.79378874815,64566.97066943692,96441.15722837106,,,
uplift,0.47,1314081.0,0.4699998354744309,2684.528293544963,3024.4701723169396,2700.8535116320422,2264.4413972590437,3138.781273207192,96.59988281602115,80.99098032413838,112.2629945945193,0.0020553173751329196,0.0017234211225850653,0.00238951271322879,69338.62558160211,47525.95611295217,91260.79116035961,2479.994963428903,1699.8336901494313,3264.072521453047,1.0553173751329197,0.7234211225850653,1.38951271322879,-52.97035737467422,-108.78248393782381,7.658913814540707,-2648.517868733703,-5467.503305682562,353.0783421413355,1560.565518400289,1238.454352471803,1866.3679475205306,78028.27592001445,61877.27133072705,93287.56064428082,,,
expected_value,0.47,468006.0,0.16738902929198926,2587.8283706095613,2613.7826298145233,2586.987168427899,2164.757308314578,3015.2067837165146,92.52729044370754,77.42563652848824,107.84317650648248,0.005527679492202876,0.004632405785653113,0.006440226730146622,105949.05842139496,84872.99416572889,127351.41543582574,3789.4193757254316,3035.6038398024866,4554.905238130222,4.527679492202876,3.6324057856531127,5.440226730146622,-166.83670057881727,-274.9508048991095,-56.31707267476602,33961.914971059145,28492.276109767652,39513.628228720336,1446.699175196146,1120.5921176834204,1760.9002158757926,114638.70875980731,98274.45088417102,130366.88222027221,,,
treat_all,0.47,2795918.0,1.0,2810.037978447825,3217.6354680938102,2808.3909401138117,2373.108575811071,3241.3166497138513,100.44611251523871,84.87761714796612,115.9303187616322,0.001004461125152387,0.0008486005287199288,0.0011589839869416945,623.6470056905819,-21169.187947124658,22231.427485692548,22.305625761935147,-757.1462377338912,795.1387517692776,0.004461125152387029,-0.15139947128007125,0.15898398694169438,,,,,,,,,,,,,,,
random,0.48,1342041.0,0.480000128759141,1166.8313823022609,1382.0160851721278,1167.4219604568736,855.9715758715826,1482.853619140361,41.75451356072938,30.615045787164803,53.0363772879019,0.0008698854658366426,0.0006379966741039859,0.0011035693280637116,-8730.951977156321,-24284.178706420884,6958.24595701804,-312.2749657592362,-868.5583306241773,248.87160342392158,-0.13011453416335747,-0.3620033258960143,0.10356932806371162,-1594.7263297585926,-1896.2113241847946,-1285.8440292053297,-79736.31648792964,-94872.08495923974,-64314.921222580306,0.0,0.0,0.0,0.0,0.0,0.0,-180.60569079775587,-394.64522725071646,48.076493849148214
response,0.48,1342041.0,0.480000128759141,2760.5038659078655,3101.5246203703123,2762.148290215466,2325.300664668193,3167.045731922695,98.792178104489,83.16769893352357,113.27391332373463,0.0020581698250764814,0.0017326939410447371,0.002362360296301559,71005.36451077332,49165.123725447884,91328.37587552315,2539.6082614287443,1758.4608606349643,3266.489785305691,1.0581698250764815,0.7326939410447373,1.3623602963015586,0.0,0.0,0.0,0.0,0.0,0.0,1594.7263297585926,1285.8440292053297,1896.2113241847946,79736.31648792964,64314.921222580306,94872.08495923974,,,
uplift,0.48,1342041.0,0.480000128759141,2683.9298768552408,3026.9082528640597,2700.137644380117,2248.757973744014,3100.9384680705857,96.57427880145687,80.43004028530216,110.90949262712947,0.0020119636019913824,0.0016757765849275206,0.002313463084791254,67904.83221900584,45345.694937200715,88028.16147337171,2428.7132962771384,1621.8535356616578,3148.4529043187863,1.0119636019913822,0.6757765849275207,1.313463084791254,-62.01064583534935,-122.16024040034657,-3.175895526138551,-3100.5322917674785,-6121.410097395238,-124.30533753802197,1532.7156839232432,1210.3759017121663,1841.6121614142924,76635.78419616216,60425.90133560832,92058.06182071462,,,
expected_value,0.48,468006.0,0.16738902929198926,2587.8283706095613,2613.7826298145233,2586.987168427899,2164.1908579766623,2972.2114671018408,92.52729044370754,77.40537662322937,106.30538760799998,0.005527679492202876,0.004642352451354753,0.006357443844170222,105949.05842139496,84900.32664883311,125220.5893385744,3789.4193757254316,3036.5814250930507,4478.693199821111,4.527679492202876,3.6423524513547525,5.357443844170223,-175.16112178756703,-294.3247176720258,-60.79422593475304,34943.693910621645,28968.31044656754,40666.55978935204,1419.5652079710255,1110.0568711617877,1725.7498347147136,114680.01039855128,99196.74666317593,130000.86091105422,,,
treat_all,0.48,2795918.0,1.0,2810.037978447825,3217.6354680938102,2808.3909401138117,2358.942753777788,3205.749879752462,100.44611251523871,84.3709562933458,114.65822244259174,0.001004461125152387,0.0008431349338182518,0.0011470062104605742,623.6470056905819,-21944.03856111061,20543.360237623092,22.305625761935147,-784.859876473867,734.7626159859872,0.004461125152387029,-0.1568650661817483,0.14700621046057408,,,,,,,,,,,,,,,
random,0.49,1370000.0,0.4900000643795705,1244.071746300128,1461.308467057405,1244.7419952968562,927.2062463434502,1531.1799686441636,44.51997502419084,33.162855503754045,54.764838190682404,0.0009085707994867563,0.0006764543462826376,0.0011177362368436222,-6262.900235157191,-22173.966432827503,8064.309682208185,-224.00157068831027,-793.0835751559059,288.431552077285,-0.09142920051324366,-0.32354565371736255,0.11773623684362214,-1520.0366069363822,-1837.8892462912568,-1217.1270586904498,-76001.83034681913,-91912.30109725222,-60849.63390987856,0.0,0.0,0.0,0.0,0.0,0.0,-131.3695653589116,-354.743814481424,74.0342403728164
response,0.49,1370000.0,0.4900000643795705,2762.863114904369,3107.756565150647,2764.7786022332384,2336.835784465581,3206.4248421715365,98.88625497003983,83.58026896588458,114.68236343739466,0.002018086570973167,0.0017056093858505818,0.002341222794025046,69738.93011166193,48337.23547327904,91827.66323102747,2494.31242660414,1728.8502550246124,3284.3475105860566,1.0180865709731668,0.7056093858505817,1.3412227940250463,0.0,0.0,0.0,0.0,0.0,0.0,1520.0366069363822,1217.1270586904498,1837.8892462912568,76001.83034681913,60849.63390987856,91912.30109725222,,,
uplift,0.49,1370000.0,0.4900000643795705,2689.83299984474,3036.552555206159,2706.279854009587,2276.205122132138,3135.7788166822656,96.79396370027972,81.41172674349313,112.15560744922654,0.0019753867547515234,0.0016593021658614351,0.002289180009537701,66813.99270047934,45240.80621031205,88275.2420841133,2389.6978631161337,1618.1020405574145,3157.2900952071304,0.9753867547515233,0.659302165861435,1.2891800095377006,-58.498748223651546,-116.8462748505962,-1.6969267323203745,-2924.937411182589,-5784.532784326486,-95.9950327159105,1461.5378587127307,1159.9720301262337,1772.3409317722983,73076.89293563654,58032.63618988639,88617.66269697931,,,
expected_value,0.49,468006.0,0.16738902929198926,2587.8283706095613,2613.7826298145233,2586.987168427899,2186.8908857679526,3008.7920688331606,92.52729044370754,78.21727553411627,107.61374506810145,0.005527679492202876,0.004673078373125016,0.006423277860479443,105949.05842139496,85942.95673953091,127007.01469165801,3789.4193757254316,3073.872579221955,4542.587253691203,4.527679492202876,3.673078373125016,5.423277860479443,-177.79143380533924,-299.5854628724953,-60.10519581798333,36210.12830973303,30155.398913545396,42078.81645910084,1342.245173131043,1046.6046612791206,1647.3412146258408,112211.95865655216,97455.06056395604,127457.86198129204,,,
treat_all,0.49,2795918.0,1.0,2810.037978447825,3217.6354680938102,2808.3909401138117,2371.000032097918,3242.4139148130093,100.44611251523871,84.80220207094479,115.96956401486058,0.001004461125152387,0.0008474349687825498,0.0011600475043555087,623.6470056905819,-21331.4419732756,22367.468445266106,22.305625761935147,-762.9494846871618,800.0044509626572,0.004461125152387029,-0.15256503121745024,0.16004750435550888,,,,,,,,,,,,,,,
random,0.5,1397959.0,0.5,1309.2932899574978,1526.259842625165,1308.15796298446,995.660126198179,1611.9718270801725,46.78813767014841,35.611206272794085,57.6544743830174,0.0009357627534029682,0.0007120791982456343,0.0011526473430439096,-4490.051850776996,-20129.162440091062,10674.15695252621,-160.59311649257938,-719.9482402592303,381.77646671061916,-0.06423724659703176,-0.2879208017543659,0.15264734304390942,-1455.661211370974,-1750.5233774565731,-1165.4188701517735,-72783.06056854868,-87539.3172790031,-58198.478507588676,0.0,0.0,0.0,0.0,0.0,0.0,-96.0375070724458,-310.25378999240496,120.93502428267743
response,0.5,1397959.0,0.5,2762.8631149043686,3110.983730277087,2763.819174355434,2314.4639120588004,3175.973062962261,98.85193966187255,82.78010700094926,113.59321206710142,0.001977038793237451,0.0016553808519464658,0.0022710035152967907,68293.00871777169,45832.48782742502,88829.79814811303,2442.596983093628,1639.2643785484775,3177.1245847736964,0.977038793237451,0.6553808519464657,1.2710035152967905,0.0,0.0,0.0,0.0,0.0,0.0,1455.661211370974,1165.4188701517735,1750.5233774565731,72783.06056854868,58198.478507588676,87539.3172790031,,,
uplift,0.5,1397959.0,0.5,2689.110748602594,3039.844462153427,2706.5002936457663,2269.0753906157397,3110.0855512230833,96.80184803866803,81.15672171414683,111.23665111863379,0.0019360369607733605,0.0016232258958929098,0.0022273056100198395,65427.06468228831,43559.75828078698,85688.08755154605,2340.0924019334016,1557.9769607258502,3064.7568187459738,0.9360369607733604,0.6232258958929097,1.2273056100198398,-57.31888070966761,-121.48341075354507,-1.4970418980859852,-2865.9440354833787,-6050.0056373102625,-48.07886533682741,1398.3423306613063,1111.1733270243708,1687.1240356559952,69917.1165330653,55590.61461668525,84390.87948797936,,,
expected_value,0.5,468006.0,0.16738902929198926,2587.8283706095613,2613.7826298145233,2586.987168427899,2169.6619742932776,2976.886727853167,92.52729044370754,77.60105891135855,106.47260498530954,0.005527679492202876,0.004642093318274135,0.006366428984701076,105949.05842139496,85132.33246466388,125513.10139265834,3789.4193757254316,3044.8794444137447,4489.15531115928,4.527679492202876,3.6420933182741355,5.366428984701076,-176.83200592753474,-295.74803635002326,-53.74687196115664,37656.04970362327,31785.571693037364,43791.64120905389,1278.8292054434392,999.7819650375435,1571.2424444079516,110439.11027217197,96497.15756250848,125113.21722039756,,,
treat_all,0.5,2795918.0,1.0,2810.037978447825,3217.6354680938102,2808.3909401138117,2361.9050743458442,3224.752085983588,100.44611251523871,84.47690791882466,115.33786348467976,0.001004461125152387,0.0008446526785606242,0.0011531047059725233,623.6470056905819,-21729.83917874238,21408.499758908267,22.305625761935147,-777.1987296745606,765.7055664332167,0.004461125152387029,-0.15534732143937585,0.15310470597252346,,,,,,,,,,,,,,,
random,0.51,1425918.0,0.5099999356204294,1325.3947851126022,1543.2024215353426,1322.571496745905,989.7910520661293,1625.2119607196737,47.303658288472874,35.4012904550895,58.1280266702984,0.0009275228286240198,0.0006939725110223468,0.001138877574987512,-5167.3251627047575,-21821.184183293917,9883.482645691987,-184.81676367850406,-780.4658142082106,353.49687099879134,-0.07247717137598035,-0.3060274889776531,0.13887757498751196,-1441.6568685059049,-1741.4215900481247,-1115.8918097140684,-72082.84342529526,-86995.59325240625,-55870.49923570343,0.0,0.0,0.0,0.0,0.0,0.0,-109.70788271213883,-319.93761346034313,117.66856613469254
response,0.51,1425918.0,0.5099999356204294,2765.2235449165664,3115.8793209846403,2764.22836525181,2307.367815958438,3194.157306795271,98.86657495862933,82.52630499029077,114.24359751592397,0.0019385605380195846,0.0016177534017464096,0.0022418203733115395,66915.5182625905,44053.361401985654,88469.08158976355,2393.329069829319,1575.6313812488656,3164.2230419405555,0.9385605380195845,0.6177534017464096,1.2418203733115396,0.0,0.0,0.0,0.0,0.0,0.0,1441.6568685059049,1115.8918097140684,1741.4215900481247,72082.84342529526,55870.49923570343,86995.59325240625,,,
uplift,0.51,1425918.0,0.5099999356204294,2691.46662776789,3044.022007296799,2707.64990667944,2266.6189481402666,3142.2358876288386,96.84296559053018,81.06886354107189,112.38655381269545,0.0018988819179500084,0.0015901560727507313,0.0022032367914045187,64086.595333972,42060.61740701332,85851.76438144193,2292.1486014243624,1504.3580465168623,3070.6109543070265,0.8988819179500083,0.5901560727507312,1.2032367914045181,-56.57845857236998,-108.9605128392761,3.781559280226756,-2828.9229286185,-5441.020778873045,193.8753168303278,1385.0784099335349,1066.8964474185361,1678.7104590395825,69253.92049667676,53306.027610879,83938.53447286383,,,
expected_value,0.51,468006.0,0.16738902929198926,2587.8283706095613,2613.7826298145233,2586.987168427899,2156.557457534407,2987.692395982267,92.52729044370754,77.13235715548194,106.85908513705579,0.005527679492202876,0.0046094807487404785,0.0063900877610951696,105949.05842139496,84435.24412672035,125986.38282790908,3789.4193757254316,3019.947084525382,4506.082897563844,4.527679492202876,3.609480748740478,5.390087761095169,-177.24119682391074,-287.0216135631208,-66.70026377385017,39033.54015880446,33539.461015256966,44576.035460146384,1264.4156716819941,940.3395577258202,1561.7623099456696,111116.38358409972,94870.33437424469,125937.81049728348,,,
treat_all,0.51,2795918.0,1.0,2810.037978447825,3217.6354680938102,2808.3909401138117,2357.7127824624226,3231.9547645133193,100.44611251523871,84.32696461278272,115.59547756813036,0.001004461125152387,0.0008437213880912002,0.001156085389415725,623.6470056905819,-21835.419626878862,21817.631975665943,22.305625761935147,-780.9749651770496,780.3387644296415,0.004461125152387029,-0.15627861190879969,0.15608538941572495,,,,,,,,,,,,,,,
random,0.52,1453877.0,0.519999871240859,1369.2937128048732,1587.1425943157913,1364.400038683448,1015.6903749103157,1692.78024012495,48.79971582440715,36.32761672231859,60.54470267457594,0.0009384563059209603,0.0006982468806785306,0.0011658421411226527,-4473.848065827609,-21946.951254484215,12040.426928169356,-160.0135649839376,-784.9640531118658,430.6430635007663,-0.061543694079039826,-0.30175311932146937,0.16584214112265272,-1404.4137474951629,-1692.380258001919,-1096.6212330423477,-70220.68737475814,-84612.41165009595,-54846.76415211737,0.0,0.0,0.0,0.0,0.0,0.0,-95.96325017573417,-315.7899214046087,124.79112929763244
response,0.52,1453877.0,0.519999871240859,2769.9402965914896,3124.5228284490063,2768.813786178611,2317.371514743576,3188.412093929845,99.03057908631837,82.88410156319233,114.0381117733011,0.0019044346847626112,0.0015941636969453072,0.0021926702762144674,65746.83930893053,43176.926593703836,86714.45844649224,2351.5295981116233,1544.2844387318885,3101.466439519765,0.9044346847626109,0.594163696945307,1.192670276214467,0.0,0.0,0.0,0.0,0.0,0.0,1404.4137474951629,1096.6212330423477,1692.380258001919,70220.68737475814,54846.76415211737,84612.41165009595,,,
uplift,0.52,1453877.0,0.519999871240859,2698.541028495341,3051.8508952631096,2712.300213828212,2266.485784714974,3142.6916849786526,97.00929046660924,81.06410076100136,112.40285605581612,0.0018655637401432251,0.0015575991397762591,0.002162690041111575,62921.160691410594,40564.6217357487,84482.19174893263,2250.465167126167,1450.8516249671375,3021.6262332776796,0.8655637401432252,0.557599139776259,1.1626900411115753,-56.513572350399045,-113.24981037150104,3.154920982925887,-2825.6786175199377,-5676.657866293772,182.77788407816178,1347.9001751447638,1046.989910708165,1635.7919240203107,67395.0087572382,52282.63489264566,81843.89796094326,,,
expected_value,0.52,468006.0,0.16738902929198926,2587.8283706095613,2613.7826298145233,2586.987168427899,2165.78999650148,3017.163310476152,92.52729044370754,77.46257209623029,107.91315448007245,0.005527679492202876,0.004623355340805652,0.006443895317795551,105949.05842139496,84866.032325074,127461.99386021137,3789.4193757254316,3035.35483962956,4558.8602333906565,4.527679492202876,3.623355340805651,5.443895317795551,-181.82661775071165,-296.77036055353864,-60.460563283240155,40202.21911246443,34510.7387643828,46294.69017009682,1222.5871297444512,911.9436884662994,1519.4796716375097,110422.90648722257,94872.7685755743,125240.77284379404,,,
treat_all,0.52,2795918.0,1.0,2810.037978447825,3217.6354680938102,2808.3909401138117,2344.3814761403355,3232.3810193319105,100.44611251523871,83.85015140430927,115.61072318043341,0.001004461125152387,0.0008387967269710483,0.0011563614243645009,623.6470056905819,-22527.638692983215,21853.882216595506,22.305625761935147,-805.7331686044873,781.6353060638942,0.004461125152387029,-0.16120327302895177,0.1563614243645007,,,,,,,,,,,,,,,
random,0.53,1481837.0,0.5300001645255691,1412.999165207505,1631.5508174757335,1407.3594275120925,1085.0747693576243,1725.5496175863004,50.336219714315384,38.80924867459004,61.716746256016826,0.0009497396997862062,0.0007319755000810068,0.001164666852127323,-3723.87862439538,-19865.869032118793,12198.373379315015,-133.18983691207612,-710.5311755251332,436.29224388251066,-0.050260300213793824,-0.26802449991899335,0.164666852127323,-1369.8529271198902,-1658.5754802544934,-1063.3817802596202,-68492.64635599451,-82940.31651272466,-53194.38901298102,0.0,0.0,0.0,0.0,0.0,0.0,-81.08777074822774,-288.85303830211615,148.1716203216013
response,0.53,1481837.0,0.5300001645255691,2773.4692030537617,3135.0196137474077,2777.2123546319826,2318.1785720470507,3218.2863986101497,99.33096588068686,82.91296712017488,115.10660894239922,0.001874168585770218,0.0015653603792364769,0.0021724640869163086,64768.76773159913,41862.76610235254,86844.36493050748,2316.547471406498,1497.281612062748,3106.112730434422,0.8741685857702179,0.5653603792364769,1.1724640869163085,0.0,0.0,0.0,0.0,0.0,0.0,1369.8529271198902,1063.3817802596202,1658.5754802544934,68492.64635599451,53194.38901298102,82940.31651272466,,,
uplift,0.53,1481837.0,0.5300001645255691,2696.636756164369,3052.216118852869,2709.719817591116,2263.7099190654903,3139.568461850126,96.91699891023686,80.96481796195349,112.29114952048401,0.0018286220532967635,0.001527434985957349,0.002118365823702738,61394.14087955581,39077.29565107008,82875.81309250629,2195.8491228839976,1397.6552835623247,2964.1718066304625,0.8286220532967634,0.5274349859573487,1.1183658237027378,-67.49253704086641,-127.58062485546114,-5.742359835177767,-3374.6268520433223,-6379.412135977758,-277.2780537873462,1302.3603900790238,988.4413163957925,1599.7277573444803,65118.01950395119,49505.212542231464,79921.10536722402,,,
expected_value,0.53,468006.0,0.16738902929198926,2587.8283706095613,2613.7826298145233,2586.987168427899,2142.428511229799,2994.6596982069445,92.52729044370754,76.62701521395832,107.1082806508254,0.005527679492202876,0.004573322128213418,0.006402651229448766,105949.05842139496,83666.91431148995,126313.39741034724,3789.4193757254316,2992.4666714649697,4517.779041100176,4.527679492202876,3.5733221282134187,5.402651229448765,-190.22518620408346,-307.33876018235617,-76.46992812552894,41180.29068979583,35318.87053453387,46863.05208052848,1179.6277409158067,862.9329188264682,1463.7306545302501,109672.93704579034,93916.38094132341,123926.39772651251,,,
treat_all,0.53,2795918.0,1.0,2810.037978447825,3217.6354680938102,2808.3909401138117,2346.755791359974,3241.3847882217206,100.44611251523871,83.93507217879687,115.93275583267179,0.001004461125152387,0.0008394751843280098,0.0011605083156108447,623.6470056905819,-22437.38418200129,22415.575661086023,22.305625761935147,-802.5050871306416,801.725074236298,0.004461125152387029,-0.16052481567199015,0.16050831561084483,,,,,,,,,,,,,,,
random,0.54,1509796.0,0.5400001001459985,1427.8249397283623,1654.2120265569426,1422.4880545801188,1077.0620441525418,1755.9810404023715,50.87731666594367,38.52266211500272,62.80516955083702,0.0009421723561197134,0.0007136766377901767,0.0011643504396200636,-4365.397270994057,-21605.58404237291,12393.015770118562,-156.13466743280944,-772.7545672789012,443.2539069500093,-0.05782764388028657,-0.28632336220982324,0.16435043962006357,-1355.6149407567896,-1634.8551685278192,-1063.2590661053966,-67780.74703783948,-81690.70830321775,-53129.82451112465,0.0,0.0,0.0,0.0,0.0,0.0,-94.04305308133962,-309.7727584359902,117.90024930532317
response,0.54,1509796.0,0.5400001001459985,2774.642513955748,3138.37484494981,2778.1029953369084,2340.366733176682,3201.097340481666,99.36282091738416,83.70655838893279,114.49181773148088,0.0018400518979629753,0.001552437964962653,0.002120073441774908,63415.34976684542,41641.192908834084,84606.26432231111,2268.1405451392143,1489.3567303774319,3026.063866047256,0.8400518979629754,0.552437964962653,1.1200734417749076,0.0,0.0,0.0,0.0,0.0,0.0,1355.6149407567896,1063.2590661053966,1634.8551685278192,67780.74703783948,53129.82451112465,81690.70830321775,,,
uplift,0.54,1509796.0,0.5400001001459985,2697.815423605142,3057.3628582766955,2712.0427977794575,2276.5371709238207,3124.6802712859585,97.00008361402078,81.42360294271222,111.75865212377325,0.0017962975115707403,0.0015093139904859523,0.002070018296632801,60112.339888972885,38388.90162310917,80759.31231429792,2150.0036799710465,1373.033888086459,2888.4721338142936,0.7962975115707405,0.5093139904859525,1.070018296632801,-66.06019755745092,-123.62601368166008,-6.844766773792007,-3303.009877872537,-6158.649434083014,-331.3088705798137,1289.5547431993386,995.6717202821628,1578.49266772288,64477.73715996694,49664.51726410814,78853.22846708805,,,
expected_value,0.54,468006.0,0.16738902929198926,2587.8283706095613,2613.7826298145233,2586.987168427899,2161.96602853252,2991.7050098701657,92.52729044370754,77.32580242097657,107.00260200299742,0.005527679492202876,0.0046237263902344635,0.006402432374819346,105949.05842139496,84693.53879482951,126179.99175941505,3789.4193757254316,3029.1853621897894,4513.007597483726,4.527679492202876,3.6237263902344634,5.402432374819346,-191.11582690900923,-311.5805836966681,-65.40770489743946,42533.70865454954,36526.64495771725,48809.612468413696,1164.4991138477803,869.7745571562947,1447.4028392863431,110314.45569238902,95509.4924820938,124546.89363287181,,,
treat_all,0.54,2795918.0,1.0,2810.037978447825,3217.6354680938102,2808.3909401138117,2370.8066368577847,3228.9936886834043,100.44611251523871,84.795285014002,115.4895704624887,0.001004461125152387,0.0008476075086420575,0.0011554803699354223,623.6470056905819,-21291.325324085366,21721.69593323449,22.305625761935147,-761.5146554400153,776.9074748699528,0.004461125152387029,-0.15239249135794267,0.15548036993542227,,,,,,,,,,,,,,,
random,0.55,1537755.0,0.5500000357664281,1484.6422862103827,1712.62333340676,1479.7679777609187,1155.110973696551,1809.1087967837288,52.926014917494676,41.314193538456806,64.70535962727551,0.0009622911177404194,0.0007501237729396827,0.001177120798534568,-2899.3511119540635,-19211.03654381972,13610.962735783236,-103.6994329574066,-687.1101564430617,486.81551947457814,-0.03770888225958054,-0.24987622706031729,0.17712079853456786,-1301.8024270504588,-1589.9305059085116,-1005.9943875995989,-65090.12135252294,-79497.18279542559,-50299.28545846551,0.0,0.0,0.0,0.0,0.0,0.0,-64.8470393016778,-278.6814398703755,162.733385427569
response,0.55,1537755.0,0.5500000357664281,2776.9971413682592,3143.8465918163106,2781.5704048113776,2349.026391945533,3189.31928393306,99.48683776889656,84.01628345128623,114.07055871928503,0.0018088514781687444,0.0015281195697906475,0.0020746694709894674,62190.770240568876,40664.75324024076,82619.09659789279,2224.341709612688,1454.4329712187823,2954.9899745948483,0.8088514781687443,0.5281195697906474,1.074669470989467,0.0,0.0,0.0,0.0,0.0,0.0,1301.8024270504588,1005.9943875995989,1589.9305059085116,65090.12135252294,50299.28545846551,79497.18279542559,,,
uplift,0.55,1537755.0,0.5500000357664281,2702.5412614129946,3065.1727527044945,2717.1545207773643,2291.333310909938,3119.6068903445953,97.18291168687223,81.95280801904556,111.57719540932871,0.0017669619157651018,0.0014897100089492135,0.0020284956334413883,58969.97603886822,37659.796097710016,79071.48826722975,2109.1454055114714,1346.95638776638,2828.1046964621196,0.7669619157651019,0.4897100089492134,1.028495633441388,-64.41588403401329,-124.04378521591094,-3.9208117488995797,-3220.794201700657,-6216.974260795526,-195.13550015201113,1237.3865430164456,949.208179044445,1533.3623191479385,61869.32715082228,47542.33334680412,76689.10470739692,,,
expected_value,0.55,468006.0,0.16738902929198926,2587.8283706095613,2613.7826298145233,2586.987168427899,2182.3625378843412,2992.562935085323,92.52729044370754,78.05531270532045,107.03328692348353,0.005527679492202876,0.004673497473520613,0.006390374602036193,105949.05842139496,85769.84439421707,126213.68300658028,3789.4193757254316,3067.680968977526,4514.212613051608,4.527679492202876,3.673497473520612,5.390374602036193,-194.58323638347838,-309.16817217442923,-66.74830651155426,43758.288180826086,38098.0619618384,50143.82357272677,1107.2191906669805,800.8716654994695,1405.084322025943,108848.40953334903,93548.32428440625,123650.92659797744,,,
treat_all,0.55,2795918.0,1.0,2810.037978447825,3217.6354680938102,2808.3909401138117,2374.50867703594,3215.9639566733913,100.44611251523871,84.92769376769775,115.02354348995185,0.001004461125152387,0.0008488220986667202,0.001150299397840252,623.6470056905819,-21140.91009660351,20997.512502581136,22.305625761935147,-756.1348400276229,751.0060202974886,0.004461125152387029,-0.15117790133327974,0.15029939784025223,,,,,,,,,,,,,,,
random,0.56,1565714.0,0.5599999713868575,1507.6751708556126,1742.5201213255557,1501.6567553433983,1172.7586290677461,1867.5965630127537,53.70889830615198,41.94538713466368,66.79725811031487,0.0009590875187571921,0.0007484782926611318,0.001193491347636156,-3202.8622328300844,-19714.386319970148,15138.936900637678,-114.55494162668877,-705.1131799992042,541.465697514651,-0.04091248124280787,-0.25152170733886814,0.19349134763615614,-1283.229014893739,-1573.5641915208862,-991.4309170469237,-64161.450744686954,-78613.01614258616,-49566.61835234619,0.0,0.0,0.0,0.0,0.0,0.0,-71.04217112033643,-286.3918740132775,159.25841214271125
response,0.56,1565714.0,0.5599999713868575,2778.17510570751,3148.4721369001795,2784.8857702371374,2342.315132853991,3235.9930409888543,99.60541654787936,83.77624568581734,115.73991229316648,0.0017786682435215737,0.0014969064399515681,0.002068733571591993,60958.58851185687,38879.514680865366,83580.43482228508,2180.2709704596796,1390.5813647204734,2989.373609035926,0.7786682435215737,0.49690643995156814,1.0687335715919928,0.0,0.0,0.0,0.0,0.0,0.0,1283.229014893739,991.4309170469237,1573.5641915208862,64161.450744686954,49566.61835234619,78613.01614258616,,,
uplift,0.56,1565714.0,0.5599999713868575,2707.2512436061265,3070.0631529093184,2719.363362537804,2290.864173622577,3172.747779916165,97.26191406678608,81.93602865400834,113.47785521307011,0.00173681998279239,0.0014650797070758265,0.0020266668397824804,57682.468126890206,36360.97118112884,80316.36825001572,2063.0958464050163,1300.5020598289664,2872.629606805912,0.7368199827923899,0.46507970707582663,1.02666683978248,-65.5224076993336,-126.28507405821664,-3.53679542452578,-3276.1203849666636,-6304.61582783738,-87.81819453004337,1217.7066071944055,921.6781826665475,1509.2564297382323,60885.33035972029,46229.32413332738,75426.8041725343,,,
expected_value,0.56,468006.0,0.16738902929198926,2587.8283706095613,2613.7826298145233,2586.987168427899,2165.7243405515196,3028.8392135705553,92.52729044370754,77.4602238174195,108.3307598280978,0.005527679492202876,0.0046291240306689865,0.006470671198752595,105949.05842139496,84913.29701680836,128037.59817852775,3789.4193757254316,3037.0453288261083,4579.447543830962,4.527679492202876,3.629124030668986,5.470671198752593,-197.89860180923824,-306.16537958754765,-80.62404376374275,44990.46990953809,39503.74477062264,50793.449910624775,1085.3304130845008,777.8791741518663,1383.5256452940455,109151.92065422505,93851.6153098292,124111.20416203528,,,
treat_all,0.56,2795918.0,1.0,2810.037978447825,3217.6354680938102,2808.3909401138117,2361.4660236833024,3264.203296320142,100.44611251523871,84.46120464488952,116.74889236093983,0.001004461125152387,0.0008449670674952141,0.001168230260244538,623.6470056905819,-21664.131345178117,23502.9760660071,22.305625761935147,-774.8485951726094,840.6175025879551,0.004461125152387029,-0.1550329325047859,0.16823026024453813,,,,,,,,,,,,,,,
random,0.57,1593673.0,0.5699999070072871,1552.3969356457155,1791.9093639554528,1545.9387873134444,1222.2325066288172,1905.7390607018199,55.292708416822116,43.71489101714776,68.16147900982146,0.0009700476743431334,0.0007662621378818411,0.001195175301985169,-2386.7106343277846,-18641.27091855915,15560.611785090981,-85.36411419532993,-666.7316751978831,556.5475019328529,-0.02995232565686668,-0.23373786211815903,0.19517530198516894,-1243.8077026871931,-1509.7015713066737,-963.7348271986655,-62190.38513435966,-75492.45189166255,-48207.99635993328,0.0,0.0,0.0,0.0,0.0,0.0,-54.84404855142816,-260.9696301873699,162.0296341258122
response,0.57,1593673.0,0.5699999070072871,2785.2341951482144,3154.710153472189,2789.7464900006376,2358.9263080117944,3221.909313811779,99.77926713160535,84.37036808703955,115.23618767831455,0.0017505137440369746,0.001480242198599559,0.002019679098047215,59803.67450003188,38248.45938297371,81332.56319058896,2138.9638215438317,1368.0107708085043,2908.9752700397135,0.7505137440369747,0.48024219859955875,1.0196790980472148,0.0,0.0,0.0,0.0,0.0,0.0,1243.8077026871931,963.7348271986655,1509.7015713066737,62190.38513435966,48207.99635993328,75492.45189166255,,,
uplift,0.57,1593673.0,0.5699999070072871,2710.791012410837,3077.6211770742343,2724.6724763812704,2292.997121141117,3164.0789248764204,97.45180210511433,82.01231656797937,113.16780123295534,0.0017096810176123146,0.0014389197012157496,0.0019849032325776283,56549.973819063496,34972.12480705586,78500.33999382104,2022.5905702192804,1250.8279859085947,2807.676762831422,0.7096810176123143,0.43891970121574947,0.9849032325776281,-65.07401361936718,-122.95354476618907,-5.437597132508675,-3253.7006809683808,-6134.979441356915,-271.1108378477197,1178.733689067826,892.1864498518856,1442.68173556562,58936.68445339128,44498.57187135291,72179.96302828101,,,
expected_value,0.57,468006.0,0.16738902929198926,2587.8283706095613,2613.7826298145233,2586.987168427899,2184.8689318561146,2983.641253446714,92.52729044370754,78.14495746499414,106.71419023900967,0.005527679492202876,0.004669170498433761,0.006380049032778446,105949.05842139496,85846.68909280573,125799.17142233573,3789.4193757254316,3070.4294293611515,4499.387014294974,4.527679492202876,3.6691704984337608,5.380049032778445,-202.75932157273837,-321.9284808873654,-80.58471172338967,46145.383921363085,40187.97450115335,52298.56317460862,1041.0483811144547,754.6429838812464,1319.7667138474803,108335.76905572275,94041.35294406232,122289.93319237402,,,
treat_all,0.57,2795918.0,1.0,2810.037978447825,3217.6354680938102,2808.3909401138117,2367.14292373293,3253.4690186277007,100.44611251523871,84.66424708210076,116.36496559011032,0.001004461125152387,0.0008457568776056245,0.0011635611004156964,623.6470056905819,-21585.132563353527,22885.287491736097,22.305625761935147,-772.0230909258972,818.5249886347202,0.004461125152387029,-0.1542431223943756,0.16356110041569635,,,,,,,,,,,,,,,
random,0.58,1621632.0,0.5799998426277165,1585.042082844398,1827.7973737944471,1578.835815884816,1197.563388237374,1906.1459142194956,56.469317622505955,42.83256476897299,68.1760307068911,0.0009736091886968288,0.00073778394561177,0.0011758726992036023,-2139.809205759215,-21281.314338131306,14255.436180994056,-76.5333320132856,-761.1565982311107,509.8660325872953,-0.026390811303171308,-0.2622160543882302,0.17587269920360218,-1201.5326764530746,-1468.4277488925366,-946.5916097620543,-60076.63382265375,-73407.62575280262,-47327.234736845516,0.0,0.0,0.0,0.0,0.0,0.0,-50.03092938119471,-274.61726362375293,158.30554567387927
response,0.58,1621632.0,0.5799998426277165,2775.1140456391313,3146.8650979789204,2780.3684923378905,2325.203140117096,3211.9986439857994,99.44384965288289,83.16421082868297,114.88171841898796,0.0017145495971576106,0.0014333047064958903,0.0019791585556997687,57936.82461689453,35178.40721143946,79470.8910875168,2072.1932695055625,1258.2059706843856,2842.3899086996394,0.7145495971576108,0.4333047064958899,0.9791585556997683,0.0,0.0,0.0,0.0,0.0,0.0,1201.5326764530746,946.5916097620543,1468.4277488925366,60076.63382265375,47327.234736845516,73407.62575280262,,,
uplift,0.58,1621632.0,0.5799998426277165,2713.1447001551883,3082.9033756619538,2727.697190355654,2267.9994400145324,3158.4282801349386,97.55998531987183,81.11823880437595,112.96569785433401,0.001682069168809973,0.0013993032456013654,0.001946647588403959,55303.25951778269,32359.16297819591,76793.58525674693,1978.000052855008,1157.3716746412415,2746.6322423170823,0.6820691688099727,0.39930324560136526,0.9466475884039589,-52.6713019822364,-113.46691913206101,13.891520775284846,-2633.5650991118455,-5665.632817441383,707.5716849088376,1148.8613744708382,889.0313233270559,1421.311732536423,57443.0687235419,44474.87116635281,70931.47662682115,,,
expected_value,0.58,468006.0,0.16738902929198926,2587.8283706095613,2613.7826298145233,2586.987168427899,2164.88341117645,2996.9915917725093,92.52729044370754,77.43014677742516,107.19168415427454,0.005527679492202876,0.004623234311152711,0.00639456183094824,105949.05842139496,84823.23333106522,126454.24270042893,3789.4193757254316,3033.824072489437,4522.816574035038,4.527679492202876,3.623234311152711,5.394561830948239,-193.38132390999135,-316.77568100537275,-71.27342586467485,48012.23380450043,41824.34761544105,54126.221543048596,1008.1513525430832,746.3814418850504,1279.501531346283,108088.86762715418,95055.68459425253,121758.630944152,,,
treat_all,0.58,2795918.0,1.0,2810.037978447825,3217.6354680938102,2808.3909401138117,2356.069498966378,3238.929727615155,100.44611251523871,84.26819023184436,115.84494708411174,0.001004461125152387,0.0008424495497022371,0.0011577395690716627,623.6470056905819,-22030.983801681105,22064.866380757754,22.305625761935147,-787.9695971656215,789.181455992549,0.004461125152387029,-0.15755045029776307,0.15773956907166276,,,,,,,,,,,,,,,
random,0.59,1649592.0,0.5900001359124266,1600.6482794501758,1845.9955481622314,1593.3067518730095,1251.1952743561285,1920.29307132609,56.98689131344373,44.75078576539542,68.68202398375381,0.0009658792912871847,0.000758645764011738,0.0011646027625733637,-2814.2624063495314,-19902.65378219359,13594.75109135026,-100.65611388994711,-711.8468346422745,486.235686860282,-0.03412070871281543,-0.2413542359882622,0.1646027625733636,-1190.9233624892377,-1459.951061257788,-922.2757813495987,-59546.168124461896,-72933.0088890498,-46066.23406747993,0.0,0.0,0.0,0.0,0.0,0.0,-63.643902794139194,-277.8052151017475,139.80486718565726
response,0.59,1649592.0,0.5900001359124266,2777.4705867971975,3152.2714396874253,2784.230114362247,2342.5659672705406,3215.846976713908,99.58196607920001,83.78521713693107,115.01935953464687,0.0016878295447372727,0.0014203931816100274,0.0019491667191292045,56731.905718112364,34667.94063921607,78353.90117161641,2029.0976243978673,1239.9484047535038,2802.439169232303,0.6878295447372728,0.42039318161002726,0.9491667191292045,0.0,0.0,0.0,0.0,0.0,0.0,1190.9233624892377,922.2757813495987,1459.951061257788,59546.168124461896,46066.23406747993,72933.0088890498,,,
uplift,0.59,1649592.0,0.5900001359124266,2715.4933248945736,3087.110690626113,2729.774869450667,2306.2836454308604,3164.5929252125097,97.63429647974894,82.48752808311475,113.1861851889973,0.0016548182031985287,0.001398650051777023,0.001918831429288542,54009.14347253335,32906.761021543025,75747.44447592697,1931.714144425314,1176.9573006627172,2709.2155233424933,0.6548182031985285,0.3986500517770229,0.9188314292885419,-54.45524491157994,-113.9009332950451,10.355786416980079,-2722.7622455790115,-5694.790181003559,486.0211601373495,1136.4681175776577,875.5026504880283,1424.6085059871994,56823.405878882884,43717.54377440142,71189.78451161439,,,
expected_value,0.59,468006.0,0.16738902929198926,2587.8283706095613,2613.7826298145233,2586.987168427899,2168.346596563305,3007.820665025955,92.52729044370754,77.55401254841182,107.57900142371683,0.005527679492202876,0.00463526879935255,0.006428289930129232,105949.05842139496,85028.66107816523,126995.84825129775,3789.4193757254316,3041.1714892269815,4542.187870005407,4.527679492202876,3.6352687993525494,5.428289930129231,-197.24294593434797,-313.4466368678838,-79.3076065007881,49217.1527032826,43381.6619066058,55140.72671294905,993.6804165548897,735.0187256732353,1286.8936824846974,108763.3208277445,95714.07753366177,123446.35912423485,,,
treat_all,0.59,2795918.0,1.0,2810.037978447825,3217.6354680938102,2808.3909401138117,2373.2603966606703,3243.9812066033046,100.44611251523871,84.88304723746083,116.02562044392234,0.001004461125152387,0.0008490287547613321,0.001160267883203899,623.6470056905819,-21100.2276669665,22404.567830165204,22.305625761935147,-754.6797748348306,801.331363443606,0.004461125152387029,-0.15097124523866792,0.16026788320389893,,,,,,,,,,,,,,,
random,0.6,1677551.0,0.6000000715328561,1642.211772952125,1890.8089223363195,1634.226260925473,1282.8410625152956,1972.2441094226344,58.45043599009245,45.88264257089427,70.54012705031529,0.000974173817025815,0.0007643715805343143,0.0011761022505438034,-2166.236953726344,-19772.69562423522,14759.565471131713,-77.4785581596579,-707.1986955352489,527.8969365743814,-0.025826182974184916,-0.23562841946568566,0.17610225054380343,-1147.2797519399937,-1406.7044854102421,-868.4925993127675,-57363.98759699968,-70319.3980205121,-43423.29426057372,0.0,0.0,0.0,0.0,0.0,0.0,-50.808303142813884,-257.1228649811615,154.99045173381106
response,0.6,1677551.0,0.6000000715328561,2774.384758941487,3150.817468043539,2781.506012865467,2336.253142530647,3201.608453189721,99.4845346989957,83.55942994503584,114.51009840738251,0.0016580753806384825,0.001391388562024835,0.001909633100793537,55197.750643273335,32858.65337653234,76213.17347271545,1974.2263772855047,1175.2366620384555,2725.872986000142,0.6580753806384823,0.3913885620248349,0.9096331007935368,0.0,0.0,0.0,0.0,0.0,0.0,1147.2797519399937,868.4925993127675,1406.7044854102421,57363.98759699968,43423.29426057372,70319.3980205121,,,
uplift,0.6,1677551.0,0.6000000715328561,2721.3970173853204,3095.902848588068,2736.5592362518814,2282.8270162059093,3150.437836375853,97.87694904685623,81.6485682414831,112.67990822248194,0.0016312822896304682,0.0013604536138967264,0.0018779479411163793,52950.41181259406,30241.872060295464,73668.4241197698,1893.8470946785299,1081.6437413506212,2634.8563913451612,0.631282289630468,0.36045361389672625,0.8779479411163792,-44.94677661358537,-101.65940841646358,13.026053951247633,-2247.3388306792767,-5062.722239275304,641.0368860036127,1102.3329753264084,827.3292984792538,1378.300515321731,55116.6487663204,41396.715588315514,68876.78422991469,,,
expected_value,0.6,468006.0,0.16738902929198926,2587.8283706095613,2613.7826298145233,2586.987168427899,2160.589314246122,3005.210203997438,92.52729044370754,77.2765622684972,107.48563455714502,0.005527679492202876,0.004608350356196967,0.006415250072364025,105949.05842139496,84587.35571230609,126872.188802937,3789.4193757254316,3025.387572607855,4537.765013242055,4.527679492202876,3.6083503561969668,5.415250072364026,-194.51884443756762,-313.99013979218455,-77.43492732806983,50751.30777812163,44752.03130009291,56556.30765127649,952.7609075024261,663.9718219486225,1241.3361611199955,108115.2953751213,93684.51262778387,122559.56609394593,,,
treat_all,0.6,2795918.0,1.0,2810.037978447825,3217.6354680938102,2808.3909401138117,2354.7618828990394,3230.3708958727348,100.44611251523871,84.22142147584583,115.53882824434532,0.001004461125152387,0.0008419176969673734,0.0011555274800694436,623.6470056905819,-22105.32171596958,21739.500480891424,22.305625761935147,-790.6283988289206,777.5442799428102,0.004461125152387029,-0.15808230303262663,0.15552748006944347,,,,,,,,,,,,,,,
random,0.61,1705510.0,0.6100000071532856,1696.8505490974514,1947.3478831505295,1688.6022293952885,1327.6417282201926,2001.2381629180716,60.395270154392534,47.48500235772983,71.57714077873786,0.0009900863843632043,0.0007803032250987165,0.0011739691403222204,-845.3885302355775,-18689.777253767483,14824.396633302136,-30.23652804680171,-668.4665735464159,530.2157156719953,-0.009913615636795768,-0.2196967749012836,0.17396914032222027,-1095.562834876457,-1351.2960126392413,-814.905707479213,-54778.14174382285,-67533.48536218464,-40786.89421659742,0.0,0.0,0.0,0.0,0.0,0.0,-24.516244074136466,-235.27039771748787,186.18938488255617
response,0.61,1705510.0,0.6100000071532856,2774.3847589414877,3154.8369921197996,2784.1650642717455,2339.6253307764287,3204.9605178941833,99.57963946981798,83.68004107332291,114.62998978847676,0.001632453086919306,0.0013706077420970574,0.0018780738360881736,53932.753213587275,31631.25932028944,74922.29339470915,1928.981937724471,1131.3371608283735,2679.7028165600404,0.6324530869193059,0.3706077420970574,0.8780738360881735,0.0,0.0,0.0,0.0,0.0,0.0,1095.562834876457,814.905707479213,1351.2960126392413,54778.14174382285,40786.89421659742,67533.48536218464,,,
uplift,0.61,1705510.0,0.6100000071532856,2727.290536486885,3101.866031320308,2740.3654062930664,2288.6990617252964,3153.148752998107,98.0130821538066,81.85859033509911,112.77686802682005,0.001606771819744866,0.0013420661354198594,0.0018468799998984755,51742.77031465332,29167.20808626482,72293.23264990533,1850.6540719239017,1043.2068496381087,2585.670704573787,0.6067718197448659,0.34206613541985936,0.8468799998984754,-43.79965797867908,-101.8830456379554,10.14068159588488,-2189.9828989339585,-5120.69871980784,547.6554674661952,1051.7631768977778,765.9297089644466,1301.3889346088108,52588.158844888894,38306.89059602114,65094.66703967874,,,
expected_value,0.61,468006.0,0.16738902929198926,2587.8283706095613,2613.7826298145233,2586.987168427899,2168.727585594309,2976.486518115535,92.52729044370754,77.5676391651797,106.45829091252087,0.005527679492202876,0.004635537113824434,0.006348442059247508,105949.05842139496,85043.97052971544,125359.73840577676,3789.4193757254316,3041.719053624443,4483.6700649223885,4.527679492202876,3.6355371138244337,5.348442059247507,-197.17789584384627,-318.6257336480824,-75.7700650256843,52016.30520780769,45878.49659484944,58082.20811377767,898.3849390326106,616.5170018241101,1152.5144088900884,106794.44695163054,92691.43386461138,119530.7666945044,,,
treat_all,0.61,2795918.0,1.0,2810.037978447825,3217.6354680938102,2808.3909401138117,2368.5909863536185,3235.8665003970336,100.44611251523871,84.71603910964552,115.73538638819285,0.001004461125152387,0.0008475937853156479,0.001158023132658248,623.6470056905819,-21300.60331236085,22095.163293089314,22.305625761935147,-761.8464959401832,790.2650683278019,0.004461125152387029,-0.15240621468435206,0.15802313265824816,,,,,,,,,,,,,,,
random,0.62,1733469.0,0.6199999427737151,1713.181776811915,1969.2977168139955,1704.9324672866994,1375.3223168776349,2064.3981391075417,60.97934443308778,49.19036670165702,73.83614752319424,0.0009835379042179002,0.0007916882372349473,0.0011920295915118677,-1426.826635665042,-18052.62973833285,16628.17945537709,-51.032492214186604,-645.6780827739888,594.7305842080165,-0.016462095782099846,-0.20831176276505273,0.19202959151186755,-1081.955398417015,-1324.1801291043685,-808.6751159320243,-54097.76992085074,-66206.65800789955,-40436.65974598633,0.0,0.0,0.0,0.0,0.0,0.0,-36.26991558386385,-219.6880530626587,173.12120700017257
response,0.62,1733469.0,0.6199999427737151,2776.7403590603194,3158.996784747926,2786.8878657037144,2318.143344299348,3247.4025318633626,99.67702435134773,82.91170714947106,116.14798902769546,0.0016076940895416731,0.0013379748497980583,0.0018720446723696175,52670.9432851857,29277.9908870693,75636.01034316812,1883.8515036988101,1047.1691547130247,2705.2299224500903,0.6076940895416727,0.3379748497980582,0.8720446723696172,0.0,0.0,0.0,0.0,0.0,0.0,1081.955398417015,808.6751159320243,1324.1801291043685,54097.76992085074,40436.65974598633,66206.65800789955,,,
uplift,0.62,1733469.0,0.6199999427737151,2729.6506613328784,3107.4102927634376,2744.1629908974587,2288.2123017288677,3203.9292288865267,98.1489081903496,81.84118066870587,114.59310426437852,0.0015830470524119315,0.0013212263445752396,0.0018461135770217443,50534.699544872914,27816.35258644338,73421.48394432635,1807.4456956489037,994.8915735884735,2626.0242233258036,0.5830470524119313,0.32122634457523963,0.8461135770217443,-42.724874806255684,-99.39687692001017,20.970207331610354,-2136.243740312784,-4984.050472002347,1060.407866580515,1039.2305236107593,763.9961470330466,1285.7141416906125,51961.526180537956,38120.45360165233,64339.50458453062,,,
expected_value,0.62,468006.0,0.16738902929198926,2587.8283706095613,2613.7826298145233,2586.987168427899,2135.0787668555577,3022.6747028080376,92.52729044370754,76.3641411105604,108.1102772974042,0.005527679492202876,0.004565863516678719,0.006455194268662858,105949.05842139496,83373.05084277788,127720.25639040189,3789.4193757254316,2981.956224852728,4568.0973615965095,4.527679492202876,3.5658635166787187,5.455194268662858,-199.90069727581522,-322.5210885740939,-72.14004281118436,53278.115136209264,47197.0230712953,59659.88535944079,882.0547011411998,606.7008048596065,1120.8753001171228,107375.88505706,93502.4201588086,119342.18015938684,,,
treat_all,0.62,2795918.0,1.0,2810.037978447825,3217.6354680938102,2808.3909401138117,2355.4816098371225,3273.113172373731,100.44611251523871,84.24716353759742,117.06756680180644,0.001004461125152387,0.0008422405623549178,0.0011707371130435327,623.6470056905819,-22038.42244601025,23867.096118686506,22.305625761935147,-788.2356509028609,853.6407762561887,0.004461125152387029,-0.1577594376450822,0.17073711304353248,,,,,,,,,,,,,,,
random,0.63,1761428.0,0.6299998783941446,1702.395959450793,1961.6655963798933,1695.5559031612952,1358.3596845069671,2036.2893302129357,60.64397822687558,48.583673931315836,72.83079583210007,0.000962603014804633,0.0007716627903557967,0.0011561704573152796,-3293.6048419352446,-20097.127024651636,13752.050295975749,-117.80048062694416,-718.802447877643,491.8617175459276,-0.037396985195366994,-0.22833720964420332,0.1561704573152796,-1093.433726149433,-1343.9980152790642,-850.2603675914411,-54671.68630747164,-67204.83076395321,-42461.90462957206,0.0,0.0,0.0,0.0,0.0,0.0,-73.73038911040612,-269.96864747860667,128.08497545839782
response,0.63,1761428.0,0.6299998783941446,2777.9186249452323,3162.447294638632,2788.989629310728,2355.8480832798614,3220.7000268542142,99.7521969281906,84.2602709836219,115.19293580334667,0.0015833685108393462,0.0013391305508740823,0.0018273542974423904,51378.081465536394,29849.877359685543,72916.82046572959,1837.6104544388068,1067.6234910925693,2607.974213325627,0.5833685108393462,0.33913055087408217,0.8273542974423904,0.0,0.0,0.0,0.0,0.0,0.0,1093.433726149433,850.2603675914411,1343.9980152790642,54671.68630747164,42461.90462957206,67204.83076395321,,,
uplift,0.63,1761428.0,0.6299998783941446,2726.604570073179,3105.80227229677,2740.7052167445686,2302.27300062644,3171.757186086153,98.02523595987323,82.34408164425567,113.44242521011536,0.0015559564266859438,0.0013082775053594711,0.0018012482979047305,48963.86083722841,27124.936281322003,70544.7783791084,1751.2624060229382,970.1620820539803,2523.134740686543,0.5559564266859435,0.3082775053594712,0.8012482979047303,-48.28441256615952,-102.4689616126943,9.183182242644625,-2414.2206283079868,-5130.937043552356,459.0998341901736,1045.1493135832734,793.4176214727504,1304.6152951349782,52257.46567916365,39613.04881529621,65288.08850674892,,,
expected_value,0.63,468006.0,0.16738902929198926,2587.8283706095613,2613.7826298145233,2586.987168427899,2148.7613883774193,2984.6684616998023,92.52729044370754,76.85351960885188,106.7509298090932,0.005527679492202876,0.004592618882718845,0.006386131364186672,105949.05842139496,84017.65816887096,125865.0605849901,3789.4193757254316,3005.011526406388,4501.74363429078,4.527679492202876,3.592618882718844,5.386131364186671,-202.00246088282893,-321.346412448561,-75.49341654790415,54570.97695585857,48656.84702835903,60878.06208668778,891.431265266604,604.0404978814336,1147.8851237554297,109242.6632633302,94861.17451387152,122185.9911877715,,,
treat_all,0.63,2795918.0,1.0,2810.037978447825,3217.6354680938102,2808.3909401138117,2371.755040791768,3243.4782974807827,100.44611251523871,84.8292060350757,116.0076331809725,0.001004461125152387,0.0008481395184165778,0.001160219825330579,623.6470056905819,-21233.285460411626,22395.307374039137,22.305625761935147,-759.4387768314959,801.000150005799,0.004461125152387029,-0.15186048158342233,0.16021982533057869,,,,,,,,,,,,,,,
random,0.64,1789388.0,0.6400001716788547,1721.964474307974,1984.2105229658046,1716.0812692311213,1382.576366244886,2065.1116448793396,61.37809725575361,49.44981813647203,73.86166707604941,0.000959032512362395,0.0007727862734409913,0.0011539155739478657,-3665.3365384439385,-20325.17543775572,13773.22724396696,-131.09599560659285,-726.958925038421,492.61914133272,-0.04096748763760502,-0.22721372655900884,0.1539155739478657,-1074.0106910162215,-1312.839625222387,-819.9113074084163,-53700.53455081108,-65659.18376111935,-40982.66866955304,0.0,0.0,0.0,0.0,0.0,0.0,-81.28893244171832,-266.1421191086798,131.73846479472095
response,0.64,1789388.0,0.6400001716788547,2779.0963440253963,3164.7900403656286,2790.0919602473427,2391.6172888205624,3233.0588878870276,99.79162336832992,85.53960770024595,115.63496811734205,0.0015592436968658238,0.0013357735330907215,0.0018079478222741325,50035.19801236714,30059.054441028115,72240.55189435136,1789.580310022223,1075.1050081235614,2583.786502120283,0.5592436968658238,0.3357735330907213,0.8079478222741323,0.0,0.0,0.0,0.0,0.0,0.0,1074.0106910162215,819.9113074084163,1312.839625222387,53700.53455081108,40982.66866955304,65659.18376111935,,,
uplift,0.64,1789388.0,0.6400001716788547,2730.141689697075,3109.9445816556663,2742.909132411698,2332.1591710293796,3192.9591132022115,98.1040621510251,83.41300320786875,114.20074241097957,0.0015328755599186416,0.0013031092274493822,0.001783870233755642,47676.0566205849,27099.157087589992,70163.93906119795,1705.202249156982,969.2400523759993,2509.5134786212598,0.5328755599186414,0.3031092274493823,0.7838702337556417,-47.18282783564473,-105.7863455846811,15.302438185925547,-2359.1413917822356,-5309.612192344228,790.0406592962723,1026.8278631805767,773.3671545711674,1270.4053741677078,51341.39315902884,38732.70397855838,63506.70995838538,,,
expected_value,0.64,468006.0,0.16738902929198926,2587.8283706095613,2613.7826298145233,2586.987168427899,2187.0032202451525,3015.547733205386,92.52729044370754,78.22129333711334,107.85537105184724,0.005527679492202876,0.004668201362917814,0.0064486688521706225,105949.05842139496,85913.14476225762,127397.9429102693,3789.4193757254316,3072.8063112815767,4556.569359697577,4.527679492202876,3.6682013629178143,5.448668852170623,-203.10479181944356,-320.8560640785316,-76.1446544852387,55913.860409027824,50001.271796073444,62232.531430903095,870.9058991967779,618.479899014177,1125.5768019034576,109614.3949598389,96971.91707309817,122334.4767989087,,,
treat_all,0.64,2795918.0,1.0,2810.037978447825,3217.6354680938102,2808.3909401138117,2402.230844923708,3252.4029888187893,100.44611251523871,85.919216691037,116.32683751164336,0.001004461125152387,0.0008593709750116536,0.0011630330079848194,623.6470056905819,-19658.46621365347,22795.956940939468,22.305625761935147,-703.1131175396944,815.329953916369,0.004461125152387029,-0.14062902498834648,0.16303300798481937,,,,,,,,,,,,,,,
random,0.65,1817347.0,0.6500001072992841,1735.1034804340798,2003.8872524068704,1730.0792642701088,1379.4378224588797,2101.6111406457903,61.87875553825645,49.33756363594639,75.16712366549342,0.0009519806972857186,0.0007591575461797763,0.00115771038429943,-4363.386786494564,-21881.30762705603,14313.814380107058,-156.06275958359882,-782.6162150340614,511.9540122459621,-0.04801930271428147,-0.2408424538202238,0.1577103842994297,-1063.1541615413769,-1314.5930653961389,-815.6116164296501,-53157.70807706883,-65736.51894263599,-40801.55359617831,0.0,0.0,0.0,0.0,0.0,0.0,-95.37484680386888,-303.25580602377966,109.08544855288184
response,0.65,1817347.0,0.6500001072992841,2781.4484372853312,3168.936615340347,2793.2334258114856,2363.8499436033626,3228.169948203129,99.90398237042308,84.54646894520377,115.46010820786334,0.0015369840904414433,0.0013016368448104194,0.0017748681274861531,48794.32129057427,27383.546743007653,70468.75116015643,1745.1985820247328,979.4116545266226,2520.4155186295316,0.5369840904414431,0.3016368448104193,0.774868127486153,0.0,0.0,0.0,0.0,0.0,0.0,1063.1541615413769,815.6116164296501,1314.5930653961389,53157.70807706883,40801.55359617831,65736.51894263599,,,
uplift,0.65,1817347.0,0.6500001072992841,2719.1170481268373,3101.900467167907,2733.101259558684,2311.7045046467524,3170.835096183071,97.75326957223653,82.68141285426657,113.40944534793479,0.0015038962067005827,0.001272357723715023,0.001743992881843511,45787.71297793419,24741.67751035632,67634.41355915356,1637.6629421154053,884.9214286812531,2419.0413867342877,0.5038962067005827,0.2723577237150231,0.7439928818435109,-60.13216625280165,-112.29416169626589,-6.629384951181013,-3006.608312640077,-5577.781466965446,-318.1911755622179,1003.0219952885752,751.254129785793,1258.8692309883807,50151.099764428756,37562.12648928967,62867.574837249136,,,
expected_value,0.65,468006.0,0.16738902929198926,2587.8283706095613,2613.7826298145233,2586.987168427899,2165.930408759354,2994.53028322114,92.52729044370754,77.46759414114986,107.10365193904613,0.005527679492202876,0.004632824938537111,0.006394460356046548,105949.05842139496,84907.39715579139,126308.856661057,3789.4193757254316,3036.8343118714993,4517.616634717362,4.527679492202876,3.6328249385371114,5.394460356046547,-206.24625738358645,-320.98842508086136,-87.27313234217912,57154.73713082069,51498.707094132165,63145.81701168035,856.9079041577904,601.2410335922639,1115.518059709063,110312.44520788953,97448.80292961319,123191.62985098474,,,
treat_all,0.65,2795918.0,1.0,2810.037978447825,3217.6354680938102,2808.3909401138117,2379.434953178754,3247.8877414324406,100.44611251523871,85.10388906894815,116.16534324084041,0.001004461125152387,0.0008511144787000707,0.001161391714770215,623.6470056905819,-20811.732341062314,22560.16795337726,22.305625761935147,-744.3613275161258,806.8966240561152,0.004461125152387029,-0.14888552129992935,0.16139171477021505,,,,,,,,,,,,,,,
random,0.66,1845306.0,0.6600000429197137,1742.1195931849581,2015.9165789046897,1738.488935743588,1389.1462452191886,2103.6256032522188,62.17953944799483,49.68479924014899,75.23917379737956,0.0009421141727949662,0.0007529348120141393,0.0011396571081989334,-5340.853212820599,-22796.366177994685,12889.240162610926,-191.02324219882695,-815.3445908640628,461.0020809841678,-0.057885827205033734,-0.2470651879858606,0.1396571081989332,-1055.190432119901,-1288.187842928999,-797.4440294112729,-52759.52160599503,-64416.89589644996,-39931.36897056365,0.0,0.0,0.0,0.0,0.0,0.0,-115.04908473152796,-318.42862194369644,81.62790018122249
response,0.66,1845306.0,0.6600000429197137,2782.6260826258267,3170.6021947458084,2793.679367863489,2348.1104474081685,3213.717685653289,99.91993212474361,83.98352338688647,114.94320239911504,0.0015139382670752107,0.0012721337723772103,0.0017388656349155598,47418.668393174434,25115.297370408414,68275.9365018296,1695.9963916386114,898.2844765264366,2441.9863709103624,0.5139382670752106,0.27213377237721037,0.7388656349155598,0.0,0.0,0.0,0.0,0.0,0.0,1055.190432119901,797.4440294112729,1288.187842928999,52759.52160599503,39931.36897056365,64416.89589644996,,,
uplift,0.66,1845306.0,0.6600000429197137,2721.4752660769414,3104.2032941246057,2733.5257525138513,2286.609630876018,3158.918993919547,97.76845216897819,81.78385885694853,112.98324893360774,0.001481340088047105,0.0012390021952554313,0.0017136384745727862,44410.98762569255,22052.755825183252,65794.60844597736,1588.4223938503399,788.7483046778644,2353.2381295151486,0.4813400880471049,0.23900219525543134,0.7136384745727861,-60.153615349637676,-115.35906920961745,-6.336119980004677,-3007.6807674818847,-5790.835271157696,-334.58647999598054,995.0368167702634,750.7999535043667,1238.6565390642209,49751.84083851315,37608.84767521834,61987.75488183286,,,
expected_value,0.66,468006.0,0.16738902929198926,2587.8283706095613,2613.7826298145233,2586.987168427899,2145.7260799145274,2977.305507738949,92.52729044370754,76.74495746708335,106.48758324596605,0.005527679492202876,0.004577784395885535,0.006368517796217382,105949.05842139496,83822.55793318605,125418.05288694745,3789.4193757254316,2998.0334878628796,4485.755765617856,4.527679492202876,3.5777843958855353,5.368517796217382,-206.69219943558983,-323.31810821530013,-91.48526079968367,58530.39002822053,52717.33834364479,64300.85816338674,848.4982326843112,596.8639698234043,1101.7276489942371,111289.91163421556,98695.2184911702,123931.76994971186,,,
treat_all,0.66,2795918.0,1.0,2810.037978447825,3217.6354680938102,2808.3909401138117,2358.5960259764233,3232.4007758329217,100.44611251523871,84.35855507838295,115.61142979990551,0.001004461125152387,0.0008437623145677025,0.0011562122760390386,623.6470056905819,-21836.54432791847,21822.97259132165,22.305625761935147,-781.0151917158684,780.5297791752708,0.004461125152387029,-0.15623768543229738,0.1562122760390387,,,,,,,,,,,,,,,
random,0.67,1873265.0,0.6699999785401431,1770.5920949490692,2045.4663917522294,1767.0432494023119,1393.9046952078852,2128.058320870977,63.20082525318382,49.85499199933207,76.1130448343255,0.0009432959295146773,0.0007437810936429022,0.0011358233779011685,-5311.087529884404,-24008.72773960575,12727.484013011866,-189.95863004152497,-858.7064334363795,455.21664129677146,-0.05670407048532273,-0.2562189063570979,0.1358233779011684,-1027.8689403508258,-1270.957983488257,-781.6854002011256,-51393.447017541286,-63551.20805525967,-39079.19666834266,0.0,0.0,0.0,0.0,0.0,0.0,-114.57868047394209,-313.47027124794033,75.94114493624956
response,0.67,1873265.0,0.6699999785401431,2783.804257906726,3172.918184429515,2794.9121897531377,2365.0738676431774,3251.8032572130987,99.96402576016669,84.59024433632094,116.305387254315,0.0014920004322683323,0.0012609162271135688,0.0017342969622605403,46082.35948765688,24469.75213215886,68840.26036065492,1648.2013953076191,875.1956292051076,2462.1702196078327,0.4920004322683324,0.26091622711356866,0.7342969622605403,0.0,0.0,0.0,0.0,0.0,0.0,1027.8689403508258,781.6854002011256,1270.957983488257,51393.447017541286,39079.19666834266,63551.20805525967,,,
uplift,0.67,1873265.0,0.6699999785401431,2726.1949176087473,3109.7630042311494,2737.3957661702607,2297.808236011362,3169.023171301276,97.90686873399937,82.18439296185947,113.34463926700555,0.001461296595073447,0.001226219579666181,0.0016915825582325295,43206.53830851303,21200.425518191405,64780.79106506379,1545.343543999253,758.2634940721224,2316.977503097866,0.46129659507344695,0.2262195796661807,0.6915825582325295,-57.516423582876996,-116.13412967205149,-4.91990579909569,-2875.8211791438516,-5834.35192914566,-218.27380294462282,970.3525167679488,712.2113749506613,1221.0094661564267,48517.625838397435,35569.66374753306,61054.66997232685,,,
expected_value,0.67,468006.0,0.16738902929198926,2587.8283706095613,2613.7826298145233,2586.987168427899,2173.8924785533754,3015.1193225009033,92.52729044370754,77.75236893762175,107.84004833120655,0.005527679492202876,0.004637072781096388,0.0064357094516136,105949.05842139496,85343.89017766879,127356.19237504517,3789.4193757254316,3052.446108135817,4555.076092183146,4.527679492202876,3.637072781096388,5.4357094516136,-207.9250213252385,-327.26675870506926,-90.98872542720603,59866.69893373808,53899.12501971523,65729.27207936555,819.9439190255873,544.122978280786,1079.9701658503363,111260.14595127937,97418.25295193808,124289.26109764927,,,
treat_all,0.67,2795918.0,1.0,2810.037978447825,3217.6354680938102,2808.3909401138117,2370.0577562143353,3271.356506524231,100.44611251523871,84.76850022834488,117.0047371390803,0.001004461125152387,0.0008476295808175499,0.001170411460097559,623.6470056905819,-21302.152189283246,23815.415326211536,22.305625761935147,-761.9018937351971,851.7923389102091,0.004461125152387029,-0.15237041918245015,0.17041146009755898,,,,,,,,,,,,,,,
random,0.68,1901224.0,0.6799999141605727,1776.0153871411271,2057.524955826848,1772.8888991882825,1421.4533339371549,2125.2847705816257,63.40990326569959,50.84030840450809,76.01384484743923,0.0009324986951502203,0.0007476319384866056,0.0011189406603877524,-6416.755040585893,-23989.683170562934,11295.629779081275,-229.50440751788474,-858.0252772278349,404.0043298509211,-0.06750130484977986,-0.25236806151339447,0.11894066038775233,-1024.804954523109,-1245.5254114861962,-788.9640904218923,-51240.24772615546,-62294.686824309814,-39455.50366778656,0.0,0.0,0.0,0.0,0.0,0.0,-136.8169400891095,-316.5866389111622,61.87338029113962
response,0.68,1901224.0,0.6799999141605727,2786.1591977178996,3176.8130949873726,2797.6938537113915,2352.172830945578,3222.556320316831,100.06351594400806,84.12882033541678,115.25932878992984,0.00147152247905107,0.0012363338317207594,0.0016933354777029677,44823.49268556957,22481.630297278898,65973.71351584152,1603.17622639754,804.0876126295155,2359.644078111072,0.4715224790510699,0.23633383172075945,0.6933354777029677,0.0,0.0,0.0,0.0,0.0,0.0,1024.804954523109,788.9640904218923,1245.5254114861962,51240.24772615546,39455.50366778656,62294.686824309814,,,
uplift,0.68,1901224.0,0.6799999141605727,2726.5418206282334,3111.7778097479336,2737.8553022449014,2296.8606635117253,3162.533524953383,97.92330469795256,82.1505016782225,113.11252779778891,0.001440048780283071,0.001208928642730094,0.0016632168340078727,41831.565112245065,19847.32442558626,63034.45671426631,1496.1656640947647,709.8679011897439,2254.5173611767696,0.440048780283071,0.208928642730094,0.6632168340078725,-59.83855146649012,-111.5680191419249,-6.114862299820842,-2991.9275733245013,-5606.199055134293,-307.68948922166174,964.9664030566189,732.9098549910908,1192.7982826041507,48248.32015283096,36636.420249554525,59557.38038020751,,,
expected_value,0.68,468006.0,0.16738902929198926,2587.8283706095613,2613.7826298145233,2586.987168427899,2158.579727158282,2998.7436748119526,92.52729044370754,77.20468651649591,107.25434990625449,0.005527679492202876,0.004621966566674347,0.0064087902096690045,105949.05842139496,84577.67385791411,126552.7449679828,3789.4193757254316,3025.041287259287,4526.339648300945,4.527679492202876,3.6219665666743475,5.4087902096690055,-210.70668528349233,-333.6059245904092,-96.21554183714316,61125.565735825396,54952.95502047954,66882.07373559191,814.0982692396167,566.6198502760861,1052.7550417279,112365.81346198086,99942.870287728,124277.28476264702,,,
treat_all,0.68,2795918.0,1.0,2810.037978447825,3217.6354680938102,2808.3909401138117,2364.3318634221873,3234.7610069371253,100.44611251523871,84.56370549573296,115.69584683589166,0.001004461125152387,0.0008460309024921678,0.0011567772547963558,623.6470056905819,-21514.140873216245,21933.357648982015,22.305625761935147,-769.4839717479641,784.4778583986374,0.004461125152387029,-0.15396909750783216,0.15677725479635576,,,,,,,,,,,,,,,
random,0.69,1929183.0,0.6899998497810022,1840.1955624057412,2122.456310378463,1836.1299573278554,1474.245872238686,2245.9886605671213,65.67181002189103,52.72850892761111,80.33099184479379,0.0009517655698437398,0.0007650425050503476,0.0011632038506628683,-4652.652133607233,-22651.762936509083,15749.993297444908,-166.40874781045915,-810.1726494306731,563.3210021697671,-0.04823443015626027,-0.23495749494965235,0.16320385066286797,-962.7592992761522,-1175.3956871790742,-728.4900439281989,-48137.96496380761,-58864.83812210219,-36334.49133877937,0.0,0.0,0.0,0.0,0.0,0.0,-101.65979135067437,-275.6769379822059,92.73041750515979
response,0.69,1929183.0,0.6899998497810022,2788.513642981019,3179.3002991134003,2798.8892566040076,2360.613715731451,3275.310793322321,100.10627123556584,84.43072063384732,117.14616785336055,0.0014508158410083479,0.001224037346239133,0.0016969127454644233,43485.312830200375,21603.330786572555,67281.82020615046,1555.3143128732809,772.673976367424,2406.43038194076,0.4508158410083478,0.2240373462391329,0.6969127454644231,0.0,0.0,0.0,0.0,0.0,0.0,962.7592992761522,728.4900439281989,1175.3956871790742,48137.96496380761,36334.49133877937,58864.83812210219,,,
uplift,0.69,1929183.0,0.6899998497810022,2732.4309147569024,3119.5687751403993,2744.221909552642,2302.604503981484,3221.1427992442273,98.15101550019142,82.35593833515446,115.20877219017967,0.0014224787951960193,0.0011938075756904646,0.0016689279726140494,40751.94547763209,18690.68691477002,64553.786212211344,1457.55152610456,668.4991088712195,2308.8583503597515,0.42247879519601916,0.19380757569046456,0.6689279726140491,-54.667347051365596,-105.92968594962724,-3.0873623977575404,-2733.3673525682825,-5315.989967243394,-148.18471445529914,908.0919522247866,674.1284689946714,1123.3993963497546,45404.597611239325,33651.81920476302,56146.705458937235,,,
expected_value,0.69,468006.0,0.16738902929198926,2587.8283706095613,2613.7826298145233,2586.987168427899,2165.430978647169,3043.980358664171,92.52729044370754,77.44973130997293,108.87230450478772,0.005527679492202876,0.004629434083076468,0.006506712692612752,105949.05842139496,84890.56893235845,128869.68168320855,3789.4193757254316,3036.23242642876,4609.208198638464,4.527679492202876,3.629434083076469,5.5067126926127505,-211.90208817610846,-323.73227393369507,-90.02011695534117,62463.74559119459,56812.4342893922,68573.6868457451,750.8572111000437,513.3239269439675,997.2947920586838,110601.7105550022,98769.81932907534,122971.15228719529,,,
treat_all,0.69,2795918.0,1.0,2810.037978447825,3217.6354680938102,2808.3909401138117,2369.3944549326134,3289.737046429419,100.44611251523871,84.74477631077211,117.66214339724624,0.001004461125152387,0.0008477964350674599,0.001176732172305902,623.6470056905819,-21268.399156226944,24704.107321470943,22.305625761935147,-760.6946683066866,883.5776772234001,0.004461125152387029,-0.15220356493254017,0.17673217230590196,,,,,,,,,,,,,,,
random,0.7,1957143.0,0.7000001430657122,1859.234363523542,2146.02347297706,1855.5943855481391,1480.1462404385682,2220.03506807091,66.36798309350056,52.93954402234144,79.40272454595986,0.0009481138504177462,0.0007564359933711114,0.0011346949147031551,-5077.430722593053,-23829.53672807159,13176.48556213361,-181.60156065353326,-852.2974110138993,471.27582290087224,-0.05188614958225386,-0.24356400662888877,0.13469491470315495,-944.8117351883789,-1148.0425374231636,-708.4826535184434,-47240.58675941895,-57351.50764366291,-35386.476425922156,0.0,0.0,0.0,0.0,0.0,0.0,-110.27927253152893,-299.61238884724355,80.16976092950814
response,0.7,1957143.0,0.7000001430657122,2790.867170308644,3182.039376968257,2800.406120736518,2367.713508826239,3237.3406692076474,100.16052404743336,84.68465487279093,115.78811214090139,0.001430864336809583,0.001210091953323272,0.0016546417818724883,42163.156036825894,20568.264653869814,64041.00596038236,1508.025487043107,735.6533579979747,2290.5180323737095,0.4308643368095831,0.210091953323272,0.6546417818724884,0.0,0.0,0.0,0.0,0.0,0.0,944.8117351883789,708.4826535184434,1148.0425374231636,47240.58675941895,35386.476425922156,57351.50764366291,,,
uplift,0.7,1957143.0,0.7000001430657122,2737.1444063195027,3123.7858558647586,2747.1672757456936,2308.5109446275387,3183.8609824411906,98.25636072823643,82.56719061959394,113.87533477166323,0.001403662009237799,0.0011796289974260368,0.0016276835157244432,39501.213787284665,17576.52223137695,61389.60787205954,1412.8173210832601,628.649417879099,2195.686993397501,0.40366200923779877,0.17962899742603686,0.627683515724443,-53.23884499082442,-107.99447280974732,-1.6760298646792917,-2661.942249541229,-5391.978891117616,-57.46291283290296,891.5728901975544,654.5837288465584,1093.718471415874,44578.64450987772,32708.732216690612,54690.181459489126,,,
expected_value,0.7,468006.0,0.16738902929198926,2587.8283706095613,2613.7826298145233,2586.987168427899,2153.426080567541,3006.26833739917,92.52729044370754,77.02035898647746,107.52348020933266,0.005527679492202876,0.004595706097641959,0.006419501707199903,105949.05842139496,84242.63027837704,126898.29436995852,3789.4193757254316,3013.0579751758473,4538.698716126814,4.527679492202876,3.595706097641959,5.419501707199903,-213.41895230861883,-337.4883518168301,-86.39296752514419,63785.90238456907,57527.63090198814,70079.0635217204,731.39278287976,469.692226848935,956.1944530842355,111026.48914398802,97999.45134244676,122338.6292606935,,,
treat_all,0.7,2795918.0,1.0,2810.037978447825,3217.6354680938102,2808.3909401138117,2369.110755897825,3257.749058462127,100.44611251523871,84.73462940965454,116.518047326929,0.001004461125152387,0.0008477952435087823,0.0011659223050850597,623.6470056905819,-21266.334705108755,23180.63417310633,22.305625761935147,-760.6208302642908,829.0884844657936,0.004461125152387029,-0.15220475649121784,0.16592230508505965,,,,,,,,,,,,,,,
random,0.71,1985102.0,0.7100000786861417,1919.9585733785723,2209.2293699431134,1915.6025077547688,1548.7634306301522,2281.3488608592775,68.51425927923383,55.39373581879555,81.59569990462086,0.0009649894603676631,0.000780823514242037,0.0011500833798093494,-3474.9746122615616,-21736.830968492388,14885.554292963874,-124.28742946901738,-777.4488010196432,532.4031067064153,-0.03501053963233689,-0.219176485757963,0.1500833798093493,-886.3965396872582,-1116.9303344908276,-677.8004120234773,-44319.826984362895,-55796.355474541364,-33916.96935117385,0.0,0.0,0.0,0.0,0.0,0.0,-78.35505972603733,-285.1904966576159,107.16177826101264
response,0.71,1985102.0,0.7100000786861417,2792.0454654049427,3184.7334253833396,2801.999047442027,2373.8116390112473,3233.775343063956,100.21749734584589,84.90276320733466,115.66059315988365,0.001411513890692784,0.0011957381819811066,0.0016299134367009445,40844.85237210133,19429.235700562353,62487.937153197796,1460.8744738615844,694.9143608847739,2234.970308614122,0.4115138906927839,0.1957381819811067,0.6299134367009445,0.0,0.0,0.0,0.0,0.0,0.0,886.3965396872582,677.8004120234773,1116.9303344908276,44319.826984362895,33916.96935117385,55796.355474541364,,,
uplift,0.71,1985102.0,0.7100000786861417,2741.856576934586,3130.304108513293,2752.2914491539445,2323.804476570906,3186.64220464565,98.43963410779374,83.11418562958234,113.97480915554928,0.0013864735661713828,0.0011710322904134457,0.0016046987570560386,38359.47245769721,16969.840078545276,60028.44961959863,1371.9813119589776,606.9505643064381,2147.0032246867977,0.38647356617138273,0.1710322904134456,0.6046987570560388,-49.70759828808241,-99.29908216157834,3.8200484341316563,-2485.379914404126,-4964.453798572173,218.9229742835289,836.6889413991757,616.731681258305,1069.8258162703755,41834.44706995877,30866.744295688004,53441.737063518776,,,
expected_value,0.71,468006.0,0.16738902929198926,2587.8283706095613,2613.7826298145233,2586.987168427899,2172.3719149924996,3013.0114218554504,92.52729044370754,77.69798381041574,107.76465625441985,0.005527679492202876,0.004640600488047494,0.00644021587617992,105949.05842139496,85304.30122427575,127286.79234277253,3789.4193757254316,3051.0301526824373,4552.59390092172,4.527679492202876,3.6406004880474927,5.440215876179919,-215.01187901412777,-332.9639274792033,-85.96418914328633,65104.20604929363,59220.12362603985,71543.88804283566,671.3846606731304,428.0366319068905,908.1570200895783,109424.03303365652,97197.23659534451,121204.38627192682,,,
treat_all,0.71,2795918.0,1.0,2810.037978447825,3217.6354680938102,2808.3909401138117,2385.808911587868,3239.1323457223284,100.44611251523871,85.33186279382544,115.85219401006496,0.001004461125152387,0.0008530649594396429,0.0011591680014705786,623.6470056905819,-20548.90292055503,22246.118796468338,22.305625761935147,-734.9608579563145,795.6642074792013,0.004461125152387029,-0.1469350405603572,0.15916800147057852,,,,,,,,,,,,,,,
random,0.72,2013061.0,0.7200000143065712,1932.907885975793,2221.406941172748,1927.7231567530864,1513.1849414300834,2310.9634273703923,68.94777159963513,54.12122034444799,82.65490716717703,0.0009576079198559241,0.000752768786135429,0.0011488444258313383,-4266.8921623456845,-24848.72292849583,14968.308358077134,-152.61149155110002,-888.750060927961,535.362924022705,-0.04239208014407596,-0.2472312138645711,0.14884442583133817,-874.5158705410133,-1105.2402932598332,-663.8420828727012,-43725.79352705067,-55336.206185783645,-33151.85124163985,0.0,0.0,0.0,0.0,0.0,0.0,-94.31832012885798,-288.29127411658266,97.68231989378357
response,0.72,2013061.0,0.7200000143065712,2793.222965690417,3186.010726037781,2802.2390272940997,2353.1675973281212,3231.3710893802304,100.22608056796014,84.16439957567142,115.57460159347414,0.0013920288691172795,0.0011706218722388588,0.0016056679510497319,39458.90136470499,17210.096860754376,60870.01659102406,1411.303956865151,615.543691222503,2177.103069225351,0.39202886911727947,0.17062187223885877,0.605667951049732,0.0,0.0,0.0,0.0,0.0,0.0,874.5158705410133,663.8420828727012,1105.2402932598332,43725.79352705067,33151.85124163985,55336.206185783645,,,
uplift,0.72,2013061.0,0.7200000143065712,2744.2149202088835,3135.6930897647635,2756.3000320020446,2296.71681964474,3180.7128829200537,98.58300679784044,82.14535689690257,113.7627384966245,0.0013692084005412874,0.0011414926090807175,0.001581065010982827,37161.95160010223,14234.369732237003,58437.59977317477,1329.1502683591661,509.1125609634118,2090.1042081053442,0.3692084005412874,0.1414926090807173,0.5810650109828271,-45.9389952920551,-98.84831996099858,8.202005698617507,-2296.9497646027594,-4949.645327477687,401.86977425816366,828.5768752489582,609.571268446254,1054.3860619740385,41428.84376244791,30473.11186011791,52696.786848701915,,,
expected_value,0.72,468006.0,0.16738902929198926,2587.8283706095613,2613.7826298145233,2586.987168427899,2139.7961120649234,2990.167809078705,92.52729044370754,76.53286369861074,106.94762182148064,0.005527679492202876,0.004579444689750796,0.006404906518609267,105949.05842139496,83626.75060324617,126165.59670393524,3789.4193757254316,2991.0301590835697,4512.492737767532,4.527679492202876,3.579444689750795,5.404906518609266,-215.25185886620056,-323.92319765420467,-91.61211499564126,66490.15705668998,61052.12710249335,72716.4778903546,659.2640116748128,425.0287849859676,916.6967406365791,110215.95058374065,98493.92049929839,123092.42589239455,,,
treat_all,0.72,2795918.0,1.0,2810.037978447825,3217.6354680938102,2808.3909401138117,2369.613440356669,3246.5916311417254,100.44611251523871,84.7526086371871,116.11898600537374,0.001004461125152387,0.0008472579011511393,0.0011606077889361086,623.6470056905819,-21366.007150122725,22469.72394522094,22.305625761935147,-764.1857575981387,803.6617649452145,0.004461125152387029,-0.15274209884886056,0.16060778893610866,,,,,,,,,,,,,,,
random,0.73,2041020.0,0.7299999499270007,1941.1023549626173,2233.627913349296,1936.0217366131067,1568.610525987117,2304.461622686997,69.244582159173,56.103595527018925,82.42236083772832,0.000948555985053114,0.0007675195431502973,0.0011299837035412916,-5249.913169344669,-23728.74265793626,13254.989994516063,-187.7706416763535,-848.6923671558415,474.08364603382734,-0.05144401494688606,-0.23248045684970262,0.12998370354129166,-870.5634758870149,-1101.7840462217703,-650.1729325539643,-43528.17379435075,-55062.155421496565,-32523.39482154585,0.0,0.0,0.0,0.0,0.0,0.0,-114.103649669976,-306.35674467378954,81.08100887392104
response,0.73,2041020.0,0.7299999499270007,2796.7582042634135,3191.4670754243175,2806.5852125001215,2377.133318169215,3265.449820813737,100.3815280884533,85.02156780596621,116.79347608956117,0.0013750895201909445,0.0011643794438608592,0.0016005442386694455,38278.26062500608,16779.38119940301,61262.97854068685,1369.076654787661,600.1385305077978,2191.1579145270657,0.3750895201909445,0.16437944386085918,0.6005442386694455,0.0,0.0,0.0,0.0,0.0,0.0,870.5634758870149,650.1729325539643,1101.7840462217703,43528.17379435075,32523.39482154585,55062.155421496565,,,
uplift,0.73,2041020.0,0.7299999499270007,2745.3952757490374,3136.5934065934075,2755.78604722635,2334.4139694122223,3202.802365206522,98.56462339833823,83.49364929201151,114.55280037563772,0.0013502004131396802,0.0011432952403084091,0.0015693512738292755,35738.3023613175,14629.229720611098,58065.70642680439,1278.2314202819075,523.2352923301434,2076.8029114875467,0.3502004131396802,0.14329524030840918,0.5693512738292753,-50.79916527377145,-101.83125091311587,1.4842238490361932,-2539.9582636885752,-5105.817566520633,98.01976673002139,819.7643106132434,592.636968953338,1048.579612062422,40988.21553066217,29665.555947666915,52457.259662266915,,,
expected_value,0.73,468006.0,0.16738902929198926,2587.8283706095613,2613.7826298145233,2586.987168427899,2163.0014985737407,2997.1546846786055,92.52729044370754,77.36283748571098,107.197517404967,0.005527679492202876,0.004617421847853993,0.006398307391164835,105949.05842139496,84739.12422144489,126409.65758136395,3789.4193757254316,3030.8157900712713,4521.221923581592,4.527679492202876,3.617421847853992,5.398307391164833,-219.59804407222236,-346.615923101408,-100.50575617510441,67670.79779638888,61361.50016246193,73621.55345545689,650.9654318147925,399.5044461513929,901.2913094169342,111198.97159073963,98695.41105756964,123674.05264500513,,,
treat_all,0.73,2795918.0,1.0,2810.037978447825,3217.6354680938102,2808.3909401138117,2377.033231960132,3264.1264142683035,100.44611251523871,85.01798807976958,116.7461425645639,0.001004461125152387,0.0008502717249844917,0.0011667127341541833,623.6470056905819,-20943.16777620947,23320.70821341519,22.305625761935147,-749.0623035514443,834.0984325511403,0.004461125152387029,-0.14972827501550853,0.16671273415418342,,,,,,,,,,,,,,,
random,0.74,2068979.0,0.7399998855474302,1956.2037755554134,2253.1974722063987,1951.4247386631632,1552.2364835556564,2336.2728384333395,69.79549252385668,55.51795451639342,83.5601343971225,0.0009431824772813853,0.0007512728630542787,0.0011293489437673747,-5877.713066841854,-25695.323322217177,13379.12567166696,-210.2248015443176,-919.0299330029412,478.52353579993974,-0.05681752271861487,-0.2487271369457212,0.12934894376737466,-857.9466304801799,-1075.8636034589722,-652.2566199208023,-42897.331524009,-53805.92377140814,-32628.86474604011,0.0,0.0,0.0,0.0,0.0,0.0,-126.78455702105748,-313.79044875399364,53.97258329241543
response,0.74,2068979.0,0.7399998855474302,2797.937416654986,3195.6320900454934,2809.371369143343,2343.377371913774,3251.7777657396446,100.48117895958835,83.81423818272832,116.30447551536363,0.0013578539797375147,0.0011334870839382007,0.0015720806931283548,37019.61845716715,13798.279114055182,59166.15203698222,1324.0595202422655,493.5151572419213,2116.161920234507,0.3578539797375145,0.13348708393820063,0.5720806931283547,0.0,0.0,0.0,0.0,0.0,0.0,857.9466304801799,652.2566199208023,1075.8636034589722,42897.331524009,32628.86474604011,53805.92377140814,,,
uplift,0.74,2068979.0,0.7399998855474302,2745.395275749037,3138.5810793144237,2756.2149006527884,2294.5575540330638,3187.701713778483,98.57996195356189,82.06812767874679,114.01270401272436,0.0013321618540607654,0.0011080427624696487,0.0015412779625348886,34361.795032639406,11186.860201653168,55974.088188924135,1228.9986699409428,400.1140305850589,2001.9931982598966,0.3321618540607653,0.10804276246964864,0.5412779625348882,-53.156468490554744,-109.33678382319843,-0.13607071740291868,-2657.8234245277417,-5470.186232486737,71.71521412985328,804.7901619896252,599.2286135389209,1016.0512970107936,40239.50809948126,29911.48942694604,50782.71352002935,,,
expected_value,0.74,468006.0,0.16738902929198926,2587.8283706095613,2613.7826298145233,2586.987168427899,2171.451245215707,3021.9207893261755,92.52729044370754,77.66505474107993,108.08331250509404,0.005527679492202876,0.004645163746187901,0.00645883321494917,105949.05842139496,85199.30976078534,127737.91035252539,3789.4193757254316,3047.2749830569187,4568.728780762719,4.527679492202876,3.6451637461879005,5.45883321494917,-222.38420071544397,-341.1733864527122,-97.2565455438689,68929.43996422781,62981.0556773644,75172.19295863163,635.562429764736,396.75220870474334,877.9556004293385,111826.77148823682,99844.81641054571,123917.03225205063,,,
treat_all,0.74,2795918.0,1.0,2810.037978447825,3217.6354680938102,2808.3909401138117,2339.511425608049,3244.2863343631834,100.44611251523871,83.67596709231276,116.03653377399421,0.001004461125152387,0.0008368343262932946,0.0011607866798598544,623.6470056905819,-22807.557825380834,22466.14716221449,22.305625761935147,-815.7448761151377,803.533836193139,0.004461125152387029,-0.16316567370670537,0.16078667985985426,,,,,,,,,,,,,,,
random,0.75,2096938.0,0.7499998211678597,1990.172634587781,2287.770235442782,1983.4064812227489,1602.7382663004023,2380.1764729493266,70.93936521824848,57.32422289567871,85.13041058247512,0.0009458584284431628,0.0007645123816536464,0.0011353096844397515,-5676.575938862559,-24684.0316849799,14183.838647466333,-203.0308449268741,-882.8596434151466,507.3052445553243,-0.05414157155683725,-0.23548761834635373,0.1353096844397514,-827.4906533037793,-1055.0733410399514,-610.0997073831041,-41374.53266518895,-52732.96330199758,-30488.15024005235,0.0,0.0,0.0,0.0,0.0,0.0,-122.88672386260987,-319.88673853862576,74.9958935816772
response,0.75,2096938.0,0.7499998211678597,2800.2940796195708,3198.05862503073,2810.897134526528,2372.4202843548396,3263.909070656961,100.53575013739774,84.85299942111462,116.7383689599252,0.001340476988125795,0.0011313359879286087,0.0015567158177932257,35697.95672632639,13770.616717741968,58370.67898481187,1276.7884010305877,492.5257721343032,2087.710690542851,0.3404769881257947,0.13133598792860868,0.5567158177932258,0.0,0.0,0.0,0.0,0.0,0.0,827.4906533037793,610.0997073831041,1055.0733410399514,41374.53266518895,30488.15024005235,52732.96330199758,,,
uplift,0.75,2096938.0,0.7499998211678597,2748.927957987008,3140.5523418804682,2756.876646190942,2345.3066624231747,3217.4916151103794,98.60363022774425,83.88324201293366,115.07818237553387,0.0013147153831877443,0.0011181279382654313,0.0015350817940996816,32996.932309547105,12388.855621158735,56075.87825551896,1180.1824055479133,443.10511328153166,2005.633865353668,0.3147153831877442,0.11812793826543118,0.5350817940996814,-54.020488335585924,-111.67570368622431,0.8406360885916753,-2701.0244167792844,-5571.271723906551,39.76175525653791,773.4701649681933,560.7705016716342,994.8102278880182,38673.508248409664,28057.04246579669,49765.23389440091,,,
expected_value,0.75,468006.0,0.16738902929198926,2587.8283706095613,2613.7826298145233,2586.987168427899,2170.0827572657613,3003.0212141666407,92.52729044370754,77.61610881527146,107.40734220984451,0.005527679492202876,0.004645597782538535,0.006422647719624201,105949.05842139496,85152.22161328806,126735.19195833201,3789.4193757254316,3045.5908082171245,4532.865125455468,4.527679492202876,3.645597782538534,5.422647719624199,-223.90996609862896,-343.33645833295844,-107.00948730831458,70251.10169506857,64231.44703468511,76099.78589197317,603.5806872051503,360.1661966303573,842.0784424744445,111625.63436025752,99434.14806286333,123563.65712372222,,,
treat_all,0.75,2795918.0,1.0,2810.037978447825,3217.6354680938102,2808.3909401138117,2371.2838475946073,3258.231227963254,100.44611251523871,84.81235313748856,116.53529280770229,0.001004461125152387,0.0008491740052156596,0.001165555664258424,623.6470056905819,-21058.780120269643,23135.24259451633,22.305625761935147,-753.1973441377623,827.4649898357651,0.004461125152387029,-0.15082599478434056,0.16555566425842408,,,,,,,,,,,,,,,
random,0.76,2124898.0,0.7600001144525698,2033.924162736715,2331.6475754744574,2025.9223001070513,1639.2249951434349,2414.8956835615163,72.46000419565421,58.629222857874765,86.37219273102845,0.0009534209642566615,0.0007717905934531673,0.0011363825814242883,-4948.784994647445,-24244.22062645901,14493.453889597291,-177.00036248013873,-867.1291728319288,518.3790758383219,-0.046579035743338694,-0.22820940654683278,0.1363825814242883,-781.3108941241571,-1007.3346448918085,-558.0481538063909,-39065.544706207846,-50310.2409945904,-27889.60519031956,0.0,0.0,0.0,0.0,0.0,0.0,-108.45481437944545,-298.3340587601268,74.73932485951866
response,0.76,2124898.0,0.7600001144525698,2796.023825266936,3195.0621611149927,2807.2331942312085,2341.9532674769184,3258.5841917841594,100.4047040804204,83.76330305384202,116.5479170628094,0.0013211143284200975,0.0011022715243108753,0.0015339480386700848,34116.7597115604,10869.184196956261,56694.41598532029,1220.2346317581703,388.7518946176627,2027.7567505670868,0.3211143284200973,0.10227152431087505,0.5339480386700847,0.0,0.0,0.0,0.0,0.0,0.0,781.3108941241571,558.0481538063909,1007.3346448918085,39065.544706207846,27889.60519031956,50310.2409945904,,,
uplift,0.76,2124898.0,0.7600001144525698,2750.1027390251925,3140.8766293165886,2755.741376372101,2283.333350350278,3209.6342928246095,98.56302568144349,81.66667800523041,114.79715402327999,0.0012968817215565647,0.00107531471575746,0.0015108808880314115,31542.16881860503,7996.200017513881,54289.441233243255,1128.1507118093245,285.9955126550164,1941.7393941182559,0.2968817215565644,0.0753147157574599,0.5108808880314114,-51.491817859107414,-103.31315800833654,3.805265339133227,-2574.59089295537,-5168.72838900931,210.17555702130278,729.8190762650497,511.24668943077245,946.9737144759134,36490.953813252476,25614.89697153863,47355.49822379568,,,
expected_value,0.76,468006.0,0.16738902929198926,2587.8283706095613,2613.7826298145233,2586.987168427899,2109.114108604344,3009.988207698334,92.52729044370754,75.43547802919629,107.65652668276873,0.005527679492202876,0.004509217389142114,0.0064348763822649115,105949.05842139496,82053.12017951196,127111.33038491671,3789.4193757254316,2934.7470197449265,4546.318253429346,4.527679492202876,3.509217389142113,5.434876382264911,-220.2460258033093,-335.2522581887832,-104.17805671648904,71832.29870983456,66087.28173690212,77641.83341417555,561.0648683208478,330.7721497132949,793.8522979268155,110897.84341604241,99330.85623566476,122581.53169514507,,,
treat_all,0.76,2795918.0,1.0,2810.037978447825,3217.6354680938102,2808.3909401138117,2341.0119939690194,3268.7850184861572,100.44611251523871,83.72963706263987,116.91276419716733,0.001004461125152387,0.0008368696704668744,0.001168924395838137,623.6470056905819,-22816.58530154904,23611.4262268135,22.305625761935147,-816.0677566920433,844.4963774621966,0.004461125152387029,-0.1631303295331258,0.1689243958381372,,,,,,,,,,,,,,,
random,0.77,2152857.0,0.7700000500729993,2086.295349964303,2385.6793007502506,2080.6431102392285,1717.3247421313745,2450.2715591937404,74.41717211446218,61.42257183978123,87.63746144177834,0.000966456717858747,0.0007970870831892311,0.0011372760716584942,-3610.6944880385854,-21857.994215185256,14786.69676314157,-129.14164464188812,-781.7823775656244,528.8673259781427,-0.03354328214125309,-0.2029129168107689,0.13727607165849423,-731.4216242902767,-927.75763470804,-521.3244121802168,-36571.08121451385,-46395.641335734115,-26047.595729205463,0.0,0.0,0.0,0.0,0.0,0.0,-81.81791364840637,-250.7668569101027,108.30762956297778
response,0.77,2152857.0,0.7700000500729993,2799.558679713374,3200.9146202206903,2812.064734529505,2375.570673176931,3228.0049409542794,100.57751101890345,84.96567757627122,115.45420648796852,0.0013062013568618377,0.0011034528330944962,0.0014996906029832676,32960.38672647526,11142.349868012656,53777.88329771398,1178.8753005801766,398.5220549391168,1923.4427940202102,0.3062013568618377,0.10345283309449614,0.49969060298326745,0.0,0.0,0.0,0.0,0.0,0.0,731.4216242902767,521.3244121802168,927.75763470804,36571.08121451385,26047.595729205463,46395.641335734115,,,
uplift,0.77,2152857.0,0.7700000500729993,2752.4619310602848,3144.8046083297877,2758.615468997716,2324.0584424975923,3177.104519810125,98.66582170856641,83.12326908362807,113.63368023705006,0.0012813742245758619,0.0010790781913532627,0.001472779563665088,30287.9234498858,8515.70087487961,50994.37724050625,1083.2908350633243,304.5762026954872,1823.8867248791362,0.28137422457586175,0.07907819135326273,0.47277956366508767,-53.449265531789024,-110.0171882648404,0.10350426342470101,-2672.463276589464,-5511.9821594957875,20.392329584787344,677.9723587584876,468.0514949340578,876.3980439059627,33898.617937924384,23380.4575750698,43779.34874471187,,,
expected_value,0.77,468006.0,0.16738902929198926,2587.8283706095613,2613.7826298145233,2586.987168427899,2196.8988830769467,2977.7143323651862,92.52729044370754,78.57522584986208,106.50220544254826,0.005527679492202876,0.004684313223913788,0.006359755254264364,105949.05842139496,86410.27915384732,125475.11161825933,3789.4193757254316,3090.587032732982,4487.796552626341,4.527679492202876,3.6843132239137883,5.359755254264364,-225.07756610160595,-343.03488732729636,-103.68472767205282,72988.6716949197,67078.55541441293,79108.19690979274,506.3440581886707,271.526923778478,726.4753660022866,109559.75290943355,97816.24018392304,120484.56080011433,,,
treat_all,0.77,2795918.0,1.0,2810.037978447825,3217.6354680938102,2808.3909401138117,2362.780399152341,3236.965137627374,100.44611251523871,84.50821516054266,115.77468071765244,0.001004461125152387,0.0008447784302104165,0.001157629671576024,623.6470056905819,-21704.88860580915,22038.420838959908,22.305625761935147,-776.3063368027656,788.2355934244106,0.004461125152387029,-0.15522156978958362,0.157629671576024,,,,,,,,,,,,,,,
random,0.78,2180816.0,0.7799999856934288,2128.343020023012,2428.3408925287094,2123.464933421194,1736.3367931451787,2509.9142205294324,75.94875577256536,62.102564994580625,89.7706663975636,0.000973702014943578,0.0007963275814682534,0.0011514441986761575,-2867.5533289402956,-22204.686592741073,16501.91893887789,-102.56213983887567,-794.1823255453512,590.2146965282204,-0.02629798505642196,-0.20367241853174664,0.15144419867615747,-689.4925597848451,-884.9745455289348,-491.54817875598815,-34474.627989242246,-44242.20977644674,-24556.53518779941,0.0,0.0,0.0,0.0,0.0,0.0,-67.07999986757932,-251.6637380912837,107.81312481838378
response,0.78,2180816.0,0.7799999856934288,2800.7359602114893,3202.748478136221,2812.957493206039,2335.7535547248203,3230.514780708526,100.60944180787989,83.54156147372063,115.54397449097313,0.0012898646622209482,0.0010707777091324407,0.0014801258533839684,31607.07466030195,7719.587736241003,52396.26840262767,1130.47216192685,276.1020793972142,1874.02736427276,0.28986466222094803,0.07077770913244064,0.4801258533839682,0.0,0.0,0.0,0.0,0.0,0.0,689.4925597848451,491.54817875598815,884.9745455289348,34474.627989242246,24556.53518779941,44242.20977644674,,,
uplift,0.78,2180816.0,0.7799999856934288,2749.359745730683,3142.451669945073,2755.3085733596376,2282.544063653226,3178.2304721325313,98.54754586363539,81.63844803936404,113.67395152978489,0.001263430098348342,0.0010455958570810698,0.0014564269522368896,28724.628667981873,4976.80443266131,49801.2644687799,1027.3773647146259,178.00251769405648,1781.2133427654135,0.2634300983483418,0.045595857081069974,0.45642695223688956,-57.64891984640144,-116.22836838376098,-2.8037069711255542,-2882.4459923200775,-5819.569486698797,-156.32153467135745,631.8436399384436,433.2302795879356,829.9207770567216,31592.18199692217,21651.135461223646,41541.36762395038,,,
expected_value,0.78,468006.0,0.16738902929198926,2587.8283706095613,2613.7826298145233,2586.987168427899,2134.6591256823663,2976.764867270454,92.52729044370754,76.34913204472971,106.46824646754497,0.005527679492202876,0.004564915621120085,0.006362975265650215,105949.05842139496,83351.43503411832,125424.31243989218,3789.4193757254316,2981.1831045874133,4485.9796474679215,4.527679492202876,3.5649156211200848,5.362975265650216,-225.9703247781399,-349.12701747555093,-106.30167963728125,74341.98376109301,68221.35787622244,80340.34226813594,463.52223500670516,235.5851783807918,681.9225333126461,108816.61175033526,97479.36766903961,119762.03021411331,,,
treat_all,0.78,2795918.0,1.0,2810.037978447825,3217.6354680938102,2808.3909401138117,2326.0936040348593,3236.6869824427504,100.44611251523871,83.19605954233492,115.76473210025296,0.001004461125152387,0.0008329005387825107,0.001157160358409684,623.6470056905819,-23329.136781961086,21957.735173601115,22.305625761935147,-834.3998923416597,785.3497553791319,0.004461125152387029,-0.16709946121748923,0.15716035840968393,,,,,,,,,,,,,,,
random,0.79,2208775.0,0.7899999213138583,2145.5065904843573,2454.0513135166048,2140.3234790568767,1723.5684744331363,2512.804236131192,76.55172573218802,61.645887841958746,89.87403193266725,0.0009690092829993443,0.0007804773479129574,0.0011380101914545819,-3422.576047156166,-24254.948193384018,15233.841806559576,-122.41331995989033,-867.5128595825778,544.8601070045537,-0.030990717000655713,-0.21952265208704277,0.13801019145458185,-670.8699056144974,-869.7885491047396,-484.7072922783262,-33543.49528072488,-43506.93305133529,-24275.491425052438,0.0,0.0,0.0,0.0,0.0,0.0,-78.30536363303463,-255.65544431643738,89.32776135687843
response,0.79,2208775.0,0.7899999213138583,2797.6542135473373,3201.958550142561,2811.193384671374,2367.252468022493,3246.264837541434,100.54634594689023,84.66816509005247,116.10729776557946,0.0012727386830579729,0.0010720681861458134,0.0014686709395721157,30120.91923356871,7956.752151124645,51796.1493770717,1077.31769077522,284.58460337980745,1852.5632503196337,0.27273868305797294,0.07206818614581335,0.4686709395721157,0.0,0.0,0.0,0.0,0.0,0.0,670.8699056144974,484.7072922783262,869.7885491047396,33543.49528072488,24275.491425052438,43506.93305133529,,,
uplift,0.79,2208775.0,0.7899999213138583,2749.359745730683,3143.4196105843203,2755.0941394438173,2310.7210394097638,3197.8992861664988,98.53987632841225,82.64623781562133,114.37743475189542,0.0012473403309272413,0.001046443411871229,0.001446561497096457,27315.956972190877,5125.5512602245235,49361.341808324934,976.9942098513217,183.32266040078872,1765.47888057965,0.24734033092724136,0.04644341187122882,0.446561497096457,-56.09924522755682,-108.88940394611805,-1.9839959632458215,-2804.962261377834,-5439.600618007294,-61.85926469227164,614.7706603869406,423.17153919449356,815.8784151813117,30738.533019347044,21154.932072706415,40747.26981924764,,,
expected_value,0.79,468006.0,0.16738902929198926,2587.8283706095613,2613.7826298145233,2586.987168427899,2152.310716742013,2999.049397128007,92.52729044370754,76.98046640645445,107.26528450147705,0.005527679492202876,0.004597257981063817,0.0064123488847689985,105949.05842139496,84206.12208710065,126557.33860640036,3789.4193757254316,3011.752207579072,4526.503946338927,4.527679492202876,3.597257981063817,5.412348884768997,-224.20621624347496,-336.0548590454114,-101.19378143737305,75828.13918782625,70212.59542607408,81945.07717813134,446.66368937102243,238.96537665293903,673.7255033559317,109371.63446855113,98967.59758264695,120737.67431281149,,,
treat_all,0.79,2795918.0,1.0,2810.037978447825,3217.6354680938102,2808.3909401138117,2357.5526080248646,3245.7360500801915,100.44611251523871,84.32123574528525,116.08838492688953,0.001004461125152387,0.0008430180878994433,0.001160423168924495,623.6470056905819,-21937.655301208364,22406.849037207252,22.305625761935147,-784.6315700678047,801.4129540711584,0.004461125152387029,-0.15698191210055676,0.1604231689244951,,,,,,,,,,,,,,,
random,0.8,2236734.0,0.7999998569342878,2178.091991186062,2486.3188476895134,2172.9632391599757,1759.304720037199,2561.804589389515,77.71913336371009,62.92404569938027,91.6265995422439,0.0009714893407798942,0.0007863485818254821,0.0011463797383020032,-3188.5380420012225,-23900.211498140055,16355.704469475737,-114.04261648593494,-854.8251950929911,584.9851272274701,-0.028510659220105945,-0.213651418174518,0.14637973830200302,-637.5518452560623,-832.5729938713807,-437.580972828884,-31877.59226280311,-41651.02344356902,-21867.056200321116,0.0,0.0,0.0,0.0,0.0,0.0,-73.7495129310737,-238.98454745248296,100.36098110224569
response,0.8,2236734.0,0.7999998569342878,2797.6542135473387,3202.4180501153173,2810.515084416038,2383.6096556284892,3247.6151316483615,100.52208556960676,85.25320326377559,116.15559296261054,0.001256526294327371,0.0010660590158393058,0.001453363417079369,28689.05422080189,7385.090281424462,50653.20033241807,1026.1049938088988,264.1383002443012,1811.684045541324,0.25652629432737095,0.06605901583930586,0.45336341707936884,0.0,0.0,0.0,0.0,0.0,0.0,637.5518452560623,437.580972828884,832.5729938713807,31877.59226280311,21867.056200321116,41651.02344356902,,,
uplift,0.8,2236734.0,0.7999998569342878,2751.717771315676,3144.7905899586563,2755.223270070942,2328.887760177999,3204.7217848720984,98.54449486969726,83.29599652700827,114.62145116101753,0.0012318064061577916,0.001041259004129159,0.0014328024230858558,25924.46350354707,4613.631848398414,48373.52549360493,927.2254588134226,165.01313158677806,1730.1482194257817,0.2318064061577914,0.04125900412915886,0.4328024230858557,-55.2918143450961,-108.06706691679744,3.0088161752558182,-2764.5907172548177,-5405.80009151122,189.38778500379755,582.2600309109662,372.84519774007623,768.3083382874239,29113.001545548294,18691.57057135723,38432.65191437119,,,
expected_value,0.8,468006.0,0.16738902929198926,2587.8283706095613,2613.7826298145233,2586.987168427899,2172.1840223630143,3014.260788802209,92.52729044370754,77.69126356220082,107.80934164743776,0.005527679492202876,0.004638820490961095,0.0064492051340969,105949.05842139496,85203.95078257019,127364.55194011044,3789.4193757254316,3047.440975828697,4555.37508396564,4.527679492202876,3.638820490961094,5.449205134096901,-223.52791598813883,-349.4057531633955,-95.65387728482914,77260.00420059307,70933.75093725894,83665.64789844447,414.02392926792345,193.27622793400974,620.1000745119093,109137.59646339618,98038.5238967005,119538.36435172248,,,
treat_all,0.8,2795918.0,1.0,2810.037978447825,3217.6354680938102,2808.3909401138117,2371.402661478243,3252.6781334144293,100.44611251523871,84.81660268570978,116.33667845102859,0.001004461125152387,0.0008483631946306182,0.0011633422737225623,623.6470056905819,-21193.109004335856,22836.656196149197,22.305625761935147,-758.0018085056806,816.7856208997974,0.004461125152387029,-0.15163680536938187,0.1633422737225622,,,,,,,,,,,,,,,
random,0.81,2264694.0,0.8100001502189978,2220.6230526074232,2531.68573213107,2214.461582075757,1828.4804375153872,2614.780025801867,79.20338086008807,65.39821402184855,93.52134167746934,0.0009778193354491854,0.0008063642537840704,0.001155368512484891,-2511.6208962121455,-21954.044374230652,17581.257540093335,-89.83170809058582,-785.2177486689758,628.818782957631,-0.02218066455081477,-0.19363574621592958,0.15536851248489078,-596.2313331691857,-788.4887141705349,-410.46545465967165,-29811.566658459284,-39388.84821233124,-20533.822732983594,0.0,0.0,0.0,0.0,0.0,0.0,-60.33507941643029,-234.98011240558873,103.76551618617823
response,0.81,2264694.0,0.8100001502189978,2798.8327616765046,3203.7952269066573,2810.692915244943,2400.545235148453,3240.6483349624446,100.52844594315509,85.85892845027834,115.90641553015664,0.0012410916950567905,0.0010601290454365306,0.0014309692432793234,27299.94576224714,6807.773007422648,48804.45035630641,976.4215460627651,243.489723497708,1745.5608625255252,0.24109169505679034,0.06012904543653052,0.4309692432793234,0.0,0.0,0.0,0.0,0.0,0.0,596.2313331691857,410.46545465967165,788.4887141705349,29811.566658459284,20533.822732983594,39388.84821233124,,,
uplift,0.81,2264694.0,0.8100001502189978,2755.256271131619,3149.4014776725444,2758.7517474374245,2337.943811537303,3191.819100908747,98.67069590157595,83.61989913643045,114.15996824330138,0.0012181565136117393,0.0010326311374894675,0.001409188407315483,24702.887371871213,3693.9505768651593,46340.69254543731,883.5340439838084,132.1194175532029,1657.441046033443,0.21815651361173927,0.03263113748946751,0.4091884073154829,-51.94116780751847,-103.7242324253671,0.5257043615685939,-2597.0583903759252,-5189.046083976096,21.878591730780578,544.2901653616673,360.1354532442641,731.8696998080206,27214.50826808336,18031.055587446805,36595.131570378246,,,
expected_value,0.81,468006.0,0.16738902929198926,2587.8283706095613,2613.7826298145233,2586.987168427899,2189.605614005203,2986.2363679423934,92.52729044370754,78.31437166630792,106.8070082149188,0.005527679492202876,0.0046722199696742975,0.006380814162535518,105949.05842139496,86036.19339327766,125920.88785411305,3789.4193757254316,3077.2073212904547,4503.740376295479,4.527679492202876,3.672219969674297,5.380814162535518,-223.70574681704375,-350.27764242491367,-103.00759785074594,78649.11265914782,72275.6929366323,84758.5876074627,372.525586352142,162.33096260151336,585.9067617965571,108460.67931760711,97915.49753267475,119106.23308982786,,,
treat_all,0.81,2795918.0,1.0,2810.037978447825,3217.6354680938102,2808.3909401138117,2396.1139278361284,3244.3542491403973,100.44611251523871,85.70043641609405,116.03896284298744,0.001004461125152387,0.0008582378169742464,0.001159261488735822,623.6470056905819,-19789.317358193588,22285.752457019844,22.305625761935147,-707.7931955870519,797.0817619479485,0.004461125152387029,-0.14176218302575366,0.1592614887358219,,,,,,,,,,,,,,,
random,0.82,2292653.0,0.8200000858394273,2275.895051197721,2589.885275187028,2270.6506884355094,1893.0522606994184,2650.1109764415237,81.21306449028582,67.70771749026325,94.7850035817046,0.0009904031218136845,0.0008267144855063767,0.0011543565710228154,-1100.1155782245332,-19839.44335403988,17708.167075601268,-39.34720468284596,-709.5860234112689,633.3578837291104,-0.009596878186315445,-0.17328551449362328,0.15435657102281533,-540.6189658308481,-719.2773565368224,-349.33363090848695,-27030.9482915424,-35970.67439861612,-17482.65184253979,0.0,0.0,0.0,0.0,0.0,0.0,-32.229882457816075,-197.2067521951553,140.75052829791923
response,0.82,2292653.0,0.8200000858394273,2801.188439704826,3205.260915448681,2811.2696542663575,2392.591952748912,3242.3021241116176,100.54907383787211,85.57446794751891,115.9655656607818,0.0012262080891728305,0.0010428676114916107,0.0014157845699160811,25930.83271331787,4918.236339298001,47604.164589221036,927.4532626964692,175.90774619634774,1702.6309279893414,0.2262080891728305,0.04286761149161063,0.4157845699160808,0.0,0.0,0.0,0.0,0.0,0.0,540.6189658308481,349.33363090848695,719.2773565368224,27030.9482915424,17482.65184253979,35970.67439861612,,,
uplift,0.82,2292653.0,0.8200000858394273,2756.43468879913,3151.157382873292,2759.3069032929166,2342.9504486209607,3184.9515616730337,98.69055184354178,83.7989686614901,113.91434089529928,0.0012035431891755607,0.0010211595605856025,0.0013900525312367897,23332.695164645833,2428.1331354861995,44685.30558365169,834.5271629799527,86.84564910294935,1598.233767358402,0.20354318917556066,0.021159560585602373,0.39005253123678973,-51.96275097344096,-106.14689856812072,3.885663256190209,-2598.1375486720353,-5311.362294480112,229.8152460924802,488.6562148574071,297.603368313616,667.4100958243555,24432.810742870366,14884.622352567778,33386.03605994449,,,
expected_value,0.82,468006.0,0.16738902929198926,2587.8283706095613,2613.7826298145233,2586.987168427899,2179.0543445010503,2990.2574507168697,92.52729044370754,77.93699044467866,106.95082798268297,0.005527679492202876,0.0046640358892072855,0.0063895665990891274,105949.05842139496,85592.53722505251,126116.48128584349,3789.4193757254316,3061.339324867629,4510.736054699869,4.527679492202876,3.664035889207285,5.389566599089128,-224.28248583845834,-349.4468007369268,-90.90778235956775,80018.2257080771,73759.71996315368,86660.10843994458,316.33647999238974,105.71916970573726,536.2233785839451,107049.1739996195,96481.69223528686,118030.39642919725,,,
treat_all,0.82,2795918.0,1.0,2810.037978447825,3217.6354680938102,2808.3909401138117,2374.67853958852,3236.70443624098,100.44611251523871,84.93376914446418,115.76535636027167,0.001004461125152387,0.0008493631258630481,0.0011581959161125438,623.6470056905819,-21049.99927104734,22150.655269231076,22.305625761935147,-752.8832845257743,792.2498181002117,0.004461125152387029,-0.1506368741369519,0.15819591611254377,,,,,,,,,,,,,,,
random,0.83,2320612.0,0.8300000214598569,2306.807068873288,2622.672020879976,2300.497119913029,1854.692846313214,2739.708339230068,82.28056473448181,66.33573825531415,97.9895812119693,0.0009913320796035826,0.0007990457732381272,0.001181419348028007,-1005.7440043485549,-23302.659979668417,21035.549461503393,-35.97187057519408,-833.452911697282,752.366466452285,-0.008667920396417454,-0.20095422676187283,0.18141934802800708,-510.72427850714394,-702.7548461298995,-333.4776599292092,-25536.21392535721,-35119.813556494984,-16644.320585142734,0.0,0.0,0.0,0.0,0.0,0.0,-30.467360381434446,-212.61610918598535,119.72400989646381
response,0.83,2320612.0,0.8300000214598569,2801.188439704826,3206.5807641058705,2811.221398420173,2364.9350784450435,3265.0576472846246,100.54734789862124,84.5852803424508,116.77944944324636,0.0012114137987824648,0.0010187754164265874,0.0014068617864294785,24530.469921008655,2181.4968266121255,47212.75361423123,877.367287631778,78.0243493053847,1688.6315555116862,0.21141379878246475,0.01877541642658737,0.40686178642947846,0.0,0.0,0.0,0.0,0.0,0.0,510.72427850714394,333.4776599292092,702.7548461298995,25536.21392535721,16644.320585142734,35119.813556494984,,,
uplift,0.83,2320612.0,0.8300000214598569,2758.79233949076,3153.2069937489896,2760.391979316867,2316.5636873755348,3220.3254339619375,98.72936113708869,82.8552084637509,115.17953795361443,0.0011895103443905603,0.000998787926010082,0.0013862721887390466,21988.998965843348,-140.55921315692,44865.727948096894,786.4679495551496,-5.027300985111867,1604.6868308761877,0.1895103443905603,-0.00121207398991791,0.38627218873904656,-50.82941910330601,-105.65294462360355,6.046566736941797,-2541.470955165307,-5271.830130189982,293.86086934138575,459.8948594038379,285.620078755344,661.3031829217095,22994.742970191903,14256.689269200504,33114.27416297215,,,
expected_value,0.83,468006.0,0.16738902929198926,2587.8283706095613,2613.7826298145233,2586.987168427899,2159.6669751784493,3029.3969913279125,92.52729044370754,77.24357349458923,108.35070954612804,0.005527679492202876,0.004609906185712341,0.00647728221417054,105949.05842139496,84560.1884880204,128082.34456639562,3789.4193757254316,3024.4158980349353,4581.0479622934445,4.527679492202876,3.6099061857123402,5.477282214170539,-224.23422999227387,-352.53164420736505,-101.09694446771519,81418.58850038631,75015.50891512688,87562.10227335985,286.49004851487007,85.1675456731121,506.10041959145525,106954.80242574352,96846.07361619639,117948.99928386939,,,
treat_all,0.83,2795918.0,1.0,2810.037978447825,3217.6354680938102,2808.3909401138117,2355.8762961223083,3266.0724847575807,100.44611251523871,84.26128005622155,116.81574655471229,0.001004461125152387,0.0008421187136861742,0.0011687424965584458,623.6470056905819,-22089.824236839522,23577.71298787902,22.305625761935147,-790.0741093565521,843.2905753272812,0.004461125152387029,-0.15788128631382595,0.16874249655844564,,,,,,,,,,,,,,,
random,0.84,2348571.0,0.8399999570802863,2342.612670111724,2662.434951240235,2336.047328915609,1935.1038134136159,2758.5694890916875,83.55206872718044,69.21175132509666,98.66417717156538,0.0009946675356698217,0.000823572606885875,0.0011744308392095694,-626.1835542195622,-20727.09432931921,20485.644454584373,-22.396349042409764,-741.3341281582367,732.698328584185,-0.005332464330178328,-0.1764273931141251,0.17443083920956953,-476.338236538877,-644.9113644412046,-300.30261467732697,-23816.911826943862,-32246.88048907938,-14961.503456736798,0.0,0.0,0.0,0.0,0.0,0.0,-23.001060779992713,-177.795190320945,138.7168389582355
response,0.84,2348571.0,0.8399999570802863,2803.545579511188,3209.044065737919,2812.385565454486,2370.7723307826914,3260.768829822201,100.58898599510022,84.79405800823527,116.62605376202738,0.0011974879896986235,0.0010084273337365706,0.0013881626349124254,23190.7282727243,990.9288233754169,45589.34774111003,829.4495143535789,35.44198447076834,1630.5681261435434,0.19748798969862355,0.008427333736570754,0.3881626349124253,0.0,0.0,0.0,0.0,0.0,0.0,476.338236538877,300.30261467732697,644.9113644412046,23816.911826943862,14961.503456736798,32246.88048907938,,,
uplift,0.84,2348571.0,0.8399999570802863,2762.3245289418023,3158.1169223988295,2764.513843543863,2336.150906882147,3224.0235718891636,98.87678549742385,83.55577334106891,115.31180713773308,0.001177104649399087,0.000994024257848282,0.001371757835521244,20797.14217719315,-702.207155892655,43692.48068095941,743.8394894697609,-25.115441722277083,1562.7239669031571,0.17710464939908693,-0.005975742151717984,0.3717578355212439,-47.87172191062291,-100.03543180386835,10.352332103739036,-2393.586095531151,-5025.5729202254415,489.64973848614375,428.4665146282541,240.816859217921,605.0168350472148,21423.32573141271,12039.91625961127,30234.09630226722,,,
expected_value,0.84,468006.0,0.16738902929198926,2587.8283706095613,2613.7826298145233,2586.987168427899,2172.710669968008,3040.540285362369,92.52729044370754,77.71009986587617,108.74926537052835,0.005527679492202876,0.004642079291338073,0.006497209025180389,105949.05842139496,85192.64974840038,128655.81523755287,3789.4193757254316,3047.0367782030935,4601.558959796134,4.527679492202876,3.6420792913380717,5.49720902518039,-225.39839702658674,-342.3410110909758,-101.11921535780334,82758.33014867066,76903.13638704192,88985.93298210984,250.9398395122903,53.557255352134256,460.70810818946325,106575.24197561452,96743.03359981264,117018.03052623809,,,
treat_all,0.84,2795918.0,1.0,2810.037978447825,3217.6354680938102,2808.3909401138117,2373.351164153732,3257.63852948728,100.44611251523871,84.88629366647135,116.51409410030193,0.001004461125152387,0.000848614285604822,0.0011658499198118433,623.6470056905819,-21169.298042313392,23184.195418269865,22.305625761935147,-757.1501754455386,829.2158574847283,0.004461125152387029,-0.15138571439517792,0.1658499198118432,,,,,,,,,,,,,,,
random,0.85,2376530.0,0.8499998927007159,2374.5055139096544,2703.8094579908316,2368.6423777671016,1977.0303321758977,2777.782191612424,84.7178771969386,70.7113131420842,99.351346914052,0.0009966810340147616,0.0008324518803194465,0.001169313132724888,-394.3811116449215,-19895.908391205106,20110.73583062119,-14.105603656649498,-711.6055761007692,719.2891862572933,-0.003318965985238322,-0.16754811968055353,0.16931313272488788,-445.4150643975554,-608.2245836419573,-265.3501883738168,-22270.753219877763,-30362.225682822525,-13273.500668690842,0.0,0.0,0.0,0.0,0.0,0.0,-18.489921329638037,-159.45002855138478,152.7074867515986
response,0.85,2376530.0,0.8499998927007159,2807.0782048285046,3211.4394117388547,2814.057442164657,2380.692042086492,3276.4276963421867,100.64878305317455,85.14885064892789,117.18611548486712,0.0011841034795120014,0.0010024222868964209,0.0013785948906187885,21876.37210823284,287.63487560247285,44989.239817109345,782.4396891551485,10.287672084892076,1609.1044092533953,0.18410347951200146,0.002422286896420817,0.3785948906187885,0.0,0.0,0.0,0.0,0.0,0.0,445.4150643975554,265.3501883738168,608.2245836419573,22270.753219877763,13273.500668690842,30362.225682822525,,,
uplift,0.85,2376530.0,0.8499998927007159,2759.264500599301,3154.6769129696186,2760.1589330178476,2328.252909583279,3227.0742778509325,98.72102590340087,83.27329018888531,115.42091999303744,0.0011614239807693771,0.0009796964311352334,0.001357728044274883,19181.44665089238,-2413.5612291754373,42512.74514254662,686.0518316664644,-86.32446406423354,1520.5290406423444,0.16142398076937703,-0.02030356886476686,0.3577280442748829,-53.898509146809374,-110.0259827732483,3.3822372879092493,-2694.9254573404614,-5525.124772231178,192.08045355921226,391.516555250746,201.35645344768838,552.0454972845104,19575.8277625373,10111.496800168394,27552.031690092248,,,
expected_value,0.85,468006.0,0.16738902929198926,2587.8283706095613,2613.7826298145233,2586.987168427899,2191.8812141568583,3031.9450139352584,92.52729044370754,78.39576175541839,108.44184321340104,0.005527679492202876,0.004678511026213427,0.0064861849511817045,105949.05842139496,86169.07070784291,128251.60819676293,3789.4193757254316,3081.9598682022474,4587.101917751626,4.527679492202876,3.6785110262134264,5.486184951181704,-227.07027373675783,-350.38155287880505,-111.59050086511571,84072.68631316212,77875.14529842643,89739.42854751693,218.34479066079757,2.929952520101543,406.14780101720106,106343.43953303988,95645.99724809545,115734.72005086005,,,
treat_all,0.85,2795918.0,1.0,2810.037978447825,3217.6354680938102,2808.3909401138117,2373.956354445719,3277.1336900423566,100.44611251523871,84.90793916151044,117.21136635775285,0.001004461125152387,0.000849550271102985,0.0011722569801669947,623.6470056905819,-21020.597277714056,24077.932770068368,22.305625761935147,-751.8316802464898,861.1816501795965,0.004461125152387029,-0.1504497288970152,0.17225698016699467,,,,,,,,,,,,,,,
random,0.86,2404489.0,0.8599998283211453,2344.0242415356192,2685.9890736279153,2338.773315305607,1937.0103351175173,2738.0098519185235,83.6495675232824,69.27994079645818,97.9288323877354,0.0009726695839763072,0.0008063307517844515,0.0011389672446154718,-3285.784234719671,-23262.134494124133,16703.450095926182,-117.52076544160705,-832.0034598340914,597.4227461580125,-0.027330416023692943,-0.19366924821554846,0.13896724461547194,-478.45869648089774,-640.0049342351848,-334.14216051888724,-23922.934824044904,-32032.159869946245,-16662.51442210073,0.0,0.0,0.0,0.0,0.0,0.0,-76.44289319227119,-236.82832668874354,53.503329004607394
response,0.86,2404489.0,0.8599998283211453,2812.9683152594835,3215.3882094151277,2817.2320117865047,2389.505256849437,3256.3754901973807,100.76232606916601,85.46406786069682,116.46891969640672,0.0011716551881861405,0.0009956031921184354,0.001353333082916589,20637.150589325232,-527.6734075281488,42509.28200986903,738.1171618525734,-18.87299296789637,1520.4051767565797,0.17165518818614045,-0.0043968078815648185,0.353333082916589,0.0,0.0,0.0,0.0,0.0,0.0,478.45869648089774,334.14216051888724,640.0049342351848,23922.934824044904,16662.51442210073,32032.159869946245,,,
uplift,0.86,2404489.0,0.8599998283211453,2761.618896065555,3157.0136352295226,2761.7487258989804,2342.6379612570704,3205.8947500331415,98.77788711610928,83.78779210467083,114.66340393506323,0.0011485803120326109,0.0009741060301763633,0.001332472140148267,17862.98629494902,-3113.626937146477,39995.97500165705,638.8952141997377,-111.36331384348456,1430.513162462456,0.14858031203261082,-0.025893969823636676,0.3324721401482668,-55.48328588752429,-106.63532898650301,0.10383736848887162,-2774.1642943762126,-5369.477726677416,-26.18475875836261,422.97541059337345,279.3585250262581,590.1397924702617,21148.77052966869,13975.341193441318,29467.722844387135,,,
expected_value,0.86,468006.0,0.16738902929198926,2587.8283706095613,2613.7826298145233,2586.987168427899,2165.0280116426916,3005.644953042848,92.52729044370754,77.43531861959798,107.50118397760049,0.005527679492202876,0.004626712097957102,0.006432739532242671,105949.05842139496,84854.35183213458,126915.68390214241,3789.4193757254316,3034.937070119173,4539.320677578614,4.527679492202876,3.626712097957103,5.432739532242671,-230.24484335860552,-351.3069692966886,-109.10243841260905,85311.90783206973,79296.3562723662,91415.55932933681,248.21385312229222,63.361558377019264,431.0741066251251,109234.84265611463,99953.75552955498,118320.44283125627,,,
treat_all,0.86,2795918.0,1.0,2810.037978447825,3217.6354680938102,2808.3909401138117,2393.6206930243943,3253.8039867867647,100.44611251523871,85.6112623125712,116.37694620467283,0.001004461125152387,0.0008560197729012613,0.0011637009589136919,623.6470056905819,-20129.810794964887,22886.069339338213,22.305625761935147,-719.9714295971801,818.5529525307327,0.004461125152387029,-0.14398022709873873,0.16370095891369166,,,,,,,,,,,,,,,
random,0.87,2432449.0,0.8700001216058554,2372.9962821696363,2721.9124669970815,2367.2628176743615,1921.077511589239,2759.7044365850807,84.66853526013142,68.71008060999067,98.7047701894362,0.0009732014186831302,0.00078926163517194,0.001134484139029379,-3259.309116281933,-25646.977471773807,16357.387661023606,-116.5738450227057,-917.3007746212088,585.045328976873,-0.02679858131686981,-0.21073836482806,0.1344841390293787,-452.5025794761,-591.1264925516135,-302.26319183685393,-22625.12897380498,-29530.615780566408,-15125.91334184272,0.0,0.0,0.0,0.0,0.0,0.0,-76.0373002246547,-204.88775642580046,75.63187497371374
response,0.87,2432449.0,0.8700001216058554,2814.1452314714525,3219.148930655739,2819.7653971504615,2378.376838212356,3228.339416418474,100.85293621452637,85.06604407612654,115.46616948059543,0.0011592289898577366,0.0009766945386305674,0.0013273140609253462,19365.81985752305,-2837.585589382222,39805.23082092369,692.6462026970408,-101.49030083794382,1423.6909244449835,0.15922898985773637,-0.02330546136943275,0.3273140609253461,0.0,0.0,0.0,0.0,0.0,0.0,452.5025794761,302.26319183685393,591.1264925516135,22625.12897380498,15125.91334184272,29530.615780566408,,,
uplift,0.87,2432449.0,0.8700001216058554,2763.9739150941373,3159.385586769968,2763.3373263032595,2325.7614350405106,3160.5478679915514,98.83470567818009,83.18417904389581,113.04150794091784,0.0011360309409583756,0.0009569389949149512,0.0013011416296433893,16544.416315162962,-5232.652298072633,36588.02728325291,591.7346758797275,-187.15328196580276,1308.6230455704676,0.13603094095837537,-0.043061005085048815,0.3011416296433892,-56.42807084720198,-112.4643887098228,-1.0875219435591625,-2821.403542360087,-5616.121383436875,-60.808735767776014,396.074508628898,242.86728725949908,542.6358275002248,19803.725431444895,12134.653112974956,27146.283875011235,,,
expected_value,0.87,468006.0,0.16738902929198926,2587.8283706095613,2613.7826298145233,2586.987168427899,2178.6569758585724,2994.015067958459,92.52729044370754,77.92277798771539,107.08522452941965,0.005527679492202876,0.004655326741254802,0.0063915090665016975,105949.05842139496,85535.54613633771,126278.93339792294,3789.4193757254316,3059.300957193226,4516.546386479251,4.527679492202876,3.6553267412548025,5.391509066501697,-232.7782287225623,-353.384842727398,-108.54437733276002,86583.23856387191,80513.76149667615,92708.385102932,219.7243507535377,33.66340483659352,400.7004537664064,109208.3675376769,99928.20243893987,118241.51607634091,,,
treat_all,0.87,2795918.0,1.0,2810.037978447825,3217.6354680938102,2808.3909401138117,2368.145094765115,3218.755186464113,100.44611251523871,84.70009116022413,115.12337580945196,0.001004461125152387,0.0008472032528647318,0.0011514598774725333,623.6470056905819,-21372.99757433037,21169.314323205654,22.305625761935147,-764.4357801026486,757.1507577549004,0.004461125152387029,-0.15279674713526822,0.1514598774725332,,,,,,,,,,,,,,,
random,0.88,2460408.0,0.8800000572262849,2397.878881343386,2756.372684544068,2393.32098244275,2019.328409796232,2837.3654619905305,85.60054273561492,72.22416429223718,101.48242766742553,0.000972733376920718,0.0008212046130231376,0.0011527110345888102,-3354.350877862511,-21981.75359270334,18794.78576539713,-119.97314935067878,-786.2088084379919,672.2223529229801,-0.02726662307928206,-0.17879538697686245,0.15271103458881014,-419.8237730165338,-557.4025556030642,-265.4512179104515,-20991.188650826676,-27847.70903015322,-13265.120895522568,0.0,0.0,0.0,0.0,0.0,0.0,-78.0630448574043,-203.3943452636616,62.39449603468486
response,0.88,2460408.0,0.8800000572262849,2808.6999447669077,3213.371765836812,2813.1447554592837,2396.9476735145868,3258.4556344046664,100.61613950978833,85.73025652092038,116.54331902454457,0.0011433651473492542,0.0009745061676768066,0.0013232586295166733,17636.837772964165,-3135.302574270662,39801.81922023332,630.8066893579913,-112.13857395927425,1423.5689036743324,0.14336514734925399,-0.025493832323193532,0.32325862951667333,0.0,0.0,0.0,0.0,0.0,0.0,419.8237730165338,265.4512179104515,557.4025556030642,20991.188650826676,13265.120895522568,27847.70903015322,,,
uplift,0.88,2460408.0,0.8800000572262849,2766.328686343132,3162.7288539448323,2766.106271564313,2363.3295848035577,3210.910602241598,98.93374095965306,84.52785756962679,114.84280305222106,0.0011242469832500597,0.0009605297362666405,0.001304682896476192,15284.913578215652,-4854.435491812727,37489.09416228112,546.6867618512293,-173.62581777479622,1340.8509892736886,0.12424698325005976,-0.0394702637333596,0.30468289647619207,-47.038483894970796,-97.97557931221587,9.125068536642797,-2351.9241947485134,-4872.643277425545,456.3489476171316,372.785289121563,225.26749914348017,507.2335710054023,18639.264456078163,11257.824957174022,25407.298528126597,,,
expected_value,0.88,468006.0,0.16738902929198926,2587.8283706095613,2613.7826298145233,2586.987168427899,2175.436243284401,3018.4162955205784,92.52729044370754,77.80758388781076,107.95796927952031,0.005527679492202876,0.004653160512371585,0.006445248645941517,105949.05842139496,85395.91216422005,127506.06227602894,3789.4193757254316,3054.30674877518,4560.436403214577,4.527679492202876,3.6531605123715853,5.445248645941517,-226.15758703138454,-346.61535326309735,-104.21945679555691,88312.2206484308,82347.37020129466,94461.69216022216,193.66618598514924,12.197104287076298,355.993868929926,109303.40929925747,100295.57777266564,117466.1571964963,,,
treat_all,0.88,2795918.0,1.0,2810.037978447825,3217.6354680938102,2808.3909401138117,2399.98529143198,3247.2528081125656,100.44611251523871,85.83890126362719,116.14263394393419,0.001004461125152387,0.0008586081070449394,0.0011618093557663163,623.6470056905819,-19760.964178401002,22628.283149384173,22.305625761935147,-706.7791036218158,809.3328613136784,0.004461125152387029,-0.1413918929550607,0.16180935576631633,,,,,,,,,,,,,,,
random,0.89,2488367.0,0.8899999928467144,2426.98097047639,2793.240791706743,2421.5935795078185,1952.432383883353,2851.0630836126093,86.61175254452449,69.83153239413149,101.97234266572228,0.0009731657667489637,0.0007849479646082731,0.0011448101775571383,-3338.6710246090806,-26745.388305832348,18043.67697868654,-119.41233700734718,-956.5870066944864,645.3578745401883,-0.026834233251036368,-0.2150520353917269,0.14481017755713815,-385.9251280956523,-518.7510098704503,-256.89889391984747,-19296.25640478263,-25976.014243522503,-12869.475923238406,0.0,0.0,0.0,0.0,0.0,0.0,-77.87435719347377,-207.27436509676406,41.44136153191885
response,0.89,2488367.0,0.8899999928467144,2803.2422857291185,3208.566104892402,2807.518707603471,2341.053731792307,3263.4587311497835,100.41491587390871,83.73112987549376,116.72226192434054,0.0011282574907975676,0.0009406121489432162,0.0013119420865211626,15957.58538017355,-7390.410910384622,38779.22896934054,570.7458294618638,-264.3286001372223,1386.9945030340855,0.12825749079756765,-0.05938785105678373,0.3119420865211628,0.0,0.0,0.0,0.0,0.0,0.0,385.9251280956523,256.89889391984747,518.7510098704503,19296.25640478263,12869.475923238406,25976.014243522503,,,
uplift,0.89,2488367.0,0.8899999928467144,2766.328686343133,3163.255422121686,2765.9196064894954,2287.597983195211,3228.781487103061,98.92706461668388,81.8192086890678,115.48198076993178,0.001111540060806744,0.0009192481988160027,0.0012974868726537139,13877.630324474769,-10047.759590239455,37014.636855153054,496.3532666006217,-359.3724705173562,1323.8813461322204,0.11154006080674408,-0.0807518011839972,0.2974868726537138,-41.599101113975394,-91.41268247373455,10.74012243446202,-2079.9550556987815,-4557.216275909333,597.518066264707,344.32602698167693,213.88755861974852,484.9122736910105,17216.30134908385,10674.86793098743,24240.423090566026,,,
expected_value,0.89,468006.0,0.16738902929198926,2587.8283706095613,2613.7826298145233,2586.987168427899,2142.3646024676195,3024.244828585628,92.52729044370754,76.62472942581363,108.1664350880687,0.005527679492202876,0.00457353069269348,0.006460071102603766,105949.05842139496,83697.56637338098,127823.34767928142,3789.4193757254316,2993.562986231391,4571.784568763513,4.527679492202876,3.5735306926934807,5.460071102603765,-220.53153917557165,-341.2583322239882,-96.41093796971168,89991.47304122141,83938.5657449006,96274.39435151443,165.39358892008067,-5.606153251203042,341.87314987698255,109287.72944600404,100766.26659584475,118099.76249384914,,,
treat_all,0.89,2795918.0,1.0,2810.037978447825,3217.6354680938102,2808.3909401138117,2335.1932265696855,3263.023865775883,100.44611251523871,83.52152053707174,116.70670834323049,0.001004461125152387,0.0008348315977676181,0.001167203720815335,623.6470056905819,-23100.476171515747,23371.658288794184,22.305625761935147,-826.221519068719,835.9207347566768,0.004461125152387029,-0.16516840223238197,0.16720372081533508,,,,,,,,,,,,,,,
random,0.9,2516326.0,0.8999999284671439,2440.6128348126676,2810.058917759741,2434.2620153083344,2006.2047724136798,2835.0794888334885,87.06485724217714,71.75477865994925,101.40066657296418,0.0009673873795797264,0.0007967865010193824,0.001126531706025247,-4103.199234583284,-25583.257629316005,15929.288447719751,-146.7567802268623,-915.0217434601446,569.7337492630238,-0.03261262042027372,-0.20321349898061747,0.12653170602524716,-376.0956319459051,-501.52415344215456,-241.9626900731473,-18804.781597295252,-25062.742331422272,-12091.730314864299,0.0,0.0,0.0,0.0,0.0,0.0,-93.28983079409636,-210.30427469454517,34.75780360507888
response,0.9,2516326.0,0.8999999284671439,2805.5977411948493,3212.1786996820074,2810.3576472542395,2359.5547374328903,3231.745773140435,100.51645460468582,84.39284476271803,115.5880026932276,0.0011168495843758876,0.0009378894304851878,0.001284054445562737,14701.582362711968,-7812.802065011845,35746.35161805226,525.823087898571,-279.436022981069,1278.5193134438225,0.11684958437588745,-0.062110569514812274,0.28405444556273723,0.0,0.0,0.0,0.0,0.0,0.0,376.0956319459051,241.9626900731473,501.52415344215456,18804.781597295252,12091.730314864299,25062.742331422272,,,
uplift,0.9,2516326.0,0.8999999284671439,2767.5062770461764,3164.7460005564963,2766.6250958094215,2301.948433660642,3187.0812238757667,98.95229744968992,82.3324730432238,113.99051130525883,0.0010994700590501475,0.0009145255198541401,0.0012665150887978891,12514.954790471078,-10762.099166509957,33533.17994378836,447.61523014877685,-384.9218455802337,1199.3620679786873,0.09947005905014754,-0.08547448014585977,0.2665150887978893,-43.732551444818,-92.73666554395818,8.4114230590103,-2186.62757224089,-4614.244120926267,402.2264858520348,332.3630805010871,193.4018893876985,465.4661537013159,16618.154025054362,9678.119879672455,23286.1145800233,,,
expected_value,0.9,468006.0,0.16738902929198926,2587.8283706095613,2613.7826298145233,2586.987168427899,2147.1990517395184,2998.242095808614,92.52729044370754,76.79764040789173,107.23641021691674,0.005527679492202876,0.004593232977015114,0.006401307590031745,105949.05842139496,83986.44883697592,126507.70272031281,3789.4193757254316,3003.8952800824604,4524.728647990135,4.527679492202876,3.5932329770151137,5.401307590031745,-223.37047882634033,-343.5248975361574,-103.48916347834242,91247.476058683,85239.62637319214,97307.35481472059,152.72515311956477,-19.057879923003746,305.3879825634127,110052.25765597825,101469.955435572,117748.48694845472,,,
treat_all,0.9,2795918.0,1.0,2810.037978447825,3217.6354680938102,2808.3909401138117,2358.303141289168,3235.425969598308,100.44611251523871,84.34807963928726,115.71963017507335,0.001004461125152387,0.0008442135100592343,0.001156361410766354,623.6470056905819,-21759.41168554162,21874.464729915366,22.305625761935147,-778.2564326114579,782.371469045779,0.004461125152387029,-0.15578648994076572,0.15636141076635382,,,,,,,,,,,,,,,
random,0.91,2544285.0,0.9099998640875734,2454.0091015352054,2826.7303874518357,2447.569591921882,1983.2596020339608,2849.8152610963275,87.54082172373732,70.93411187430964,101.92771251146591,0.0009619871955861399,0.0007800397402713703,0.0011201293707434367,-4835.770403905903,-27962.569898301972,15284.165201928414,-172.95823425100102,-1000.1212445537376,546.6599951045922,-0.0380128044138601,-0.2199602597286297,0.12012937074343664,-356.5768551586825,-475.59153615899066,-234.4245995738527,-17828.842757934137,-23780.54562648843,-11683.862478692627,0.0,0.0,0.0,0.0,0.0,0.0,-108.06616358168685,-224.79322999907885,9.410770698710403
response,0.91,2544285.0,0.9099998640875734,2799.0057920155027,3206.9074150845204,2804.1464470805645,2333.5175105914136,3261.6624198481786,100.29430216052704,83.4615861620911,116.65801428540387,0.0011021353531858909,0.0009176945181238488,0.0012827313434960028,12993.072354028234,-10464.148250353308,35943.44120130545,464.71578758848557,-374.26520557302854,1285.5685038440129,0.102135353185891,-0.08230548187615126,0.28273134349600265,0.0,0.0,0.0,0.0,0.0,0.0,356.5768551586825,234.4245995738527,475.59153615899066,17828.842757934137,11683.862478692627,23780.54562648843,,,
uplift,0.91,2544285.0,0.9099998640875734,2772.2207891956796,3169.595929762801,2770.551287076434,2290.5350370969304,3220.0293987924574,99.09272328717917,81.92425661614291,115.16894983302292,0.0010889311877704086,0.0008993149844306575,0.0012648340397956412,11313.314353821712,-12822.119395153488,33714.97315349972,404.63684392109184,-458.60141088377725,1205.8641617350622,0.08893118777040868,-0.10068501556934259,0.2648340397956413,-33.59516000413032,-80.58695294498052,14.240665846092684,-1679.7580002065224,-4027.883935315486,745.6663806879361,322.9816951545522,199.25126852779016,455.77713560195224,16149.084757727614,9862.883426389517,22802.79851350557,,,
expected_value,0.91,468006.0,0.16738902929198926,2587.8283706095613,2613.7826298145233,2586.987168427899,2129.692152238472,3023.0802289849034,92.52729044370754,76.1714811463881,108.12478152023428,0.005527679492202876,0.004547430088657357,0.006446086015521331,105949.05842139496,83068.17511192359,127670.0226992452,3789.4193757254316,2971.0519089588315,4566.300681895721,4.527679492202876,3.547430088657357,5.44608601552133,-217.1592786526653,-336.14131606352174,-89.7125212862028,92955.98606736673,87009.28871585387,99238.36349494036,139.4175765060172,-18.74526995033776,309.8334973015498,110784.82882530086,102806.01773064081,119258.35307949223,,,
treat_all,0.91,2795918.0,1.0,2810.037978447825,3217.6354680938102,2808.3909401138117,2344.3616095013736,3272.4902139289607,100.44611251523871,83.8494408455961,117.04528580340914,0.001004461125152387,0.0008391657744987264,0.0011703938511339717,623.6470056905819,-22476.31687807919,23842.980567050923,22.305625761935147,-803.8975706039731,852.778249113562,0.004461125152387029,-0.1608342255012737,0.17039385113397154,,,,,,,,,,,,,,,
random,0.92,2572245.0,0.9200001573722835,2500.5270179831487,2879.433124646201,2495.060142385801,2049.418818946028,2951.985391266833,89.2393890802878,73.30039074629613,105.58197312177371,0.000969993193644385,0.0007970584792177253,0.001148380702449195,-3859.2428807099495,-26083.727310141512,19071.647760276504,-138.03133284702733,-932.9217562940512,682.124717544524,-0.030006806355615034,-0.20294152078227473,0.14838070244919493,-307.555808945468,-424.9011250647464,-187.7705632103905,-15377.790447273394,-21236.535003237306,-9393.275059861871,0.0,0.0,0.0,0.0,0.0,0.0,-88.65952251890576,-198.53753321992787,27.75438663768351
response,0.92,2572245.0,0.9200001573722835,2799.005792015503,3206.437509729841,2802.615951331269,2354.0882242372286,3247.9056579420608,100.23956179441846,84.19732711178327,116.1659840503928,0.001089560267910432,0.000914462373111705,0.0012630035140743464,11518.547566563444,-11009.911288138584,33804.316120957825,411.97730285950604,-393.7852000000924,1209.0596405530428,0.0895602679104319,-0.08553762688829501,0.2630035140743464,0.0,0.0,0.0,0.0,0.0,0.0,307.555808945468,187.7705632103905,424.9011250647464,15377.790447273394,9393.275059861871,21236.535003237306,,,
uplift,0.92,2572245.0,0.9200001573722835,2780.478634255571,3180.285030423889,2780.1750948418958,2319.432621748466,3227.367361231736,99.43693251525602,82.9578199986003,115.43140253869161,0.001080836038107527,0.0009017951320816595,0.0012540179633383157,10396.504742094781,-12629.230162576712,32687.319276628077,371.84583890138344,-451.70245202386883,1169.1086532805352,0.08083603810752693,-0.09820486791834045,0.25401796333831556,-22.440856489373346,-68.46120131562617,25.455932249025317,-1122.0428244686627,-3440.9645731865394,1268.7100091751522,285.11495245609467,163.45863880505584,404.1049337815658,14255.74762280473,8107.482239193737,20190.108542436956,,,
expected_value,0.92,468006.0,0.16738902929198926,2587.8283706095613,2613.7826298145233,2586.987168427899,2160.340529195236,3018.3273262563926,92.52729044370754,77.26766411587306,107.95478716673351,0.005527679492202876,0.004626711451153149,0.0064625901128416785,105949.05842139496,84670.63145976179,127535.60506281961,3789.4193757254316,3028.3660486381145,4561.493043172927,4.527679492202876,3.626711451153149,5.462590112841679,-215.62878290336994,-338.7639600817133,-76.89146579507374,94430.51085483152,88285.07699591434,101415.66713938856,91.92702604209808,-72.97487537237905,263.50087430360054,109808.30130210491,101602.19330300821,118388.53175635866,,,
treat_all,0.92,2795918.0,1.0,2810.037978447825,3217.6354680938102,2808.3909401138117,2359.1249884302597,3254.711754377011,100.44611251523871,84.37747417593289,116.40941380888175,0.001004461125152387,0.0008435362624639259,0.001164491821213464,623.6470056905819,-21890.900683198335,23007.21674710171,22.305625761935147,-782.9593243864211,822.8859625747862,0.004461125152387029,-0.1564637375360741,0.16449182121346384,,,,,,,,,,,,,,,
random,0.93,2600204.0,0.9300000929927129,2554.5955230239983,2936.8202523984287,2550.4627254493284,2137.895229845684,2966.132626189447,91.22094158159604,76.46487593147165,106.08796918183748,0.0009808702415077157,0.0008225106726836467,0.0011409127947558417,-2487.0637275335903,-23066.787257715827,18316.22139231421,-88.95338588376305,-825.0165869569789,655.1058147025132,-0.019129758492284377,-0.17748932731635342,0.1409127947558415,-259.4216299967079,-352.9938583507106,-161.9326244190445,-12971.081499835389,-17611.687312891838,-8128.88497095222,0.0,0.0,0.0,0.0,0.0,0.0,-61.34084885651646,-150.10866699872966,34.78651280955854
response,0.93,2600204.0,0.9300000929927129,2806.081859767315,3214.6749842479007,2809.8843554460364,2390.328980494806,3247.0994714563194,100.49952664727779,85.49352951319766,116.13714963945006,0.0010806399634205764,0.0009191847473436917,0.001249080506500992,10484.017772301799,-10507.958475259727,32375.369822815974,374.97586740032426,-375.8321408303007,1157.9513355833744,0.08063996342057622,-0.08081525265630841,0.2490805065009919,0.0,0.0,0.0,0.0,0.0,0.0,259.4216299967079,161.9326244190445,352.9938583507106,12971.081499835389,8128.88497095222,17611.687312891838,,,
uplift,0.93,2600204.0,0.9300000929927129,2774.121670886727,3176.5430102735204,2775.5787997175908,2355.702545390519,3210.910179086576,99.27253945636427,84.25506561317317,114.84278791747741,0.0010674465540848298,0.00090567533694266,0.0012353872599050167,8768.73998587954,-12267.13523047407,30590.209650884586,313.6265078546488,-438.75160968505054,1094.102532723942,0.0674465540848298,-0.09432466305734004,0.2353872599050166,-34.3055557284456,-74.74002027567299,7.856762369369209,-1715.277786422259,-3740.9096600120665,423.06724571710464,225.1160742682623,115.55820074974658,326.9249166213385,11255.80371341313,5825.060037487341,16314.828311071571,,,
expected_value,0.93,468006.0,0.16738902929198926,2587.8283706095613,2613.7826298145233,2586.987168427899,2182.131543557159,3008.707661571683,92.52729044370754,78.04705086333571,107.6107261218563,0.005527679492202876,0.004662183199374837,0.006427411985491834,105949.05842139496,85704.28092785795,127100.11932858413,3789.4193757254316,3065.3359979748316,4545.917273989585,4.527679492202876,3.6621831993748373,5.427411985491833,-222.89718701813717,-351.86347975849094,-101.09403862449078,95465.04064909316,88986.87377876742,101508.28072451428,36.52444297857073,-116.54598695617145,185.7580274693502,108436.12214892855,100786.5967286319,115980.98137346751,,,
treat_all,0.93,2795918.0,1.0,2810.037978447825,3217.6354680938102,2808.3909401138117,2388.1848735103727,3258.685631303405,100.44611251523871,85.41684246499263,116.55154519207663,0.001004461125152387,0.0008538464280587166,0.0011652150745536344,623.6470056905819,-20433.501492899893,23102.81777490853,22.305625761935147,-730.8333610964232,826.3052698580049,0.004461125152387029,-0.14615357194128342,0.1652150745536344,,,,,,,,,,,,,,,
random,0.94,2628163.0,0.9400000286131425,2586.318270777796,2977.050155754743,2582.030990672265,2148.379483669573,3008.654290031982,92.35002566857344,76.8398602415941,107.60881721252132,0.0009824470516753584,0.0008172635678443626,0.0011453185474685583,-2306.600466386735,-24018.392066521363,19086.97700159909,-82.49885963703997,-859.0520918897251,682.6729897514552,-0.017552948324641472,-0.1827364321556375,0.14531854746855827,-227.97101068596385,-321.152613990918,-126.70280575891555,-11398.550534298178,-16062.79609160191,-6292.454875919138,0.0,0.0,0.0,0.0,0.0,0.0,-57.856493034717914,-145.58339807380978,39.21703712310431
response,0.94,2628163.0,0.9400000286131425,2807.2611456804743,3215.7032962822072,2810.002001358229,2338.808386748838,3242.9277668138307,100.50373442133241,83.6508219035336,115.98794266547985,0.0010691886315111463,0.0008899576673859451,0.0012341642504947897,9091.950067911443,-14452.111648836382,30767.44852699752,325.1865780009086,-516.9004115584356,1100.4417342353215,0.06918863151114632,-0.11004233261405505,0.23416425049478978,0.0,0.0,0.0,0.0,0.0,0.0,227.97101068596385,126.70280575891555,321.152613990918,11398.550534298178,6292.454875919138,16062.79609160191,,,
uplift,0.94,2628163.0,0.9400000286131425,2775.1745937598653,3178.6594344129967,2777.0697196150772,2314.1057217374696,3205.1293811551586,99.32586433561632,82.7672958125907,114.63602942415187,0.0010566580990658027,0.0008806173987514319,0.0012201836653786273,7445.33598075388,-15685.816413126513,28918.48030775792,266.2930737151047,-561.025624253877,1034.3107454423885,0.056658099065802846,-0.11938260124856807,0.22018366537862724,-32.932281743151634,-69.12095432049823,9.146327051279819,-1646.6140871575626,-3467.0698909216085,473.48847633183215,195.0387289428122,91.13388924228954,291.80882032911944,9751.936447140615,4561.694714466125,14587.696137689225,,,
expected_value,0.94,468006.0,0.16738902929198926,2587.8283706095613,2613.7826298145233,2586.987168427899,2153.03176633209,3011.5671778144997,92.52729044370754,77.00625577474338,107.71300080383257,0.005527679492202876,0.004603971258098533,0.006437685902095266,105949.05842139496,84269.25581660449,127189.71014072499,3789.4193757254316,3014.0102755733355,4549.12161732658,4.527679492202876,3.6039712580985332,5.437685902095265,-223.0148329303297,-345.4957887844321,-83.06499525044482,96857.10835348352,90783.34249910743,103856.02398747773,4.956177755634144,-145.91015911649487,168.32210226868125,108255.6588877817,100689.86454417529,116445.28482093856,,,
treat_all,0.94,2795918.0,1.0,2810.037978447825,3217.6354680938102,2808.3909401138117,2342.2494147615075,3238.7251784780174,100.44611251523871,83.77389518439051,115.8376310921142,0.001004461125152387,0.0008373988393913287,0.0011583702179031041,623.6470056905819,-22740.206761924626,22139.779512046716,22.305625761935147,-813.3359691494753,791.860831113313,0.004461125152387029,-0.16260116060867116,0.15837021790310415,,,,,,,,,,,,,,,
random,0.95,2656122.0,0.9499999642335719,2627.6302832685446,3020.956383668023,2623.7404308433506,2157.920433076464,3051.9847748635784,93.84182335974627,77.18110592215021,109.15859388092134,0.0009878087041345807,0.0008118582376065057,0.001149260343326163,-1619.078457832482,-24978.79683155166,19822.180058819704,-57.90865318054685,-893.4023398236878,708.9685770047514,-0.01219129586541945,-0.18814176239349445,0.14926034332616273,-186.06074524931546,-270.9813784663716,-91.43043760229884,-9303.037262465776,-13550.162586002083,-4603.313697834879,0.0,0.0,0.0,0.0,0.0,0.0,-44.23096226477037,-127.84400684107521,45.16340068225724
response,0.95,2656122.0,0.9499999642335719,2807.261145680473,3216.1325971756933,2809.801176092666,2335.3707255766603,3225.8255571109553,100.49655161891967,83.52786904253487,115.3762577125279,0.001057858477921069,0.0008797027177429473,0.001214157588464595,7683.958804633294,-15967.826221166988,28449.156472622282,274.8277597781227,-571.1121077644978,1017.5247082576199,0.05785847792106909,-0.12029728225705277,0.21415758846459512,0.0,0.0,0.0,0.0,0.0,0.0,186.06074524931546,91.43043760229884,270.9813784663716,9303.037262465776,4603.313697834879,13550.162586002083,,,
uplift,0.95,2656122.0,0.9499999642335719,2795.230277979481,3197.5327269522577,2795.130186461003,2330.4608397247066,3210.0429314405314,99.97182272373522,83.35225996344337,114.81176956693764,0.001052335015658544,0.0008770539735404528,0.0012088626220403804,6950.409323050146,-16334.28551376465,27724.798344823426,248.59131501890064,-584.2190476889755,991.6170053922692,0.05233501565854389,-0.12294602645954705,0.20886262204038017,-14.670989631662906,-51.97890074811315,24.94567474595735,-733.549481583148,-2597.589132648657,1243.103376673338,171.38975561765255,73.40358366624996,263.33505043286675,8569.487780882628,3667.6624235259665,13166.15787408711,,,
expected_value,0.95,468006.0,0.16738902929198926,2587.8283706095613,2613.7826298145233,2586.987168427899,2140.8956067682266,3001.542176853647,92.52729044370754,76.57218869681537,107.35444232819586,0.005527679492202876,0.004578990652048524,0.006413266435547047,105949.05842139496,83667.40533841132,126690.53134268237,3789.4193757254316,2992.484233744027,4531.267774758859,4.527679492202876,3.578990652048524,5.413266435547047,-222.8140076647669,-341.62291570008995,-86.24645557999962,98265.09961676167,92299.49421499553,105055.69467771384,-36.753262415451445,-180.9840321865535,123.73187065518498,107568.13687922744,100388.72089067234,115507.45799870079,,,
treat_all,0.95,2795918.0,1.0,2810.037978447825,3217.6354680938102,2808.3909401138117,2345.9298965603116,3223.8710265797836,100.44611251523871,83.90553287186219,115.30635113689972,0.001004461125152387,0.0008390289995114668,0.001153044989430835,623.6470056905819,-22503.793921984412,21395.512520954428,22.305625761935147,-804.8803263180254,765.2410593212829,0.004461125152387029,-0.16097100048853316,0.15304498943083494,,,,,,,,,,,,,,,
random,0.96,2684081.0,0.9599998998540015,2664.454670018018,3061.908201577837,2662.700258061911,2249.927803351591,3086.9765727064027,95.23527721706827,80.47188091180038,110.41012550104841,0.000992034241165565,0.0008380162902172103,0.0011500980279231386,-1069.0370969044743,-21744.901082420456,20143.894885320125,-38.23563841659428,-777.7374401688623,720.4751672016176,-0.007965758834435134,-0.16198370978278964,0.15009802792313873,-148.85065028202916,-223.46404497561446,-72.10850888602675,-7442.532514101476,-11185.58100910664,-3623.239758974698,0.0,0.0,0.0,0.0,0.0,0.0,-33.355044447348064,-109.4636810237205,45.5472951002654
response,0.96,2684081.0,0.9599998998540015,2809.6184439079184,3218.613166985951,2811.55090834394,2377.9934132685707,3237.844103044634,100.55913329160369,85.05233033545944,115.80611817101338,0.001047491081060497,0.0008864058720089235,0.001206005110043646,6373.495417197002,-15237.156836571461,27653.793902231664,227.95716531017726,-544.9786737869803,989.0774301045903,0.04749108106049707,-0.11359412799107664,0.20600511004364577,0.0,0.0,0.0,0.0,0.0,0.0,148.85065028202916,72.10850888602675,223.46404497561446,7442.532514101476,3623.239758974698,11185.58100910664,,,
uplift,0.96,2684081.0,0.9599998998540015,2797.014730208753,3199.7259245896607,2796.5227455325885,2363.62644985632,3214.142592555459,100.02162958758404,84.53847537217902,114.95839980126236,0.0010418920835595456,0.0008801254829244502,0.001198627762745955,5622.087276629405,-16096.487507184,26632.02462777293,201.08198010919511,-575.7138623945337,952.5323928589083,0.04189208355954537,-0.11987451707554991,0.19862776274595484,-15.028162811351649,-46.768301841874084,22.967092643005497,-751.408140567597,-2370.5663420937008,1160.4071321502556,133.82248747067752,47.65283934898367,215.15195963463114,6691.124373533879,2406.936967449192,10743.004787848202,,,
expected_value,0.96,468006.0,0.16738902929198926,2587.8283706095613,2613.7826298145233,2586.987168427899,2176.828968466617,2989.773851044152,92.52729044370754,77.85739669284352,106.93353134978035,0.005527679492202876,0.004650894953988513,0.006382647901309635,105949.05842139496,85439.95092333085,126067.58380220759,3789.4193757254316,3055.8818578846326,4508.987166369242,4.527679492202876,3.650894953988513,5.382647901309634,-224.56373991604096,-349.674949673228,-103.85214444278986,99575.56300419796,93304.2731600055,105581.21909696606,-75.7130896340118,-225.36962414724889,64.46892761166563,107018.09551829944,99500.13319422501,113975.28900393995,,,
treat_all,0.96,2795918.0,1.0,2810.037978447825,3217.6354680938102,2808.3909401138117,2382.0218346940624,3231.181803868388,100.44611251523871,85.19641258055715,115.56783152683262,0.001004461125152387,0.0008511773699631859,0.0011552919560354857,623.6470056905819,-20824.023265296884,21716.59841630205,22.305625761935147,-744.8009299735144,776.72515489732,0.004461125152387029,-0.148822630036814,0.15529195603548565,,,,,,,,,,,,,,,
random,0.97,2712040.0,0.9699998354744309,2707.850231133468,3107.4993815123535,2707.050077893796,2305.206006096442,3160.563341853014,96.821511857422,82.44898477338899,113.04206138567062,0.0009981600853578103,0.0008488127754350865,0.0011648161422868472,-249.49610531021608,-20529.590362246385,22364.053299431518,-8.923584501055327,-734.2701167289736,799.8823033948605,-0.0018399146421897619,-0.1511872245649134,0.16481614228684716,-106.02106751446763,-169.47899160565393,-44.96920713169946,-5301.053375723393,-8490.964580282716,-2245.461368756593,0.0,0.0,0.0,0.0,0.0,0.0,-17.089134016601292,-81.37319294885187,44.69901232547731
response,0.97,2712040.0,0.9699998354744309,2811.9756631604378,3220.8695095965763,2813.0711454082634,2411.317647237565,3275.602907649903,100.61350674119426,86.24421915226287,117.1566157394424,0.001037252822749024,0.0008889321352669292,0.0012076602944381307,5051.557270413177,-15064.147638121778,28160.595265471344,180.67615968755797,-538.7907527374472,1007.2039046020428,0.03725282274902418,-0.1110678647330709,0.20766029443813055,0.0,0.0,0.0,0.0,0.0,0.0,106.02106751446763,44.96920713169946,169.47899160565393,5301.053375723393,2245.461368756593,8490.964580282716,,,
uplift,0.97,2712040.0,0.9699998354744309,2806.477152180573,3209.755072680275,2805.26820335323,2396.5765774123597,3259.1036899250603,100.33442337555071,85.71698373887789,116.56649765569163,0.0010343756741616017,0.0008842147127226091,0.0012011566419428857,4661.4101676614955,-15691.241129381999,27289.959496253003,166.72199140538083,-561.2196469775579,976.0643729985287,0.03437567416160157,-0.11578528727739076,0.20115664194288574,-7.802942055033327,-39.905558919813814,28.555545146594454,-390.1471027516818,-2008.7288158816139,1424.143058590131,98.2181254594343,21.662807475917628,168.41913080702957,4910.906272971712,1070.3874219565726,8427.016540351477,,,
expected_value,0.97,468006.0,0.16738902929198926,2587.8283706095613,2613.7826298145233,2586.987168427899,2179.832573775962,3022.5544610130064,92.52729044370754,77.96482492605153,108.1059766778928,0.005527679492202876,0.004661234936639148,0.006468795037801469,105949.05842139496,85609.16118879808,127765.36305065034,3789.4193757254316,3061.9339046709556,4569.710665715173,4.527679492202876,3.661234936639147,5.468795037801468,-226.08397698036424,-349.49234833954955,-98.74138190991273,100897.50115098179,94735.33804908044,107249.49761021616,-120.06290946589661,-261.13799445172987,23.434744612935685,106198.55452670518,99198.76639916585,113415.00348064676,,,
treat_all,0.97,2795918.0,1.0,2810.037978447825,3217.6354680938102,2808.3909401138117,2397.2148472386525,3269.5697497076417,100.44611251523871,85.73981237070088,116.94083122994456,0.001004461125152387,0.0008580592857033395,0.0011690069959794027,623.6470056905819,-19827.134511970737,23634.76998538208,22.305625761935147,-709.1457800969391,845.3313003236175,0.004461125152387029,-0.14194071429666058,0.1690069959794027,,,,,,,,,,,,,,,
random,0.98,2740000.0,0.980000128759141,2720.598797742521,3123.3110076305607,2719.5567617124893,2295.187067055123,3142.7954216986645,97.26883126445372,82.09064311096117,112.40656634774929,0.0009925389641286457,0.0008381691754091216,0.0011467823384555638,-1022.1619143755233,-22157.341647243862,20113.117827875958,-36.559080573018356,-792.4889659583672,719.3743817907377,-0.0074610358713541845,-0.16183082459087847,0.14678233845556368,-97.0749971358955,-149.3462785797166,-38.218063872934756,-4853.749856794777,-7465.8651792747105,-1905.1459486151377,0.0,0.0,0.0,0.0,0.0,0.0,-32.666359599046245,-81.2014607561047,26.28144776547248
response,0.98,2740000.0,0.980000128759141,2815.5098892889146,3224.95987050875,2816.631758848385,2389.2396332771555,3242.375753898941,100.7408571656388,85.45456745430859,115.96819913527295,0.0010279677952001404,0.0008717746676827507,0.0011837373120122262,3831.5879424192535,-17563.504064753,25151.560770159394,137.04221448623505,-628.1838045591109,899.5814888047287,0.027967795200140536,-0.12822533231724936,0.18373731201222604,0.0,0.0,0.0,0.0,0.0,0.0,97.0749971358955,38.218063872934756,149.3462785797166,4853.749856794777,1905.1459486151377,7465.8651792747105,,,
uplift,0.98,2740000.0,0.980000128759141,2811.203426241928,3215.1479856546484,2809.1256143756136,2385.933365918125,3233.575395249794,100.47238918936871,85.33631408067495,115.65344174077329,0.0010252283264144575,0.0008704274517610919,0.0011799012738027722,3456.2807187806757,-17758.60045409373,24651.86840540107,123.61881567272987,-635.1617055326275,881.7092777900164,0.025228326414457488,-0.12957254823890813,0.17990127380277207,-7.506144472771211,-40.98066550900053,29.442324973684915,-375.30722363857785,-2035.785775450057,1469.782498684251,89.56885266312429,22.514788177494285,149.68831897432463,4478.442633156199,1124.8569011745901,7465.95560638426,,,
expected_value,0.98,468006.0,0.16738902929198926,2587.8283706095613,2613.7826298145233,2586.987168427899,2185.666693241169,2999.8719930117322,92.52729044370754,78.17349054017926,107.29470581797221,0.005527679492202876,0.004669656049990212,0.006415550584063565,105949.05842139496,85908.49841205846,126627.15840058663,3789.4193757254316,3072.6401279314505,4529.001150984636,4.527679492202876,3.669656049990212,5.415550584063564,-229.64459042048566,-353.97269868064814,-110.95717074369693,102117.47047897571,95925.32442710927,108051.00103387228,-132.56959328459016,-269.029053470542,1.1936085686677662,106971.22033577049,100016.54971047022,113729.50957177668,,,
treat_all,0.98,2795918.0,1.0,2810.037978447825,3217.6354680938102,2808.3909401138117,2383.1331666707083,3236.249688710263,100.44611251523871,85.23616095574721,115.7490916654302,0.001004461125152387,0.0008523330395118668,0.00115817069197317,623.6470056905819,-20643.922916464588,22098.63568551313,22.305625761935147,-738.3593838039809,790.3892634016138,0.004461125152387029,-0.14766696048813327,0.1581706919731699,,,,,,,,,,,,,,,
random,0.99,2767959.0,0.9900000643795706,2765.943236224443,3170.7337103026202,2764.0267033857217,2329.9689207851957,3186.6299657899103,98.85936223400407,83.33466578008351,113.97437141539596,0.000998579351567607,0.0008415851734352268,0.0011513803166263118,-196.61483071392286,-21928.950210740222,20942.809434024774,-7.032210197649675,-784.320220075847,749.0494869314756,-0.0014206484323931305,-0.15841482656477318,0.1513803166263117,-46.35884117019623,-78.4590966883101,-8.772663875230796,-2317.942058509798,-3923.296413185666,-438.6787112037245,0.0,0.0,0.0,0.0,0.0,0.0,-16.28032732695192,-49.06940094170571,20.3913965856423
response,0.99,2767959.0,0.9900000643795706,2810.0379784478246,3219.1044520981045,2810.385544555918,2362.509610487061,3227.6758623090914,100.51745239151929,84.49853001722728,115.44243652028034,0.0010153277359079083,0.0008536060996818504,0.0011663474010599438,2121.327227795875,-20264.90818109865,23016.96186545458,75.87229767811056,-724.803380539009,823.2345106492602,0.015327735907908136,-0.14639390031814978,0.16634740105994386,0.0,0.0,0.0,0.0,0.0,0.0,46.35884117019623,8.772663875230796,78.4590966883101,2317.942058509798,438.6787112037245,3923.296413185666,,,
uplift,0.99,2767959.0,0.9900000643795706,2821.267960268738,3226.0232997252147,2818.544137953763,2370.0301335832737,3234.777991831993,100.80925613532882,84.76751226549825,115.69645432491198,0.0010182752482799646,0.0008556827467495378,0.0011680595111744465,2529.256897688145,-19994.106525893327,23270.868341599653,90.46248486858859,-715.1177726204176,832.3158383614846,0.01827524827996473,-0.14431725325046213,0.1680595111744466,8.158593397844925,-17.31360336649209,39.08472171460929,407.9296698922699,-858.9817567966412,1960.7220021820517,54.51743456804115,8.162878379002859,99.85110375992105,2725.8717284020677,403.9539189501442,4973.278243961075,,,
expected_value,0.99,468006.0,0.16738902929198926,2587.8283706095613,2613.7826298145233,2586.987168427899,2174.51404889869,2977.406358506603,92.52729044370754,77.77460028865976,106.49119031769185,0.005527679492202876,0.004652512290488887,0.006359794150978678,105949.05842139496,85340.87526871647,125487.00430533248,3789.4193757254316,3052.338275611676,4488.221911562946,4.527679492202876,3.6525122904888874,5.359794150978678,-223.39837612801875,-345.55395997029746,-93.90074623356765,103827.73119359909,97732.39311961982,110309.85663210112,-177.03953495782253,-303.1682465208829,-47.446378736156504,106145.67325210889,99758.2363583236,112554.63426121543,,,
treat_all,0.99,2795918.0,1.0,2810.037978447825,3217.6354680938102,2808.3909401138117,2360.420267693449,3224.843784899259,100.44611251523871,84.42380168851335,115.34114322734997,0.001004461125152387,0.000844213751072051,0.0011535620674544352,623.6470056905819,-21778.90536532755,21464.542994962936,22.305625761935147,-778.9536519070857,767.7100328036421,0.004461125152387029,-0.15578624892794898,0.1535620674544352,,,,,,,,,,,,,,,
random,1.0,2795918.0,1.0,2810.037978447825,3217.6354680938102,2808.3909401138117,2366.461466617397,3207.340346426474,100.44611251523871,84.6398737952042,114.71510775446468,0.001004461125152387,0.0008455761890863179,0.001146854884948335,623.6470056905819,-21609.249505704407,20507.127321323685,22.305625761935147,-772.8856678094426,733.4666939918727,0.004461125152387029,-0.1544238109136822,0.1468548849483349,0.0,0.0,0.0,0.0,0.0,0.0,0.0,0.0,0.0,0.0,0.0,0.0,0.0,0.0,0.0
response,1.0,2795918.0,1.0,2810.037978447825,3217.6354680938102,2808.3909401138117,2366.461466617397,3207.340346426474,100.44611251523871,84.6398737952042,114.71510775446468,0.001004461125152387,0.0008455761890863179,0.001146854884948335,623.6470056905819,-21609.249505704407,20507.127321323685,22.305625761935147,-772.8856678094426,733.4666939918727,0.004461125152387029,-0.1544238109136822,0.1468548849483349,0.0,0.0,0.0,0.0,0.0,0.0,0.0,0.0,0.0,0.0,0.0,0.0,,,
uplift,1.0,2795918.0,1.0,2810.037978447825,3217.6354680938102,2808.3909401138117,2366.461466617397,3207.340346426474,100.44611251523871,84.6398737952042,114.71510775446468,0.001004461125152387,0.0008455761890863179,0.001146854884948335,623.6470056905819,-21609.249505704407,20507.127321323685,22.305625761935147,-772.8856678094426,733.4666939918727,0.004461125152387029,-0.1544238109136822,0.1468548849483349,0.0,0.0,0.0,0.0,0.0,0.0,0.0,0.0,0.0,0.0,0.0,0.0,,,
expected_value,1.0,468006.0,0.16738902929198926,2587.8283706095613,2613.7826298145233,2586.987168427899,2170.059352333435,2989.298852325228,92.52729044370754,77.61527170444323,106.91654234227283,0.005527679492202876,0.004640824612954727,0.006386533178416305,105949.05842139496,85122.86386667175,126078.34136626142,3789.4193757254316,3044.540786484859,4509.371926010041,4.527679492202876,3.6408246129547264,5.386533178416306,-221.4037716859125,-348.8929553751979,-80.37988358296596,105325.41141570438,99039.42817412927,112400.1295708517,-221.4037716859125,-348.8929553751979,-80.37988358296596,105325.41141570438,99039.42817412927,112400.1295708517,,,
treat_all,1.0,2795918.0,1.0,2810.037978447825,3217.6354680938102,2808.3909401138117,2366.461466617397,3207.340346426474,100.44611251523871,84.6398737952042,114.71510775446468,0.001004461125152387,0.0008455761890863179,0.001146854884948335,623.6470056905819,-21609.249505704407,20507.127321323685,22.305625761935147,-772.8856678094426,733.4666939918727,0.004461125152387029,-0.1544238109136822,0.1468548849483349,,,,,,,,,,,,,,,
